0.09450602531433105, 0.0, 0.0, 0.0, 0.0, 0.0, 0.0, 0.0, 0.0, 0.0, 0.0, 0.0, 0.0, 0.0, 0.0
0.14260506629943848, 0.0, 0.0, 0.0, 0.0, 0.0, 0.0, 0.0, 0.0, 0.0, 0.0, 0.0, 0.0, 0.0, 0.0
0.19083809852600098, 0.0, 0.0, 0.0, 0.0, 0.0, 0.0, 0.0, 0.0, 0.0, 0.0, 0.0, 0.0, 0.0, 0.0
0.23899126052856445, 0.0, 0.0, 0.0, 0.0, 0.0, 0.0, 0.0, 0.0, 0.0, 0.0, 0.0, 0.0, 0.0, 0.0
0.2870821952819824, 0.0, 0.0, 0.0, 0.0, 0.0, 0.0, 0.0, 0.0, 0.0, 0.0, 0.0, 0.0, 0.0, 0.0
0.33525609970092773, 0.0, 0.0, 0.0, 0.0, 0.0, 0.0, 0.0, 0.0, 0.0, 0.0, 0.0, 0.0, 0.0, 0.0
0.3995702266693115, 0.0, 0.0, 0.0, 0.0, 0.0, 0.0, 0.0, 0.0, 0.0, 0.0, 0.0, 0.0, 0.0, 0.0
0.4476461410522461, 0.0, 0.0, 0.0, 0.0, 0.0, 0.0, 0.0, 0.0, 0.0, 0.0, 0.0, 0.0, 0.0, 0.0
0.49599123001098633, 0.0, 0.0, 0.0, 0.0, 0.0, 0.0, 0.0, 0.0, 0.0, 0.0, 0.0, 0.0, 0.0, 0.0
0.5440220832824707, 0.0, 0.0, 0.0, 0.0, 0.0, 0.0, 0.0, 0.0, 0.0, 0.0, 0.0, 0.0, 0.0, 0.0
0.5920822620391846, 0.0, 0.0, 0.0, 0.0, 0.0, 0.0, 0.0, 0.0, 0.0, 0.0, 0.0, 0.0, 0.0, 0.0
0.6402692794799805, 0.0, 0.0, 0.0, 0.0, 0.0, 0.0, 0.0, 0.0, 0.0, 0.0, 0.0, 0.0, 0.0, 0.0
0.7045042514801025, 0.0, 0.0, 0.0, 0.0, 0.0, 0.0, 0.0, 0.0, 0.0, 0.0, 0.0, 0.0, 0.0, 0.0
0.7526133060455322, 0.0, 0.0, 0.0, 0.0, 0.0, 0.0, 0.0, 0.0, 0.0, 0.0, 0.0, 0.0, 0.0, 0.0
0.8008122444152832, 0.0, 0.0, 0.0, 0.0, 0.0, 0.0, 0.0, 0.0, 0.0, 0.0, 0.0, 0.0, 0.0, 0.0
0.8490052223205566, 0.0, 0.0, 0.0, 0.0, 0.0, 0.0, 0.0, 0.0, 0.0, 0.0, 0.0, 0.0, 0.0, 0.0
0.897254228591919, 0.0, 0.0, 0.0, 0.0, 0.0, 0.0, 0.0, 0.0, 0.0, 0.0, 0.0, 0.0, 0.0, 0.0
0.9452722072601318, 0.0, 0.0, 0.0, 0.0, 0.0, 0.0, 0.0, 0.0, 0.0, 0.0, 0.0, 0.0, 0.0, 0.0
1.0094761848449707, 0.0, 0.0, 0.0, 0.0, 0.0, 0.0, 0.0, 0.0, 0.0, 0.0, 0.0, 0.0, 0.0, 0.0
1.0576581954956055, 0.0, 0.0, 0.0, 0.0, 0.0, 0.0, 0.0, 0.0, 0.0, 0.0, 0.0, 0.0, 0.0, 0.0
1.1058151721954346, 0.0, 0.0, 0.0, 0.0, 0.0, 0.0, 0.0, 0.0, 0.0, 0.0, 0.0, 0.0, 0.0, 0.0
1.154029130935669, 0.0, 0.0, 0.0, 0.0, 0.0, 0.0, 0.0, 0.0, 0.0, 0.0, 0.0, 0.0, 0.0, 0.0
1.202179193496704, 0.0, 0.0, 0.0, 0.0, 0.0, 0.0, 0.0, 0.0, 0.0, 0.0, 0.0, 0.0, 0.0, 0.0
1.2663891315460205, 0.0, 0.0, 0.0, 0.0, 0.0, 0.0, 0.0, 0.0, 0.0, 0.0, 0.0, 0.0, 0.0, 0.0
1.3145620822906494, 0.0, 0.0, 0.0, 0.0, 0.0, 0.0, 0.0, 0.0, 0.0, 0.0, 0.0, 0.0, 0.0, 0.0
1.3627920150756836, 0.0, 0.0, 0.0, 0.0, 0.0, 0.0, 0.0, 0.0, 0.0, 0.0, 0.0, 0.0, 0.0, 0.0
1.4109501838684082, 0.0, 0.0, 0.0, 0.0, 0.0, 0.0, 0.0, 0.0, 0.0, 0.0, 0.0, 0.0, 0.0, 0.0
1.459050178527832, 0.0, 0.0, 0.0, 0.0, 0.0, 0.0, 0.0, 0.0, 0.0, 0.0, 0.0, 0.0, 0.0, 0.0
1.507223129272461, 0.0, 0.0, 0.0, 0.0, 0.0, 0.0, 0.0, 0.0, 0.0, 0.0, 0.0, 0.0, 0.0, 0.0
1.5713469982147217, 0.0, 0.0, 0.0, 0.0, 0.0, 0.0, 0.0, 0.0, 0.0, 0.0, 0.0, 0.0, 0.0, 0.0
1.6195893287658691, 0.0, 0.0, 0.0, 0.0, 0.0, 0.0, 0.0, 0.0, 0.0, 0.0, 0.0, 0.0, 0.0, 0.0
1.6678330898284912, 0.0, 0.0, 0.0, 0.0, 0.0, 0.0, 0.0, 0.0, 0.0, 0.0, 0.0, 0.0, 0.0, 0.0
1.715907096862793, 0.0, 0.0, 0.0, 0.0, 0.0, 0.0, 0.0, 0.0, 0.0, 0.0, 0.0, 0.0, 0.0, 0.0
1.7642490863800049, 0.0, 0.0, 0.0, 0.0, 0.0, 0.0, 0.0, 0.0, 0.0, 0.0, 0.0, 0.0, 0.0, 0.0
1.8283522129058838, 0.0, 0.0, 0.0, 0.0, 0.0, 0.0, 0.0, 0.0, 0.0, 0.0, 0.0, 0.0, 0.0, 0.0
1.8763210773468018, 0.0, 0.0, 0.0, 0.0, 0.0, 0.0, 0.0, 0.0, 0.0, 0.0, 0.0, 0.0, 0.0, 0.0
1.9245822429656982, 0.0, 0.0, 0.0, 0.0, 0.0, 0.0, 0.0, 0.0, 0.0, 0.0, 0.0, 0.0, 0.0, 0.0
1.9728450775146484, 0.0, 0.0, 0.0, 0.0, 0.0, 0.0, 0.0, 0.0, 0.0, 0.0, 0.0, 0.0, 0.0, 0.0
2.0210161209106445, 0.0, 0.0, 0.0, 0.0, 0.0, 0.0, 0.0, 0.0, 0.0, 0.0, 0.0, 0.0, 0.0, 0.0
2.0691051483154297, 0.0, 0.0, 0.0, 0.0, 0.0, 0.0, 0.0, 0.0, 0.0, 0.0, 0.0, 0.0, 0.0, 0.0
2.133261203765869, 0.0, 0.0, 0.0, 0.0, 0.0, 0.0, 0.0, 0.0, 0.0, 0.0, 0.0, 0.0, 0.0, 0.0
2.181561231613159, 0.0, 0.0, 0.0, 0.0, 0.0, 0.0, 0.0, 0.0, 0.0, 0.0, 0.0, 0.0, 0.0, 0.0
2.229570150375366, 0.0, 0.0, 0.0, 0.0, 0.0, 0.0, 0.0, 0.0, 0.0, 0.0, 0.0, 0.0, 0.0, 0.0
2.2778351306915283, 0.0, 0.0, 0.0, 0.0, 0.0, 0.0, 0.0, 0.0, 0.0, 0.0, 0.0, 0.0, 0.0, 0.0
2.3259410858154297, 0.0, 0.0, 0.0, 0.0, 0.0, 0.0, 0.0, 0.0, 0.0, 0.0, 0.0, 0.0, 0.0, 0.0
2.390019178390503, 0.0, 0.0, 0.0, 0.0, 0.0, 0.0, 0.0, 0.0, 0.0, 0.0, 0.0, 0.0, 0.0, 0.0
2.438239097595215, 0.0, 0.0, 0.0, 0.0, 0.0, 0.0, 0.0, 0.0, 0.0, 0.0, 0.0, 0.0, 0.0, 0.0
2.4864602088928223, 0.0, 0.0, 0.0, 0.0, 0.0, 0.0, 0.0, 0.0, 0.0, 0.0, 0.0, 0.0, 0.0, 0.0
2.5346760749816895, 0.0, 0.0, 0.0, 0.0, 0.0, 0.0, 0.0, 0.0, 0.0, 0.0, 0.0, 0.0, 0.0, 0.0
2.5828261375427246, 0.0, 0.0, 0.0, 0.0, 0.0, 0.0, 0.0, 0.0, 0.0, 0.0, 0.0, 0.0, 0.0, 0.0
2.6309430599212646, 0.0, 0.0, 0.0, 0.0, 0.0, 0.0, 0.0, 0.0, 0.0, 0.0, 0.0, 0.0, 0.0, 0.0
2.69516921043396, 0.0, 0.0, 0.0, 0.0, 0.0, 0.0, 0.0, 0.0, 0.0, 0.0, 0.0, 0.0, 0.0, 0.0
2.743302345275879, 0.0, 0.0, 0.0, 0.0, 0.0, 0.0, 0.0, 0.0, 0.0, 0.0, 0.0, 0.0, 0.0, 0.0
2.791649103164673, 0.0, 0.0, 0.0, 0.0, 0.0, 0.0, 0.0, 0.0, 0.0, 0.0, 0.0, 0.0, 0.0, 0.0
2.8397722244262695, 0.0, 0.0, 0.0, 0.0, 0.0, 0.0, 0.0, 0.0, 0.0, 0.0, 0.0, 0.0, 0.0, 0.0
2.8878462314605713, 0.0, 0.0, 0.0, 0.0, 0.0, 0.0, 0.0, 0.0, 0.0, 0.0, 0.0, 0.0, 0.0, 0.0
2.935979127883911, 0.0, 0.0, 0.0, 0.0, 0.0, 0.0, 0.0, 0.0, 0.0, 0.0, 0.0, 0.0, 0.0, 0.0
3.000319004058838, 0.0, 0.0, 0.0, 0.0, 0.0, 0.0, 0.0, 0.0, 0.0, 0.0, 0.0, 0.0, 0.0, 0.0
3.0484421253204346, 0.0, 0.0, 0.0, 0.0, 0.0, 0.0, 0.0, 0.0, 0.0, 0.0, 0.0, 0.0, 0.0, 0.0
3.0964863300323486, 0.0, 0.0, 0.0, 0.0, 0.0, 0.0, 0.0, 0.0, 0.0, 0.0, 0.0, 0.0, 0.0, 0.0
3.1447622776031494, 0.0, 0.0, 0.0, 0.0, 0.0, 0.0, 0.0, 0.0, 0.0, 0.0, 0.0, 0.0, 0.0, 0.0
3.1928210258483887, 0.0, 0.0, 0.0, 0.0, 0.0, 0.0, 0.0, 0.0, 0.0, 0.0, 0.0, 0.0, 0.0, 0.0
3.240941047668457, 0.0, 0.0, 0.0, 0.0, 0.0, 0.0, 0.0, 0.0, 0.0, 0.0, 0.0, 0.0, 0.0, 0.0
3.3051793575286865, 0.0, 0.0, 0.0, 0.0, 0.0, 0.0, 0.0, 0.0, 0.0, 0.0, 0.0, 0.0, 0.0, 0.0
3.3533661365509033, 0.0, 0.0, 0.0, 0.0, 0.0, 0.0, 0.0, 0.0, 0.0, 0.0, 0.0, 0.0, 0.0, 0.0
3.40159010887146, 0.0, 0.0, 0.0, 0.0, 0.0, 0.0, 0.0, 0.0, 0.0, 0.0, 0.0, 0.0, 0.0, 0.0
3.449669122695923, 0.0, 0.0, 0.0, 0.0, 0.0, 0.0, 0.0, 0.0, 0.0, 0.0, 0.0, 0.0, 0.0, 0.0
3.497894287109375, 0.0, 0.0, 0.0, 0.0, 0.0, 0.0, 0.0, 0.0, 0.0, 0.0, 0.0, 0.0, 0.0, 0.0
3.546016216278076, 0.0, 0.0, 0.0, 0.0, 0.0, 0.0, 0.0, 0.0, 0.0, 0.0, 0.0, 0.0, 0.0, 0.0
3.6102521419525146, 0.0, 0.0, 0.0, 0.0, 0.0, 0.0, 0.0, 0.0, 0.0, 0.0, 0.0, 0.0, 0.0, 0.0
3.6584391593933105, 0.0, 0.0, 0.0, 0.0, 0.0, 0.0, 0.0, 0.0, 0.0, 0.0, 0.0, 0.0, 0.0, 0.0
3.7065491676330566, 0.0, 0.0, 0.0, 0.0, 0.0, 0.0, 0.0, 0.0, 0.0, 0.0, 0.0, 0.0, 0.0, 0.0
3.7547342777252197, 0.0, 0.0, 0.0, 0.0, 0.0, 0.0, 0.0, 0.0, 0.0, 0.0, 0.0, 0.0, 0.0, 0.0
3.8029000759124756, 0.0, 0.0, 0.0, 0.0, 0.0, 0.0, 0.0, 0.0, 0.0, 0.0, 0.0, 0.0, 0.0, 0.0
3.851008176803589, 0.0, 0.0, 0.0, 0.0, 0.0, 0.0, 0.0, 0.0, 0.0, 0.0, 0.0, 0.0, 0.0, 0.0
3.9152650833129883, 0.0, 0.0, 0.0, 0.0, 0.0, 0.0, 0.0, 0.0, 0.0, 0.0, 0.0, 0.0, 0.0, 0.0
3.963419198989868, 0.0, 0.0, 0.0, 0.0, 0.0, 0.0, 0.0, 0.0, 0.0, 0.0, 0.0, 0.0, 0.0, 0.0
4.011636018753052, 0.0, 0.0, 0.0, 0.0, 0.0, 0.0, 0.0, 0.0, 0.0, 0.0, 0.0, 0.0, 0.0, 0.0
4.0597851276397705, 0.0, 0.0, 0.0, 0.0, 0.0, 0.0, 0.0, 0.0, 0.0, 0.0, 0.0, 0.0, 0.0, 0.0
4.107942342758179, 0.0, 0.0, 0.0, 0.0, 0.0, 0.0, 0.0, 0.0, 0.0, 0.0, 0.0, 0.0, 0.0, 0.0
4.172255992889404, 0.0, 0.0, 0.0, 0.0, 0.0, 0.0, 0.0, 0.0, 0.0, 0.0, 0.0, 0.0, 0.0, 0.0
4.220360994338989, 0.0, 0.0, 0.0, 0.0, 0.0, 0.0, 0.0, 0.0, 0.0, 0.0, 0.0, 0.0, 0.0, 0.0
4.268461227416992, 0.0, 0.0, 0.0, 0.0, 0.0, 0.0, 0.0, 0.0, 0.0, 0.0, 0.0, 0.0, 0.0, 0.0
4.316726207733154, 0.0, 0.0, 0.0, 0.0, 0.0, 0.0, 0.0, 0.0, 0.0, 0.0, 0.0, 0.0, 0.0, 0.0
4.364782094955444, 0.0, 0.0, 0.0, 0.0, 0.0, 0.0, 0.0, 0.0, 0.0, 0.0, 0.0, 0.0, 0.0, 0.0
4.413005113601685, 0.0, 0.0, 0.0, 0.0, 0.0, 0.0, 0.0, 0.0, 0.0, 0.0, 0.0, 0.0, 0.0, 0.0
4.47722601890564, 0.0, 0.0, 0.0, 0.0, 0.0, 0.0, 0.0, 0.0, 0.0, 0.0, 0.0, 0.0, 0.0, 0.0
4.525404214859009, 0.0, 0.0, 0.0, 0.0, 0.0, 0.0, 0.0, 0.0, 0.0, 0.0, 0.0, 0.0, 0.0, 0.0
4.573512077331543, 0.0, 0.0, 0.0, 0.0, 0.0, 0.0, 0.0, 0.0, 0.0, 0.0, 0.0, 0.0, 0.0, 0.0
4.621755123138428, 0.0, 0.0, 0.0, -0.072, 0.072, 0.0, 0.0, 0.0, 0.0, 0.0, 0.0, 0.0, 0.0, 0.0
4.669809341430664, 0.0, 0.0, 0.0, -0.21, 0.21, 0.0, 0.0, 0.0, 0.0, 0.0, 0.0, 0.0, 0.0, 0.0
4.734026193618774, 0.0, 0.0, 0.0, -0.35, 0.35, 0.0, 0.0, 0.0, 0.0, 0.0, 0.0, 0.0, 0.0, 0.0
4.782185077667236, 0.0, 0.0, 0.0, -0.512, 0.512, 0.0, 0.0, 0.0, 0.0, 0.0, 0.0, 0.0, 0.0, 0.0
4.830390214920044, 0.0, 0.0, 0.0, -0.657, 0.657, 0.0, 0.0, 0.0, 0.0, 0.0, 0.0, 0.0, 0.0, 0.0
4.878575325012207, 0.0, 0.0, 0.0, -0.79, 0.79, 0.0, 0.0, 0.0, 0.0, 0.0, 0.0, 0.0, 0.0, 0.0
4.926745176315308, 0.0, 0.0, 0.0, -0.931, 0.931, 0.0, 0.0, 0.0, 0.0, 0.0, 0.0, 0.0, 0.0, 0.0
4.990934133529663, 0.0, 0.0, 0.0, -1.089, 1.089, 0.0, 0.0, 0.0, 0.0, 0.0, 0.0, 0.0, 0.0, 0.0
5.039055109024048, 0.0, 0.0, 0.0, -1.245, 1.245, 0.0, 0.0, 0.0, 0.0, 0.0, 0.0, 0.0, 0.0, 0.0
5.087200164794922, 0.0, 0.0, 0.0, -1.394, 1.394, 0.0, 0.0, 0.0, 0.0, 0.0, 0.0, 0.0, 0.0, 0.0
5.135296106338501, 0.0, 0.0, 0.0, -1.542, 1.542, 0.0, 0.0, 0.0, 0.0, 0.0, 0.0, 0.0, 0.0, 0.0
5.183551073074341, 0.0, 0.0, 0.0, -1.667, 1.667, 0.0, 0.0, 0.0, 0.0, 0.0, 0.0, 0.0, 0.0, 0.0
5.231743097305298, 0.0, 0.0, 0.0, -1.807, 1.807, 0.0, 0.0, 0.0, 0.0, 0.0, 0.0, 0.0, 0.0, 0.0
5.295974254608154, 0.0, 0.0, 0.0, -1.955, 1.955, 0.0, 0.0, 0.0, 0.0, 0.0, 0.0, 0.0, 0.0, 0.0
5.344018936157227, 0.0, 0.0, 0.0, -2.096, 2.096, 0.0, 0.0, 0.0, 0.0, 0.0, 0.0, 0.0, 0.0, 0.0
5.3923070430755615, 0.0, 0.0, 0.0, -2.238, 2.238, 0.0, 0.0, 0.0, 0.0, 0.0, 0.0, 0.0, 0.0, 0.0
5.440468072891235, 0.0, 0.0, 0.0, -2.39, 2.39, 0.0, 0.0, 0.0, 0.0, 0.0, 0.0, 0.0, 0.0, 0.0
5.488547086715698, 0.0, 0.0, 0.0, -2.54, 2.54, 0.0, 0.0, 0.0, 0.0, 0.0, 0.0, 0.0, 0.0, 0.0
5.5368452072143555, 0.0, 0.0, 0.0, -2.691, 2.691, 0.0, 0.0, 0.0, 0.0, 0.0, 0.0, 0.0, 0.0, 0.0
5.600980043411255, 0.0, 0.0, 0.0, -2.846, 2.846, 0.0, 0.0, 0.0, 0.0, 0.0, 0.0, 0.0, 0.0, 0.0
5.649150133132935, 0.0, 0.0, 0.0, -3.012, 3.012, 0.0, 0.0, 0.0, 0.0, 0.0, 0.0, 0.0, 0.0, 0.0
5.697395086288452, 0.0, 0.0, 0.0, -3.16, 3.16, 0.0, 0.0, 0.0, 0.0, 0.0, 0.0, 0.0, 0.0, 0.0
5.745450019836426, 0.0, 0.0, 0.0, -3.304, 3.304, 0.0, 0.0, 0.0, 0.0, 0.0, 0.0, 0.0, 0.0, 0.0
5.793694972991943, 0.0, 0.0, 0.0, -3.449, 3.449, 0.0, 0.0, 0.0, 0.0, 0.0, 0.0, 0.0, 0.0, 0.0
5.841814041137695, 0.0, 0.0, 0.0, -3.609, 3.609, 0.0, 0.0, 0.0, 0.0, 0.0, 0.0, 0.0, 0.0, 0.0
5.9060633182525635, 0.0, 0.0, 0.0, -3.755, 3.755, 0.0, 0.0, 0.0, 0.0, 0.0, 0.0, 0.0, 0.0, 0.0
5.954070091247559, 0.0, 0.0, 0.0, -3.9, 3.9, 0.0, 0.0, 0.0, 0.0, 0.0, 0.0, 0.0, 0.0, 0.0
6.002306222915649, 0.0, 0.0, 0.0, -4.032, 4.032, 0.0, 0.0, 0.0, 0.0, 0.0, 0.0, 0.0, 0.0, 0.0
6.05047607421875, 0.0, 0.0, 0.0, -4.18, 4.18, 0.0, 0.0, 0.0, 0.0, 0.0, 0.0, 0.0, 0.0, 0.0
6.098623037338257, 0.0, 0.0, 0.0, -4.341, 4.341, 0.0, 0.0, 0.0, 0.0, 0.0, 0.0, 0.0, 0.0, 0.0
6.162846088409424, 0.0, 0.0, 0.0, -4.492, 4.492, 0.0, 0.0, 0.0, 0.0, 0.0, 0.0, 0.0, 0.0, 0.0
6.210959196090698, 0.0, 0.0, 0.0, -4.627, 4.627, 0.0, 0.0, 0.0, 0.0, 0.0, 0.0, 0.0, 0.0, 0.0
6.259140253067017, 0.0, 0.0, 0.0, -4.78, 4.78, 0.0, 0.0, 0.0, 0.0, 0.0, 0.0, 0.0, 0.0, 0.0
6.307371139526367, 0.0, 0.0, 0.0, -4.931, 4.931, 0.0, 0.0, 0.0, 0.0, 0.0, 0.0, 0.0, 0.0, 0.0
6.355595111846924, 0.0, 0.0, 0.0, -5.08, 5.08, 0.0, 0.0, 0.0, 0.0, 0.0, 0.0, 0.0, 0.0, 0.0
6.4038331508636475, 0.0, 0.0, 0.0, -5.219, 5.219, 0.0, 0.0, 0.0, 0.0, 0.0, 0.0, 0.0, 0.0, 0.0
6.4679272174835205, 0.0, 0.0, 0.0, -5.368, 5.368, 0.0, 0.0, 0.0, 0.0, 0.0, 0.0, 0.0, 0.0, 0.0
6.516086101531982, 0.0, 0.0, 0.0, -5.517, 5.517, 0.0, 0.0, 0.0, 0.0, 0.0, 0.0, 0.0, 0.0, 0.0
6.564249277114868, 0.0, 0.0, 0.0, -5.657, 5.657, 0.0, 0.0, 0.0, 0.0, 0.0, 0.0, 0.0, 0.0, 0.0
6.612451076507568, 0.0, 0.0, 0.0, -5.821, 5.821, 0.0, 0.0, 0.0, 0.0, 0.0, 0.0, 0.0, 0.0, 0.0
6.660476207733154, 0.0, 0.0, 0.0, -5.952, 5.952, 0.0, 0.0, 0.0, 0.0, 0.0, 0.0, 0.0, 0.0, 0.0
6.708848237991333, 0.0, 0.0, 0.0, -6.104, 6.104, 0.0, 0.0, 0.0, 0.0, 0.0, 0.0, 0.0, 0.0, 0.0
6.7729651927948, 0.0, 0.0, 0.0, -6.248, 6.248, 0.0, 0.0, 0.0, 0.0, 0.0, 0.0, 0.0, 0.0, 0.0
6.821048259735107, 0.0, 0.0, 0.0, -6.411, 6.411, 0.0, 0.0, 0.0, 0.0, 0.0, 0.0, 0.0, 0.0, 0.0
6.8692121505737305, 0.0, 0.0, 0.0, -6.563, 6.563, 0.0, 0.0, 0.0, 0.0, 0.0, 0.0, 0.0, 0.0, 0.0
6.917364120483398, 0.0, 0.0, 0.0, -6.722, 6.722, 0.0, 0.0, 0.0, 0.0, 0.0, 0.0, 0.0, 0.0, 0.0
6.9655680656433105, 0.0, 0.0, 0.0, -6.87, 6.87, 0.0, 0.0, 0.0, 0.0, 0.0, 0.0, 0.0, 0.0, 0.0
7.013882160186768, 0.0, 0.0, 0.0, -7.016, 7.016, 0.0, 0.0, 0.0, 0.0, 0.0, 0.0, 0.0, 0.0, 0.0
7.077988147735596, 0.0, 0.0, 0.0, -7.158, 7.158, 0.0, 0.0, 0.0, 0.0, 0.0, 0.0, 0.0, 0.0, 0.0
7.126095294952393, 0.0, 0.0, 0.0, -7.295, 7.295, 0.0, 0.0, 0.0, 0.0, 0.0, 0.0, 0.0, 0.0, 0.0
7.174232244491577, 0.0, 0.0, 0.0, -7.46, 7.46, 0.0, 0.0, 0.0, 0.0, 0.0, 0.0, 0.0, 0.0, 0.0
7.222433090209961, 0.0, 0.0, 0.0, -7.616, 7.616, 0.0, 0.0, 0.0, 0.0, 0.0, 0.0, 0.0, 0.0, 0.0
7.270615100860596, 0.0, 0.0, 0.0, -7.761, 7.761, 0.0, 0.0, 0.0, 0.0, 0.0, 0.0, 0.0, 0.0, 0.0
7.334940195083618, 0.0, 0.0, 0.0, -7.909, 7.909, 0.0, 0.0, 0.0, 0.0, 0.0, 0.0, 0.0, 0.0, 0.0
7.382965087890625, 0.0, 0.0, 0.0, -8.057, 8.057, 0.0, 0.0, 0.0, 0.0, 0.0, 0.0, 0.0, 0.0, 0.0
7.431144952774048, 0.0, 0.0, 0.0, -8.219, 8.219, 0.0, 0.0, 0.0, 0.0, 0.0, 0.0, 0.0, 0.0, 0.0
7.479485273361206, 0.0, 0.0, 0.0, -8.382, 8.382, 0.0, 0.0, 0.0, 0.0, 0.0, 0.0, 0.0, 0.0, 0.0
7.5274412631988525, 0.0, 0.0, 0.0, -8.523, 8.523, 0.0, 0.0, 0.0, 0.0, 0.0, 0.0, 0.0, 0.0, 0.0
7.575577259063721, 0.0, 0.0, 0.0, -8.666, 8.666, 0.0, 0.0, 0.0, 0.0, 0.0, 0.0, 0.0, 0.0, 0.0
7.639816999435425, 0.0, 0.0, 0.0, -8.803, 8.803, 0.0, 0.0, 0.0, 0.0, 0.0, 0.0, 0.0, 0.0, 0.0
7.687945127487183, 0.0, 0.0, 0.0, -8.967, 8.967, 0.0, 0.0, 0.0, 0.0, 0.0, 0.0, 0.0, 0.0, 0.0
7.736155271530151, 0.0, 0.0, 0.0, -9.116, 9.116, 0.0, 0.0, 0.0, 0.0, 0.0, 0.0, 0.0, 0.0, 0.0
7.784398078918457, 0.0, 0.0, 0.0, -9.257, 9.257, 0.0, 0.0, 0.0, 0.0, 0.0, 0.0, 0.0, 0.0, 0.0
7.832560300827026, 0.0, 0.0, 0.0, -9.387, 9.387, 0.0, 0.0, 0.0, 0.0, 0.0, 0.0, 0.0, 0.0, 0.0
7.89664626121521, 0.0, 0.0, 0.0, -9.541, 9.541, 0.0, 0.0, 0.0, 0.0, 0.0, 0.0, 0.0, 0.0, 0.0
7.944761276245117, 0.0, 0.0, 0.0, -9.686, 9.686, 0.0, 0.0, 0.0, 0.0, 0.0, 0.0, 0.0, 0.0, 0.0
7.992967367172241, 0.0, 0.0, 0.0, -9.84, 9.84, 0.0, 0.0, 0.0, 0.0, 0.0, 0.0, 0.0, 0.0, 0.0
8.041123151779175, 0.0, 0.0, 0.0, -9.988, 9.988, 0.0, 0.0, 0.0, 0.0, 0.0, 0.0, 0.0, 0.0, 0.0
8.089348316192627, 0.0, 0.0, 0.0, -10.118, 10.118, 0.0, 0.0, 0.0, 0.0, 0.0, 0.0, 0.0, 0.0, 0.0
8.153534173965454, 0.0, 0.0, 0.0, -10.262, 10.262, 0.0, 0.0, 0.0, 0.0, 0.0, 0.0, 0.0, 0.0, 0.0
8.201740026473999, 0.0, 0.0, 0.0, -10.406, 10.406, 0.0, 0.0, 0.0, 0.0, 0.0, 0.0, 0.0, 0.0, 0.0
8.24985122680664, 0.0, 0.0, 0.0, -10.545, 10.545, 0.0, 0.0, 0.0, 0.0, 0.0, 0.0, 0.0, 0.0, 0.0
8.298075199127197, 0.0, 0.0, 0.0, -10.695, 10.695, 0.0, 0.0, 0.0, 0.0, 0.0, 0.0, 0.0, 0.0, 0.0
8.346210241317749, 0.0, 0.0, 0.0, -10.842, 10.842, 0.0, 0.0, 0.0, 0.0, 0.0, 0.0, 0.0, 0.0, 0.0
8.394389152526855, 0.0, 0.0, 0.0, -10.98, 10.98, 0.0, 0.0, 0.0, 0.0, 0.0, 0.0, 0.0, 0.0, 0.0
8.44250226020813, 0.0, 0.0, 0.0, -11.129, 11.129, 0.0, 0.0, 0.0, 0.0, 0.0, 0.0, 0.0, 0.0, 0.0
8.506848096847534, 0.0, 0.0, 0.0, -11.262, 11.262, 0.0, 0.0, 0.0, 0.0, 0.0, 0.0, 0.0, 0.0, 0.0
8.554842233657837, 0.0, 0.0, 0.0, -11.411, 11.411, 0.0, 0.0, 0.0, 0.0, 0.0, 0.0, 0.0, 0.0, 0.0
8.603034257888794, 0.0, 0.0, 0.0, -11.56, 11.56, 0.0, 0.0, 0.0, 0.0, 0.0, 0.0, 0.0, 0.0, 0.0
8.6512131690979, 0.0, 0.0, 0.0, -11.689, 11.689, 0.0, 0.0, 0.0, 0.0, 0.0, 0.0, 0.0, 0.0, 0.0
8.69934630393982, 0.0, 0.0, 0.0, -11.846, 11.846, 0.0, 0.0, 0.0, 0.0, 0.0, 0.0, 0.0, 0.0, 0.0
8.763514280319214, 0.0, 0.0, 0.0, -11.998, 11.998, 0.0, 0.0, 0.0, 0.0, 0.0, 0.0, 0.0, 0.0, 0.0
8.811794996261597, 0.0, 0.0, 0.0, -12.146, 12.146, 0.0, 0.0, 0.0, 0.0, 0.0, 0.0, 0.0, 0.0, 0.0
8.859964370727539, 0.0, 0.0, 0.0, -12.282, 12.282, 0.0, 0.0, 0.0, 0.0, 0.0, 0.0, 0.0, 0.0, 0.0
8.908108234405518, 0.0, 0.0, 0.0, -12.414, 12.414, 0.0, 0.0, 0.0, 0.0, 0.0, 0.0, 0.0, 0.0, 0.0
8.956254005432129, 0.0, 0.0, 0.0, -12.552, 12.552, 0.0, 0.0, 0.0, 0.0, 0.0, 0.0, 0.0, 0.0, 0.0
9.004454135894775, 0.0, 0.0, 0.0, -12.709, 12.709, 0.0, 0.0, 0.0, 0.0, 0.0, 0.0, 0.0, 0.0, 0.0
9.06865119934082, 0.0, 0.0, 0.0, -12.851, 12.851, 0.0, 0.0, 0.0, 0.0, 0.0, 0.0, 0.0, 0.0, 0.0
9.116761207580566, 0.0, 0.0, 0.0, -13.005, 13.005, 0.0, 0.0, 0.0, 0.0, 0.0, 0.0, 0.0, 0.0, 0.0
9.164928197860718, 0.0, 0.0, 0.0, -13.146, 13.146, 0.0, 0.0, 0.0, 0.0, 0.0, 0.0, 0.0, 0.0, 0.0
9.213083267211914, 0.0, 0.0, 0.0, -13.309, 13.309, 0.0, 0.0, 0.0, 0.0, 0.0, 0.0, 0.0, 0.0, 0.0
9.26128101348877, 0.0, 0.0, 0.0, -13.465, 13.465, 0.0, 0.0, 0.0, 0.0, 0.0, 0.0, 0.0, 0.0, 0.0
9.309404373168945, 0.0, 0.0, 0.0, -13.605, 13.605, 0.0, 0.0, 0.0, 0.0, 0.0, 0.0, 0.0, 0.0, 0.0
9.373643159866333, 0.0, 0.0, 0.0, -13.738, 13.738, 0.0, 0.0, 0.0, 0.0, 0.0, 0.0, 0.0, 0.0, 0.0
9.421824216842651, 0.0, 0.0, 0.0, -13.881, 13.881, 0.0, 0.0, 0.0, 0.0, 0.0, 0.0, 0.0, 0.0, 0.0
9.469980239868164, 0.0, 0.0, 0.0, -14.025, 14.025, 0.0, 0.0, 0.0, 0.0, 0.0, 0.0, 0.0, 0.0, 0.0
9.518131971359253, 0.0, 0.0, 0.0, -14.171, 14.171, 0.0, 0.0, 0.0, 0.0, 0.0, 0.0, 0.0, 0.0, 0.0
9.566295146942139, 0.0, 0.0, 0.0, -14.337, 14.337, 0.0, 0.0, 0.0, 0.0, 0.0, 0.0, 0.0, 0.0, 0.0
9.6304612159729, 0.0, 0.0, 0.0, -14.482, 14.482, 0.0, 0.0, 0.0, 0.0, 0.0, 0.0, 0.0, 0.0, 0.0
9.67870807647705, 0.0, 0.0, 0.0, -14.642, 14.642, 0.0, 0.0, 0.0, 0.0, 0.0, 0.0, 0.0, 0.0, 0.0
9.726794004440308, 0.0, 0.0, 0.0, -14.706, 14.706, 0.0, 0.0, 0.0, 0.0, 0.0, 0.0, 0.0, 0.0, 0.0
9.77500605583191, 0.0, 0.0, 0.0, -14.706, 14.706, 0.0, 0.0, 0.0, 0.0, 0.0, 0.0, 0.0, 0.0, 0.0
9.82323932647705, 0.0, 0.0, 0.0, -14.706, 14.706, 0.0, 0.0, 0.0, 0.0, 0.0, 0.0, 0.0, 0.0, 0.0
9.871350049972534, 0.0, 0.0, 0.0, -14.706, 14.706, 0.0, 0.0, 0.0, 0.0, 0.0, 0.0, 0.0, 0.0, 0.0
9.935539960861206, 0.0, 0.0, 0.0, -14.706, 14.706, 0.0, 0.0, 0.0, 0.0, 0.0, 0.0, 0.0, 0.0, 0.0
9.983811140060425, 0.0, 0.0, 0.0, -14.706, 14.706, 0.0, 0.0, 0.0, 0.0, 0.0, 0.0, 0.0, 0.0, 0.0
10.031870126724243, 0.0, 0.0, 0.0, -14.706, 14.706, 0.0, 0.0, 0.0, 0.0, 0.0, 0.0, 0.0, 0.0, 0.0
10.079981088638306, 0.0, 0.0, 0.0, -14.706, 14.706, 0.0, 0.0, 0.0, 0.0, 0.0, 0.0, 0.0, 0.0, 0.0
10.128140211105347, 0.0, 0.0, 0.0, -14.706, 14.706, 0.0, 0.0, 0.0, 0.0, 0.0, 0.0, 0.0, 0.0, 0.0
10.192365169525146, 0.0, 0.0, 0.0, -14.706, 14.706, 0.0, 0.0, 0.0, 0.0, 0.0, 0.0, 0.0, 0.0, 0.0
10.240576028823853, 0.0, 0.0, 0.0, -14.706, 14.706, 0.0, 0.0, 0.0, 0.0, 0.0, 0.0, 0.0, 0.0, 0.0
10.288769245147705, 0.0, 0.0, 0.0, -14.706, 14.706, 0.0, 0.0, 0.0, 0.0, 0.0, 0.0, 0.0, 0.0, 0.0
10.336885213851929, 0.0, 0.0, 0.0, -14.706, 14.706, 0.0, 0.0, 0.0, 0.0, 0.0, 0.0, 0.0, 0.0, 0.0
10.385029315948486, 0.0, 0.0, 0.0, -14.706, 14.706, 0.0, 0.0, 0.0, 0.0, 0.0, 0.0, 0.0, 0.0, 0.0
10.43321704864502, 0.0, 0.0, 0.0, -14.706, 14.706, 0.0, 0.0, 0.0, 0.0, 0.0, 0.0, 0.0, 0.0, 0.0
10.497458934783936, 0.0, 0.0, 0.0, -14.706, 14.706, 0.0, 0.0, 0.0, 0.0, 0.0, 0.0, 0.0, 0.0, 0.0
10.545555114746094, 0.0, 0.0, 0.0, -14.706, 14.706, 0.0, 0.0, 0.0, 0.0, 0.0, 0.0, 0.0, 0.0, 0.0
10.593729019165039, 0.0, 0.0, 0.0, -14.706, 14.706, 0.0, 0.0, 0.0, 0.0, 0.0, 0.0, 0.0, 0.0, 0.0
10.64187216758728, 0.0, 0.0, 0.0, -14.706, 14.706, 0.0, 0.0, 0.0, 0.0, 0.0, 0.0, 0.0, 0.0, 0.0
10.690026044845581, 0.0, 0.0, 0.0, -14.706, 14.706, 0.0, 0.0, 0.0, 0.0, 0.0, 0.0, 0.0, 0.0, 0.0
10.738226175308228, 0.0, 0.0, 0.0, -14.706, 14.706, 0.0, 0.0, 0.0, 0.0, 0.0, 0.0, 0.0, 0.0, 0.0
10.802414178848267, 0.0, 0.0, 0.0, -14.706, 14.706, 0.0, 0.0, 0.0, 0.0, 0.0, 0.0, 0.0, 0.0, 0.0
10.850576162338257, 0.0, 0.0, 0.0, -14.706, 14.706, 0.0, 0.0, 0.0, 0.0, 0.0, 0.0, 0.0, 0.0, 0.0
10.898807048797607, 0.0, 0.0, 0.0, -14.706, 14.706, 0.0, 0.0, 0.0, 0.0, 0.0, 0.0, 0.0, 0.0, 0.0
10.94691514968872, 0.0, 0.0, 0.0, -14.706, 14.706, 0.0, 0.0, 0.0, 0.0, 0.0, 0.0, 0.0, 0.0, 0.0
10.995122194290161, 0.0, 0.0, 0.0, -14.706, 14.706, 0.0, 0.0, 0.0, 0.0, 0.0, 0.0, 0.0, 0.0, 0.0
11.059279203414917, 0.0, 0.0, 0.0, -14.706, 14.706, 0.0, 0.0, 0.0, 0.0, 0.0, 0.0, 0.0, 0.0, 0.0
11.107445001602173, 0.0, 0.0, 0.0, -14.706, 14.706, 0.0, 0.0, 0.0, 0.0, 0.0, 0.0, 0.0, 0.0, 0.0
11.155625104904175, 0.0, 0.0, 0.0, -14.706, 14.706, 0.0, 0.0, 0.0, 0.0, 0.0, 0.0, 0.0, 0.0, 0.0
11.203802108764648, 0.0, 0.0, 0.0, -14.706, 14.706, 0.0, 0.0, 0.0, 0.0, 0.0, 0.0, 0.0, 0.0, 0.0
11.251985311508179, 0.0, 0.0, 0.0, -14.706, 14.706, 0.0, 0.0, 0.0, 0.0, 0.0, 0.0, 0.0, 0.0, 0.0
11.316234111785889, 0.0, 0.0, 0.0, -14.706, 14.706, 0.0, 0.0, 0.0, 0.0, 0.0, 0.0, 0.0, 0.0, 0.0
11.364334106445312, 0.0, 0.0, 0.0, -14.706, 14.706, 0.0, 0.0, 0.0, 0.0, 0.0, 0.0, 0.0, 0.0, 0.0
11.412595987319946, 0.0, 0.0, 0.0, -14.706, 14.706, 0.0, 0.0, 0.0, 0.0, 0.0, 0.0, 0.0, 0.0, 0.0
11.460655212402344, 0.0, 0.0, 0.0, -14.706, 14.706, 0.0, 0.0, 0.0, 0.0, 0.0, 0.0, 0.0, 0.0, 0.0
11.508898258209229, 0.0, 0.0, 0.0, -14.706, 14.706, 0.0, 0.0, 0.0, 0.0, 0.0, 0.0, 0.0, 0.0, 0.0
11.557093143463135, 0.0, 0.0, 0.0, -14.706, 14.706, 0.0, 0.0, 0.0, 0.0, 0.0, 0.0, 0.0, 0.0, 0.0
11.621158361434937, 0.0, 0.0, 0.0, -14.706, 14.706, 0.0, 0.0, 0.0, 0.0, 0.0, 0.0, 0.0, 0.0, 0.0
11.669332027435303, 0.0, 0.0, 0.0, -14.706, 14.706, 0.0, 0.0, 0.0, 0.0, 0.0, 0.0, 0.0, 0.0, 0.0
11.71755313873291, 0.0, 0.0, 0.0, -14.706, 14.706, 0.0, 0.0, 0.0, 0.0, 0.0, 0.0, 0.0, 0.0, 0.0
11.765736103057861, 0.0, 0.0, 0.0, -14.706, 14.706, 0.0, 0.0, 0.0, 0.0, 0.0, 0.0, 0.0, 0.0, 0.0
11.813942193984985, 0.0, 0.0, 0.0, -14.706, 14.706, 0.0, 0.0, 0.0, 0.0, 0.0, 0.0, 0.0, 0.0, 0.0
11.861995220184326, 0.0, 0.0, 0.0, -14.706, 14.706, 0.0, 0.0, 0.0, 0.0, 0.0, 0.0, 0.0, 0.0, 0.0
11.926234245300293, 0.0, 0.0, 0.0, -14.706, 14.706, 0.0, 0.0, 0.0, 0.0, 0.0, 0.0, 0.0, 0.0, 0.0
11.974424123764038, 0.0, 0.0, 0.0, -14.706, 14.706, 0.0, 0.0, 0.0, 0.0, 0.0, 0.0, 0.0, 0.0, 0.0
12.022441148757935, 0.0, 0.0, 0.0, -14.706, 14.706, 0.0, 0.0, 0.0, 0.0, 0.0, 0.0, 0.0, 0.0, 0.0
12.070674180984497, 0.0, 0.0, 0.0, -14.706, 14.706, 0.0, 0.0, 0.0, 0.0, 0.0, 0.0, 0.0, 0.0, 0.0
12.118836164474487, 0.0, 0.0, 0.0, -14.706, 14.706, 0.0, 0.0, 0.0, 0.0, 0.0, 0.0, 0.0, 0.0, 0.0
12.166972160339355, 0.0, 0.0, 0.0, -14.706, 14.706, 0.0, 0.0, 0.0, 0.0, 0.0, 0.0, 0.0, 0.0, 0.0
12.231261014938354, 0.0, 0.0, 0.0, -14.706, 14.706, 0.0, 0.0, 0.0, 0.0, 0.0, 0.0, 0.0, 0.0, 0.0
12.279345273971558, 0.0, 0.0, 0.0, -14.706, 14.706, 0.0, 0.0, 0.0, 0.0, 0.0, 0.0, 0.0, 0.0, 0.0
12.327545166015625, 0.0, 0.0, 0.0, -14.706, 14.706, 0.0, 0.0, 0.0, 0.0, 0.0, 0.0, 0.0, 0.0, 0.0
12.375713109970093, 0.0, 0.0, 0.0, -14.706, 14.706, 0.0, 0.0, 0.0, 0.0, 0.0, 0.0, 0.0, 0.0, 0.0
12.423861026763916, 0.0, 0.0, 0.0, -14.706, 14.706, 0.0, 0.0, 0.0, 0.0, 0.0, 0.0, 0.0, 0.0, 0.0
12.47196912765503, 0.0, 0.0, 0.0, -14.706, 14.706, 0.0, 0.0, 0.0, 0.0, 0.0, 0.0, 0.0, 0.0, 0.0
12.53624415397644, 0.0, 0.0, 0.0, -14.706, 14.706, 0.0, 0.0, 0.0, 0.0, 0.0, 0.0, 0.0, 0.0, 0.0
12.584401369094849, 0.0, 0.0, 0.0, -14.706, 14.706, 0.0, 0.0, 0.0, 0.0, 0.0, 0.0, 0.0, 0.0, 0.0
12.632627964019775, 0.0, 0.0, 0.0, -14.706, 14.706, 0.0, 0.0, 0.0, 0.0, 0.0, 0.0, 0.0, 0.0, 0.0
12.680773258209229, 0.0, 0.0, 0.0, -14.706, 14.706, 0.0, 0.0, 0.0, 0.0, 0.0, 0.0, 0.0, 0.0, 0.0
12.728878259658813, 0.0, 0.0, 0.0, -14.706, 14.706, 0.0, 0.0, 0.0, 0.0, 0.0, 0.0, 0.0, 0.0, 0.0
12.79314923286438, 0.0, 0.0, 0.0, -14.706, 14.706, 0.0, 0.0, 0.0, 0.0, 0.0, 0.0, 0.0, 0.0, 0.0
12.841312170028687, 0.0, 0.0, 0.0, -14.706, 14.706, 0.0, 0.0, 0.0, 0.0, 0.0, 0.0, 0.0, 0.0, 0.0
12.889502048492432, 0.0, 0.0, 0.0, -14.706, 14.706, 0.0, 0.0, 0.0, 0.0, 0.0, 0.0, 0.0, 0.0, 0.0
12.93763017654419, 0.0, 0.0, 0.0, -14.706, 14.706, 0.0, 0.0, 0.0, 0.0, 0.0, 0.0, 0.0, 0.0, 0.0
12.98576807975769, 0.0, 0.0, 0.0, -14.706, 14.706, 0.0, 0.0, 0.0, 0.0, 0.0, 0.0, 0.0, 0.0, 0.0
13.033993005752563, 0.0, 0.0, 0.0, -14.706, 14.706, 0.0, 0.0, 0.0, 0.0, 0.0, 0.0, 0.0, 0.0, 0.0
13.098150253295898, 0.0, 0.0, 0.0, -14.706, 14.706, 0.0, 0.0, 0.0, 0.0, 0.0, 0.0, 0.0, 0.0, 0.0
13.146329164505005, 0.0, 0.0, 0.0, -14.706, 14.706, 0.0, 0.0, 0.0, 0.0, 0.0, 0.0, 0.0, 0.0, 0.0
13.194504022598267, 0.0, 0.0, 0.0, -14.706, 14.706, 0.0, 0.0, 0.0, 0.0, 0.0, 0.0, 0.0, 0.0, 0.0
13.242614030838013, 0.0, 0.0, 0.0, -14.706, 14.706, 0.0, 0.0, 0.0, 0.0, 0.0, 0.0, 0.0, 0.0, 0.0
13.29075002670288, 0.0, 0.0, 0.0, -14.706, 14.706, 0.0, 0.0, 0.0, 0.0, 0.0, 0.0, 0.0, 0.0, 0.0
13.338903188705444, 0.0, 0.0, 0.0, -14.706, 14.706, 0.0, 0.0, 0.0, 0.0, 0.0, 0.0, 0.0, 0.0, 0.0
13.40316128730774, 0.0, 0.0, 0.0, -14.706, 14.706, 0.0, 0.0, 0.0, 0.0, 0.0, 0.0, 0.0, 0.0, 0.0
13.451295137405396, 0.0, 0.0, 0.0, -14.706, 14.706, 0.0, 0.0, 0.0, 0.0, 0.0, 0.0, 0.0, 0.0, 0.0
13.499466180801392, 0.0, 0.0, 0.0, -14.706, 14.706, 0.0, 0.0, 0.0, 0.0, 0.0, 0.0, 0.0, 0.0, 0.0
13.547725200653076, 0.0, 0.0, 0.0, -14.706, 14.706, 0.0, 0.0, 0.0, 0.0, 0.0, 0.0, 0.0, 0.0, 0.0
13.595882177352905, 0.0, 0.0, 0.0, -14.706, 14.706, 0.0, 0.0, 0.0, 0.0, 0.0, 0.0, 0.0, 0.0, 0.0
13.66004204750061, 0.0, 0.0, 0.0, -14.706, 14.706, 0.0, 0.0, 0.0, 0.0, 0.0, 0.0, 0.0, 0.0, 0.0
13.70825719833374, 0.0, 0.0, 0.0, -14.706, 14.706, 0.0, 0.0, 0.0, 0.0, 0.0, 0.0, 0.0, 0.0, 0.0
13.756272315979004, 0.0, 0.0, 0.0, -14.706, 14.706, 0.0, 0.0, 0.0, 0.0, 0.0, 0.0, 0.0, 0.0, 0.0
13.804511070251465, 0.0, 0.0, 0.0, -14.706, 14.706, 0.0, 0.0, 0.0, 0.0, 0.0, 0.0, 0.0, 0.0, 0.0
13.852747201919556, 0.0, 0.0, 0.0, -14.706, 14.706, 0.0, 0.0, 0.0, 0.0, 0.0, 0.0, 0.0, 0.0, 0.0
13.900767087936401, 0.0, 0.0, 0.0, -14.706, 14.706, 0.0, 0.0, 0.0, 0.0, 0.0, 0.0, 0.0, 0.0, 0.0
13.965001106262207, 0.0, 0.0, 0.0, -14.706, 14.706, 0.0, 0.0, 0.0, 0.0, 0.0, 0.0, 0.0, 0.0, 0.0
14.013264179229736, 0.0, 0.0, 0.0, -14.706, 14.706, 0.0, 0.0, 0.0, 0.0, 0.0, 0.0, 0.0, 0.0, 0.0
14.061341047286987, 0.0, 0.0, 0.0, -14.706, 14.706, 0.0, 0.0, 0.0, 0.0, 0.0, 0.0, 0.0, 0.0, 0.0
14.10952115058899, 0.0, 0.0, 0.0, -14.706, 14.706, 0.0, 0.0, 0.0, 0.0, 0.0, 0.0, 0.0, 0.0, 0.0
14.15771222114563, 0.0, 0.0, 0.0, -14.706, 14.706, 0.0, 0.0, 0.0, 0.0, 0.0, 0.0, 0.0, 0.0, 0.0
14.221911191940308, 0.0, 0.0, 0.0, -14.706, 14.706, 0.0, 0.0, 0.0, 0.0, 0.0, 0.0, 0.0, 0.0, 0.0
14.270031213760376, 0.0, 0.0, 0.0, -14.706, 14.706, 0.0, 0.0, 0.0, 0.0, 0.0, 0.0, 0.0, 0.0, 0.0
14.31824517250061, 0.0, 0.0, 0.0, -14.706, 14.706, 0.0, 0.0, 0.0, 0.0, 0.0, 0.0, 0.0, 0.0, 0.0
14.366405248641968, 0.0, 0.0, 0.0, -14.706, 14.706, 0.0, 0.0, 0.0, 0.0, 0.0, 0.0, 0.0, 0.0, 0.0
14.414531230926514, 0.0, 0.0, 0.0, -14.706, 14.706, 0.0, 0.0, 0.0, 0.0, 0.0, 0.0, 0.0, 0.0, 0.0
14.462730169296265, 0.0, 0.0, 0.0, -14.706, 14.706, 0.0, 0.0, 0.0, 0.0, 0.0, 0.0, 0.0, 0.0, 0.0
14.526971340179443, 0.0, 0.0, 0.0, -14.706, 14.706, 0.0, 0.0, 0.0, 0.0, 0.0, 0.0, 0.0, 0.0, 0.0
14.575078248977661, 0.0, 0.0, 0.0, -14.706, 14.706, 0.0, 0.0, 0.0, 0.0, 0.0, 0.0, 0.0, 0.0, 0.0
14.623307228088379, 0.0, 0.0, 0.0, -14.706, 14.706, 0.0, 0.0, 0.0, 0.0, 0.0, 0.0, 0.0, 0.0, 0.0
14.671390056610107, 0.0, 0.0, 0.0, -14.706, 14.706, 0.0, 0.0, 0.0, 0.0, 0.0, 0.0, 0.0, 0.0, 0.0
14.719590187072754, 0.0, 0.0, 0.0, -14.706, 14.706, 0.0, 0.0, 0.0, 0.0, 0.0, 0.0, 0.0, 0.0, 0.0
14.783804178237915, 0.0, 0.0, 0.0, -14.706, 14.706, 0.0, 0.0, 0.0, 0.0, 0.0, 0.0, 0.0, 0.0, 0.0
14.831984281539917, 0.0, 0.0, 0.0, -14.779, 14.779, 0.0, 0.0, 0.0, 0.0, 0.0, 0.0, 0.0, 0.0, 0.0
14.880080223083496, 0.0, 0.0, 0.0, -14.937, 14.937, 0.0, 0.0, 0.0, 0.0, 0.0, 0.0, 0.0, 0.0, 0.0
14.928237199783325, 0.0, 0.0, 0.0, -15.081, 15.081, 0.0, 0.0, 0.0, 0.0, 0.0, 0.0, 0.0, 0.0, 0.0
14.976429224014282, 0.0, 0.0, 0.0, -15.219, 15.219, 0.0, 0.0, 0.0, 0.0, 0.0, 0.0, 0.0, 0.0, 0.0
15.040718078613281, 0.0, 0.0, 0.0, -15.368, 15.368, 0.0, 0.0, 0.0, 0.0, 0.0, 0.0, 0.0, 0.0, 0.0
15.08885407447815, 0.0, 0.0, 0.0, -15.519, 15.519, 0.0, 0.0, 0.0, 0.0, 0.0, 0.0, 0.0, 0.0, 0.0
15.136961221694946, 0.0, 0.0, 0.0, -15.652, 15.652, 0.0, 0.0, 0.0, 0.0, 0.0, 0.0, 0.0, 0.0, 0.0
15.185144186019897, 0.0, 0.0, 0.0, -15.805, 15.805, 0.0, 0.0, 0.0, 0.0, 0.0, 0.0, 0.0, 0.0, 0.0
15.233313083648682, 0.0, 0.0, 0.0, -15.952, 15.952, 0.0, 0.0, 0.0, 0.0, 0.0, 0.0, 0.0, 0.0, 0.0
15.297482013702393, 0.0, 0.0, 0.0, -16.092, 16.092, 0.0, 0.0, 0.0, 0.0, 0.0, 0.0, 0.0, 0.0, 0.0
15.345815181732178, 0.0, 0.0, 0.0, -16.252, 16.252, 0.0, 0.0, 0.0, 0.0, 0.0, 0.0, 0.0, 0.0, 0.0
15.393904209136963, 0.0, 0.0, 0.0, -16.404, 16.404, 0.0, 0.0, 0.0, 0.0, 0.0, 0.0, 0.0, 0.0, 0.0
15.441964149475098, 0.0, 0.0, 0.0, -16.542, 16.542, 0.0, 0.0, 0.0, 0.0, 0.0, 0.0, 0.0, 0.0, 0.0
15.490126132965088, 0.0, 0.0, 0.0, -16.679, 16.679, 0.0, 0.0, 0.0, 0.0, 0.0, 0.0, 0.0, 0.0, 0.0
15.53833818435669, 0.0, 0.0, 0.0, -16.823, 16.823, 0.0, 0.0, 0.0, 0.0, 0.0, 0.0, 0.0, 0.0, 0.0
15.586416244506836, 0.0, 0.0, 0.0, -16.979, 16.979, 0.0, 0.0, 0.0, 0.0, 0.0, 0.0, 0.0, 0.0, 0.0
15.650615215301514, 0.0, 0.0, 0.0, -17.131, 17.131, 0.0, 0.0, 0.0, 0.0, 0.0, 0.0, 0.0, 0.0, 0.0
15.698909044265747, 0.0, 0.0, 0.0, -17.27, 17.27, 0.0, 0.0, 0.0, 0.0, 0.0, 0.0, 0.0, 0.0, 0.0
15.746960163116455, 0.0, 0.0, 0.0, -17.413, 17.413, 0.0, 0.0, 0.0, 0.0, 0.0, 0.0, 0.0, 0.0, 0.0
15.795174360275269, 0.0, 0.0, 0.0, -17.569, 17.569, 0.0, 0.0, 0.0, 0.0, 0.0, 0.0, 0.0, 0.0, 0.0
15.843260288238525, 0.0, 0.0, 0.0, -17.716, 17.716, 0.0, 0.0, 0.0, 0.0, 0.0, 0.0, 0.0, 0.0, 0.0
15.90755319595337, 0.0, 0.0, 0.0, -17.87, 17.87, 0.0, 0.0, 0.0, 0.0, 0.0, 0.0, 0.0, 0.0, 0.0
15.95571517944336, 0.0, 0.0, 0.0, -18.018, 18.018, 0.0, 0.0, 0.0, 0.0, 0.0, 0.0, 0.0, 0.0, 0.0
16.003863096237183, 0.0, 0.0, 0.0, -18.153, 18.153, 0.0, 0.0, 0.0, 0.0, 0.0, 0.0, 0.0, 0.0, 0.0
16.05208921432495, 0.0, 0.0, 0.0, -18.298, 18.298, 0.0, 0.0, 0.0, 0.0, 0.0, 0.0, 0.0, 0.0, 0.0
16.100207328796387, 0.0, 0.0, 0.0, -18.453, 18.453, 0.0, 0.0, 0.0, 0.0, 0.0, 0.0, 0.0, 0.0, 0.0
16.148412227630615, 0.0, 0.0, 0.0, -18.602, 18.602, 0.0, 0.0, 0.0, 0.0, 0.0, 0.0, 0.0, 0.0, 0.0
16.212605953216553, 0.0, 0.0, 0.0, -18.76, 18.76, 0.0, 0.0, 0.0, 0.0, 0.0, 0.0, 0.0, 0.0, 0.0
16.260704040527344, 0.0, 0.0, 0.0, -18.924, 18.924, 0.0, 0.0, 0.0, 0.0, 0.0, 0.0, 0.0, 0.0, 0.0
16.308995246887207, 0.0, 0.0, 0.0, -19.089, 19.089, 0.0, 0.0, 0.0, 0.0, 0.0, 0.0, 0.0, 0.0, 0.0
16.357080221176147, 0.0, 0.0, 0.0, -19.234, 19.234, 0.0, 0.0, 0.0, 0.0, 0.0, 0.0, 0.0, 0.0, 0.0
16.405277967453003, 0.0, 0.0, 0.0, -19.369, 19.369, 0.0, 0.0, 0.0, 0.0, 0.0, 0.0, 0.0, 0.0, 0.0
16.453452110290527, 0.0, 0.0, 0.0, -19.518, 19.518, 0.0, 0.0, 0.0, 0.0, 0.0, 0.0, 0.0, 0.0, 0.0
16.517751216888428, 0.0, 0.0, 0.0, -19.675, 19.675, 0.0, 0.0, 0.0, 0.0, 0.0, 0.0, 0.0, 0.0, 0.0
16.565843105316162, 0.0, 0.0, 0.0, -19.816, 19.816, 0.0, 0.0, 0.0, 0.0, 0.0, 0.0, 0.0, 0.0, 0.0
16.613909006118774, 0.0, 0.0, 0.0, -19.953, 19.953, 0.0, 0.0, 0.0, 0.0, 0.0, 0.0, 0.0, 0.0, 0.0
16.662079095840454, 0.0, 0.0, 0.0, -20.102, 20.102, 0.0, 0.0, 0.0, 0.0, 0.0, 0.0, 0.0, 0.0, 0.0
16.710265159606934, 0.0, 0.0, 0.0, -20.258, 20.258, 0.0, 0.0, 0.0, 0.0, 0.0, 0.0, 0.0, 0.0, 0.0
16.758435249328613, 0.0, 0.0, 0.0, -20.415, 20.415, 0.0, 0.0, 0.0, 0.0, 0.0, 0.0, 0.0, 0.0, 0.0
16.822625160217285, 0.0, 0.0, 0.0, -20.565, 20.565, 0.0, 0.0, 0.0, 0.0, 0.0, 0.0, 0.0, 0.0, 0.0
16.87081027030945, 0.0, 0.0, 0.0, -20.704, 20.704, 0.0, 0.0, 0.0, 0.0, 0.0, 0.0, 0.0, 0.0, 0.0
16.918976068496704, 0.0, 0.0, 0.0, -20.849, 20.849, 0.0, 0.0, 0.0, 0.0, 0.0, 0.0, 0.0, 0.0, 0.0
16.967125177383423, 0.0, 0.0, 0.0, -20.983, 20.983, 0.0, 0.0, 0.0, 0.0, 0.0, 0.0, 0.0, 0.0, 0.0
17.015369176864624, 0.0, 0.0, 0.0, -21.138, 21.138, 0.0, 0.0, 0.0, 0.0, 0.0, 0.0, 0.0, 0.0, 0.0
17.063448190689087, 0.0, 0.0, 0.0, -21.273, 21.273, 0.0, 0.0, 0.0, 0.0, 0.0, 0.0, 0.0, 0.0, 0.0
17.12767004966736, 0.0, 0.0, 0.0, -21.414, 21.414, 0.0, 0.0, 0.0, 0.0, 0.0, 0.0, 0.0, 0.0, 0.0
17.17585515975952, 0.0, 0.0, 0.0, -21.559, 21.559, 0.0, 0.0, 0.0, 0.0, 0.0, 0.0, 0.0, 0.0, 0.0
17.223953247070312, 0.0, 0.0, 0.0, -21.714, 21.714, 0.0, 0.0, 0.0, 0.0, 0.0, 0.0, 0.0, 0.0, 0.0
17.272175312042236, 0.0, 0.0, 0.0, -21.866, 21.866, 0.0, 0.0, 0.0, 0.0, 0.0, 0.0, 0.0, 0.0, 0.0
17.320330142974854, 0.0, 0.0, 0.0, -22.013, 22.013, 0.0, 0.0, 0.0, 0.0, 0.0, 0.0, 0.0, 0.0, 0.0
17.38454031944275, 0.0, 0.0, 0.0, -22.147, 22.147, 0.0, 0.0, 0.0, 0.0, 0.0, 0.0, 0.0, 0.0, 0.0
17.432716131210327, 0.0, 0.0, 0.0, -22.293, 22.293, 0.0, 0.0, 0.0, 0.0, 0.0, 0.0, 0.0, 0.0, 0.0
17.480887174606323, 0.0, 0.0, 0.0, -22.436, 22.436, 0.0, 0.0, 0.0, 0.0, 0.0, 0.0, 0.0, 0.0, 0.0
17.52915620803833, 0.0, 0.0, 0.0, -22.573, 22.573, 0.0, 0.0, 0.0, 0.0, 0.0, 0.0, 0.0, 0.0, 0.0
17.577221155166626, 0.0, 0.0, 0.0, -22.71, 22.71, 0.0, 0.0, 0.0, 0.0, 0.0, 0.0, 0.0, 0.0, 0.0
17.64135503768921, 0.0, 0.0, 0.0, -22.856, 22.856, 0.0, 0.0, 0.0, 0.0, 0.0, 0.0, 0.0, 0.0, 0.0
17.68950915336609, 0.0, 0.0, 0.0, -23.011, 23.011, 0.0, 0.0, 0.0, 0.0, 0.0, 0.0, 0.0, 0.0, 0.0
17.737680196762085, 0.0, 0.0, 0.0, -23.144, 23.144, 0.0, 0.0, 0.0, 0.0, 0.0, 0.0, 0.0, 0.0, 0.0
17.786025047302246, 0.0, 0.0, 0.0, -23.289, 23.289, 0.0, 0.0, 0.0, 0.0, 0.0, 0.0, 0.0, 0.0, 0.0
17.83407711982727, 0.0, 0.0, 0.0, -23.439, 23.439, 0.0, 0.0, 0.0, 0.0, 0.0, 0.0, 0.0, 0.0, 0.0
17.882174015045166, 0.0, 0.0, 0.0, -23.576, 23.576, 0.0, 0.0, 0.0, 0.0, 0.0, 0.0, 0.0, 0.0, 0.0
17.946364164352417, 0.0, 0.0, 0.0, -23.728, 23.728, 0.0, 0.0, 0.0, 0.0, 0.0, 0.0, 0.0, 0.0, 0.0
17.99456000328064, 0.0, 0.0, 0.0, -23.873, 23.873, 0.0, 0.0, 0.0, 0.0, 0.0, 0.0, 0.0, 0.0, 0.0
18.042744159698486, 0.0, 0.0, 0.0, -24.006, 24.006, 0.0, 0.0, 0.0, 0.0, 0.0, 0.0, 0.0, 0.0, 0.0
18.090888023376465, 0.0, 0.0, 0.0, -24.135, 24.135, 0.0, 0.0, 0.0, 0.0, 0.0, 0.0, 0.0, 0.0, 0.0
18.139026165008545, 0.0, 0.0, 0.0, -24.275, 24.275, 0.0, 0.0, 0.0, 0.0, 0.0, 0.0, 0.0, 0.0, 0.0
18.187193155288696, 0.0, 0.0, 0.0, -24.435, 24.435, 0.0, 0.0, 0.0, 0.0, 0.0, 0.0, 0.0, 0.0, 0.0
18.251363277435303, 0.0, 0.0, 0.0, -24.593, 24.593, 0.0, 0.0, 0.0, 0.0, 0.0, 0.0, 0.0, 0.0, 0.0
18.299633264541626, 0.0, 0.0, 0.0, -24.727, 24.727, 0.0, 0.0, 0.0, 0.0, 0.0, 0.0, 0.0, 0.0, 0.0
18.347731113433838, 0.0, 0.0, 0.0, -24.877, 24.877, 0.0, 0.0, 0.0, 0.0, 0.0, 0.0, 0.0, 0.0, 0.0
18.395962238311768, 0.0, 0.0, 0.0, -25.029, 25.029, 0.0, 0.0, 0.0, 0.0, 0.0, 0.0, 0.0, 0.0, 0.0
18.444064140319824, 0.0, 0.0, 0.0, -25.176, 25.176, 0.0, 0.0, 0.0, 0.0, 0.0, 0.0, 0.0, 0.0, 0.0
18.5082790851593, 0.0, 0.0, 0.0, -25.347, 25.347, 0.0, 0.0, 0.0, 0.0, 0.0, 0.0, 0.0, 0.0, 0.0
18.55650305747986, 0.0, 0.0, 0.0, -25.491, 25.491, 0.0, 0.0, 0.0, 0.0, 0.0, 0.0, 0.0, 0.0, 0.0
18.604583263397217, 0.0, 0.0, 0.0, -25.629, 25.629, 0.0, 0.0, 0.0, 0.0, 0.0, 0.0, 0.0, 0.0, 0.0
18.652849197387695, 0.0, 0.0, 0.0, -25.774, 25.774, 0.0, 0.0, 0.0, 0.0, 0.0, 0.0, 0.0, 0.0, 0.0
18.70094323158264, 0.0, 0.0, 0.0, -25.925, 25.925, 0.0, 0.0, 0.0, 0.0, 0.0, 0.0, 0.0, 0.0, 0.0
18.74913716316223, 0.0, 0.0, 0.0, -26.079, 26.079, 0.0, 0.0, 0.0, 0.0, 0.0, 0.0, 0.0, 0.0, 0.0
18.813131093978882, 0.0, 0.0, 0.0, -26.214, 26.214, 0.0, 0.0, 0.0, 0.0, 0.0, 0.0, 0.0, 0.0, 0.0
18.861485242843628, 0.0, 0.0, 0.0, -26.357, 26.357, 0.0, 0.0, 0.0, 0.0, 0.0, 0.0, 0.0, 0.0, 0.0
18.909614086151123, 0.0, 0.0, 0.0, -26.498, 26.498, 0.0, 0.0, 0.0, 0.0, 0.0, 0.0, 0.0, 0.0, 0.0
18.957839250564575, 0.0, 0.0, 0.0, -26.637, 26.637, 0.0, 0.0, 0.0, 0.0, 0.0, 0.0, 0.0, 0.0, 0.0
19.006012201309204, 0.0, 0.0, 0.0, -26.789, 26.789, 0.0, 0.0, 0.0, 0.0, 0.0, 0.0, 0.0, 0.0, 0.0
19.05411410331726, 0.0, 0.0, 0.0, -26.925, 26.925, 0.0, 0.0, 0.0, 0.0, 0.0, 0.0, 0.0, 0.0, 0.0
19.118388175964355, 0.0, 0.0, 0.0, -27.056, 27.056, 0.0, 0.0, 0.0, 0.0, 0.0, 0.0, 0.0, 0.0, 0.0
19.16648817062378, 0.0, 0.0, 0.0, -27.221, 27.221, 0.0, 0.0, 0.0, 0.0, 0.0, 0.0, 0.0, 0.0, 0.0
19.21469211578369, 0.0, 0.0, 0.0, -27.357, 27.357, 0.0, 0.0, 0.0, 0.0, 0.0, 0.0, 0.0, 0.0, 0.0
19.262800216674805, 0.0, 0.0, 0.0, -27.502, 27.502, 0.0, 0.0, 0.0, 0.0, 0.0, 0.0, 0.0, 0.0, 0.0
19.310999155044556, 0.0, 0.0, 0.0, -27.646, 27.646, 0.0, 0.0, 0.0, 0.0, 0.0, 0.0, 0.0, 0.0, 0.0
19.35924220085144, 0.0, 0.0, 0.0, -27.791, 27.791, 0.0, 0.0, 0.0, 0.0, 0.0, 0.0, 0.0, 0.0, 0.0
19.423367261886597, 0.0, 0.0, 0.0, -27.933, 27.933, 0.0, 0.0, 0.0, 0.0, 0.0, 0.0, 0.0, 0.0, 0.0
19.471525192260742, 0.0, 0.0, 0.0, -28.075, 28.075, 0.0, 0.0, 0.0, 0.0, 0.0, 0.0, 0.0, 0.0, 0.0
19.519686222076416, 0.0, 0.0, 0.0, -28.219, 28.219, 0.0, 0.0, 0.0, 0.0, 0.0, 0.0, 0.0, 0.0, 0.0
19.56784224510193, 0.0, 0.0, 0.0, -28.366, 28.366, 0.0, 0.0, 0.0, 0.0, 0.0, 0.0, 0.0, 0.0, 0.0
19.61604928970337, 0.0, 0.0, 0.0, -28.502, 28.502, 0.0, 0.0, 0.0, 0.0, 0.0, 0.0, 0.0, 0.0, 0.0
19.664159059524536, 0.0, 0.0, 0.0, -28.663, 28.663, 0.0, 0.0, 0.0, 0.0, 0.0, 0.0, 0.0, 0.0, 0.0
19.728461265563965, 0.0, 0.0, 0.0, -28.805, 28.805, 0.0, 0.0, 0.0, 0.0, 0.0, 0.0, 0.0, 0.0, 0.0
19.776581287384033, 0.0, 0.0, 0.0, -28.94, 28.94, 0.0, 0.0, 0.0, 0.0, 0.0, 0.0, 0.0, 0.0, 0.0
19.824849367141724, 0.0, 0.0, 0.0, -29.1, 29.1, 0.0, 0.0, 0.0, 0.0, 0.0, 0.0, 0.0, 0.0, 0.0
19.87290620803833, 0.0, 0.0, 0.0, -29.248, 29.248, 0.0, 0.0, 0.0, 0.0, 0.0, 0.0, 0.0, 0.0, 0.0
19.921031951904297, 0.0, 0.0, 0.0, -29.317, 29.317, 0.0, 0.0, 0.0, 0.0, 0.0, 0.0, 0.0, 0.0, 0.0
19.98531937599182, 0.0, 0.0, 0.0, -29.317, 29.317, 0.0, 0.0, 0.0, 0.0, 0.0, 0.0, 0.0, 0.0, 0.0
20.03339910507202, 0.0, 0.0, 0.0, -29.317, 29.317, 0.0, 0.0, 0.0, 0.0, 0.0, 0.0, 0.0, 0.0, 0.0
20.08161425590515, 0.0, 0.0, 0.0, -29.317, 29.317, 0.0, 0.0, 0.0, 0.0, 0.0, 0.0, 0.0, 0.0, 0.0
20.12977123260498, 0.0, 0.0, 0.0, -29.317, 29.317, 0.0, 0.0, 0.0, 0.0, 0.0, 0.0, 0.0, 0.0, 0.0
20.177942037582397, 0.0, 0.0, 0.0, -29.317, 29.317, 0.0, 0.0, 0.0, 0.0, 0.0, 0.0, 0.0, 0.0, 0.0
20.242151260375977, 0.0, 0.0, 0.0, -29.317, 29.317, 0.0, 0.0, 0.0, 0.0, 0.0, 0.0, 0.0, 0.0, 0.0
20.290302991867065, 0.0, 0.0, 0.0, -29.317, 29.317, 0.0, 0.0, 0.0, 0.0, 0.0, 0.0, 0.0, 0.0, 0.0
20.338444232940674, 0.0, 0.0, 0.0, -29.317, 29.317, 0.0, 0.0, 0.0, 0.0, 0.0, 0.0, 0.0, 0.0, 0.0
20.386566162109375, 0.0, 0.0, 0.0, -29.317, 29.317, 0.0, 0.0, 0.0, 0.0, 0.0, 0.0, 0.0, 0.0, 0.0
20.434754133224487, 0.0, 0.0, 0.0, -29.317, 29.317, 0.0, 0.0, 0.0, 0.0, 0.0, 0.0, 0.0, 0.0, 0.0
20.482808113098145, 0.0, 0.0, 0.0, -29.317, 29.317, 0.0, 0.0, 0.0, 0.0, 0.0, 0.0, 0.0, 0.0, 0.0
20.547149181365967, 0.0, 0.0, 0.0, -29.317, 29.317, 0.0, 0.0, 0.0, 0.0, 0.0, 0.0, 0.0, 0.0, 0.0
20.59534215927124, 0.0, 0.0, 0.0, -29.317, 29.317, 0.0, 0.0, 0.0, 0.0, 0.0, 0.0, 0.0, 0.0, 0.0
20.64341711997986, 0.0, 0.0, 0.0, -29.317, 29.317, 0.0, 0.0, 0.0, 0.0, 0.0, 0.0, 0.0, 0.0, 0.0
20.691601276397705, 0.0, 0.0, 0.0, -29.317, 29.317, 0.0, 0.0, 0.0, 0.0, 0.0, 0.0, 0.0, 0.0, 0.0
20.739752054214478, 0.0, 0.0, 0.0, -29.317, 29.317, 0.0, 0.0, 0.0, 0.0, 0.0, 0.0, 0.0, 0.0, 0.0
20.8040771484375, 0.0, 0.0, 0.0, -29.317, 29.317, 0.0, 0.0, 0.0, 0.0, 0.0, 0.0, 0.0, 0.0, 0.0
20.852204084396362, 0.0, 0.0, 0.0, -29.317, 29.317, 0.0, 0.0, 0.0, 0.0, 0.0, 0.0, 0.0, 0.0, 0.0
20.900315284729004, 0.0, 0.0, 0.0, -29.317, 29.317, 0.0, 0.0, 0.0, 0.0, 0.0, 0.0, 0.0, 0.0, 0.0
20.948514223098755, 0.0, 0.0, 0.0, -29.317, 29.317, 0.0, 0.0, 0.0, 0.0, 0.0, 0.0, 0.0, 0.0, 0.0
20.996567249298096, 0.0, 0.0, 0.0, -29.317, 29.317, 0.0, 0.0, 0.0, 0.0, 0.0, 0.0, 0.0, 0.0, 0.0
21.060927152633667, 0.0, 0.0, 0.0, -29.317, 29.317, 0.0, 0.0, 0.0, 0.0, 0.0, 0.0, 0.0, 0.0, 0.0
21.108989238739014, 0.0, 0.0, 0.0, -29.317, 29.317, 0.0, 0.0, 0.0, 0.0, 0.0, 0.0, 0.0, 0.0, 0.0
21.15715718269348, 0.0, 0.0, 0.0, -29.317, 29.317, 0.0, 0.0, 0.0, 0.0, 0.0, 0.0, 0.0, 0.0, 0.0
21.20534110069275, 0.0, 0.0, 0.0, -29.317, 29.317, 0.0, 0.0, 0.0, 0.0, 0.0, 0.0, 0.0, 0.0, 0.0
21.253522396087646, 0.0, 0.0, 0.0, -29.317, 29.317, 0.0, 0.0, 0.0, 0.0, 0.0, 0.0, 0.0, 0.0, 0.0
21.301781177520752, 0.0, 0.0, 0.0, -29.317, 29.317, 0.0, 0.0, 0.0, 0.0, 0.0, 0.0, 0.0, 0.0, 0.0
21.365906238555908, 0.0, 0.0, 0.0, -29.317, 29.317, 0.0, 0.0, 0.0, 0.0, 0.0, 0.0, 0.0, 0.0, 0.0
21.414035081863403, 0.0, 0.0, 0.0, -29.317, 29.317, 0.0, 0.0, 0.0, 0.0, 0.0, 0.0, 0.0, 0.0, 0.0
21.46221423149109, 0.0, 0.0, 0.0, -29.317, 29.317, 0.0, 0.0, 0.0, 0.0, 0.0, 0.0, 0.0, 0.0, 0.0
21.51033115386963, 0.0, 0.0, 0.0, -29.317, 29.317, 0.0, 0.0, 0.0, 0.0, 0.0, 0.0, 0.0, 0.0, 0.0
21.558630228042603, 0.0, 0.0, 0.0, -29.317, 29.317, 0.0, 0.0, 0.0, 0.0, 0.0, 0.0, 0.0, 0.0, 0.0
21.622738361358643, 0.0, 0.0, 0.0, -29.317, 29.317, 0.0, 0.0, 0.0, 0.0, 0.0, 0.0, 0.0, 0.0, 0.0
21.670825004577637, 0.0, 0.0, 0.0, -29.317, 29.317, 0.0, 0.0, 0.0, 0.0, 0.0, 0.0, 0.0, 0.0, 0.0
21.71905827522278, 0.0, 0.0, 0.0, -29.317, 29.317, 0.0, 0.0, 0.0, 0.0, 0.0, 0.0, 0.0, 0.0, 0.0
21.767271280288696, 0.0, 0.0, 0.0, -29.317, 29.317, 0.0, 0.0, 0.0, 0.0, 0.0, 0.0, 0.0, 0.0, 0.0
21.81543207168579, 0.0, 0.0, 0.0, -29.317, 29.317, 0.0, 0.0, 0.0, 0.0, 0.0, 0.0, 0.0, 0.0, 0.0
21.86362338066101, 0.0, 0.0, 0.0, -29.317, 29.317, 0.0, 0.0, 0.0, 0.0, 0.0, 0.0, 0.0, 0.0, 0.0
21.911726236343384, 0.0, 0.0, 0.0, -29.317, 29.317, 0.0, 0.0, 0.0, 0.0, 0.0, 0.0, 0.0, 0.0, 0.0
21.976036310195923, 0.0, 0.0, 0.0, -29.317, 29.317, 0.0, 0.0, 0.0, 0.0, 0.0, 0.0, 0.0, 0.0, 0.0
22.024134159088135, 0.0, 0.0, 0.0, -29.317, 29.317, 0.0, 0.0, 0.0, 0.0, 0.0, 0.0, 0.0, 0.0, 0.0
22.072290182113647, 0.0, 0.0, 0.0, -29.317, 29.317, 0.0, 0.0, 0.0, 0.0, 0.0, 0.0, 0.0, 0.0, 0.0
22.120474100112915, 0.0, 0.0, 0.0, -29.317, 29.317, 0.0, 0.0, 0.0, 0.0, 0.0, 0.0, 0.0, 0.0, 0.0
22.168581247329712, 0.0, 0.0, 0.0, -29.317, 29.317, 0.0, 0.0, 0.0, 0.0, 0.0, 0.0, 0.0, 0.0, 0.0
22.232832193374634, 0.0, 0.0, 0.0, -29.317, 29.317, 0.0, 0.0, 0.0, 0.0, 0.0, 0.0, 0.0, 0.0, 0.0
22.281033992767334, 0.0, 0.0, 0.0, -29.317, 29.317, 0.0, 0.0, 0.0, 0.0, 0.0, 0.0, 0.0, 0.0, 0.0
22.329267024993896, 0.0, 0.0, 0.0, -29.317, 29.317, 0.0, 0.0, 0.0, 0.0, 0.0, 0.0, 0.0, 0.0, 0.0
22.377277374267578, 0.0, 0.0, 0.0, -29.317, 29.317, 0.0, 0.0, 0.0, 0.0, 0.0, 0.0, 0.0, 0.0, 0.0
22.42535138130188, 0.0, 0.0, 0.0, -29.317, 29.317, 0.0, 0.0, 0.0, 0.0, 0.0, 0.0, 0.0, 0.0, 0.0
22.473559141159058, 0.0, 0.0, 0.0, -29.317, 29.317, 0.0, 0.0, 0.0, 0.0, 0.0, 0.0, 0.0, 0.0, 0.0
22.537744283676147, 0.0, 0.0, 0.0, -29.317, 29.317, 0.0, 0.0, 0.0, 0.0, 0.0, 0.0, 0.0, 0.0, 0.0
22.58592915534973, 0.0, 0.0, 0.0, -29.317, 29.317, 0.0, 0.0, 0.0, 0.0, 0.0, 0.0, 0.0, 0.0, 0.0
22.634112119674683, 0.0, 0.0, 0.0, -29.317, 29.317, 0.0, 0.0, 0.0, 0.0, 0.0, 0.0, 0.0, 0.0, 0.0
22.68222427368164, 0.0, 0.0, 0.0, -29.317, 29.317, 0.0, 0.0, 0.0, 0.0, 0.0, 0.0, 0.0, 0.0, 0.0
22.73044204711914, 0.0, 0.0, 0.0, -29.317, 29.317, 0.0, 0.0, 0.0, 0.0, 0.0, 0.0, 0.0, 0.0, 0.0
22.778674364089966, 0.0, 0.0, 0.0, -29.317, 29.317, 0.0, 0.0, 0.0, 0.0, 0.0, 0.0, 0.0, 0.0, 0.0
22.842889070510864, 0.0, 0.0, 0.0, -29.317, 29.317, 0.0, 0.0, 0.0, 0.0, 0.0, 0.0, 0.0, 0.0, 0.0
22.891043186187744, 0.0, 0.0, 0.0, -29.317, 29.317, 0.0, 0.0, 0.0, 0.0, 0.0, 0.0, 0.0, 0.0, 0.0
22.939120292663574, 0.0, 0.0, 0.0, -29.317, 29.317, 0.0, 0.0, 0.0, 0.0, 0.0, 0.0, 0.0, 0.0, 0.0
22.98735022544861, 0.0, 0.0, 0.0, -29.317, 29.317, 0.0, 0.0, 0.0, 0.0, 0.0, 0.0, 0.0, 0.0, 0.0
23.035470247268677, 0.0, 0.0, 0.0, -29.317, 29.317, 0.0, 0.0, 0.0, 0.0, 0.0, 0.0, 0.0, 0.0, 0.0
23.099732160568237, 0.0, 0.0, 0.0, -29.317, 29.317, 0.0, 0.0, 0.0, 0.0, 0.0, 0.0, 0.0, 0.0, 0.0
23.147860050201416, 0.0, 0.0, 0.0, -29.317, 29.317, 0.0, 0.0, 0.0, 0.0, 0.0, 0.0, 0.0, 0.0, 0.0
23.196038246154785, 0.0, 0.0, 0.0, -29.317, 29.317, 0.0, 0.0, 0.0, 0.0, 0.0, 0.0, 0.0, 0.0, 0.0
23.24417519569397, 0.0, 0.0, 0.0, -29.317, 29.317, 0.0, 0.0, 0.0, 0.0, 0.0, 0.0, 0.0, 0.0, 0.0
23.29232907295227, 0.0, 0.0, 0.0, -29.317, 29.317, 0.0, 0.0, 0.0, 0.0, 0.0, 0.0, 0.0, 0.0, 0.0
23.340444326400757, 0.0, 0.0, 0.0, -29.317, 29.317, 0.0, 0.0, 0.0, 0.0, 0.0, 0.0, 0.0, 0.0, 0.0
23.404741287231445, 0.0, 0.0, 0.0, -29.317, 29.317, 0.0, 0.0, 0.0, 0.0, 0.0, 0.0, 0.0, 0.0, 0.0
23.45291805267334, 0.0, 0.0, 0.0, -29.317, 29.317, 0.0, 0.0, 0.0, 0.0, 0.0, 0.0, 0.0, 0.0, 0.0
23.501036167144775, 0.0, 0.0, 0.0, -29.317, 29.317, 0.0, 0.0, 0.0, 0.0, 0.0, 0.0, 0.0, 0.0, 0.0
23.549217224121094, 0.0, 0.0, 0.0, -29.317, 29.317, 0.0, 0.0, 0.0, 0.0, 0.0, 0.0, 0.0, 0.0, 0.0
23.597330331802368, 0.0, 0.0, 0.0, -29.317, 29.317, 0.0, 0.0, 0.0, 0.0, 0.0, 0.0, 0.0, 0.0, 0.0
23.645727157592773, 0.0, 0.0, 0.0, -29.317, 29.317, 0.0, 0.0, 0.0, 0.0, 0.0, 0.0, 0.0, 0.0, 0.0
23.70977520942688, 0.0, 0.0, 0.0, -29.317, 29.317, 0.0, 0.0, 0.0, 0.0, 0.0, 0.0, 0.0, 0.0, 0.0
23.757922172546387, 0.0, 0.0, 0.0, -29.317, 29.317, 0.0, 0.0, 0.0, 0.0, 0.0, 0.0, 0.0, 0.0, 0.0
23.806072235107422, 0.0, 0.0, 0.0, -29.317, 29.317, 0.0, 0.0, 0.0, 0.0, 0.0, 0.0, 0.0, 0.0, 0.0
23.854209184646606, 0.0, 0.0, 0.0, -29.317, 29.317, 0.0, 0.0, 0.0, 0.0, 0.0, 0.0, 0.0, 0.0, 0.0
23.90240216255188, 0.0, 0.0, 0.0, -29.317, 29.317, 0.0, 0.0, 0.0, 0.0, 0.0, 0.0, 0.0, 0.0, 0.0
23.96661615371704, 0.0, 0.0, 0.0, -29.317, 29.317, 0.0, 0.0, 0.0, 0.0, 0.0, 0.0, 0.0, 0.0, 0.0
24.01474118232727, 0.0, 0.0, 0.0, -29.317, 29.317, 0.0, 0.0, 0.0, 0.0, 0.0, 0.0, 0.0, 0.0, 0.0
24.062875270843506, 0.0, 0.0, 0.0, -29.317, 29.317, 0.0, 0.0, 0.0, 0.0, 0.0, 0.0, 0.0, 0.0, 0.0
24.111104011535645, 0.0, 0.0, 0.0, -29.317, 29.317, 0.0, 0.0, 0.0, 0.0, 0.0, 0.0, 0.0, 0.0, 0.0
24.159217357635498, 0.0, 0.0, 0.0, -29.317, 29.317, 0.0, 0.0, 0.0, 0.0, 0.0, 0.0, 0.0, 0.0, 0.0
24.223445177078247, 0.0, 0.0, 0.0, -29.317, 29.317, 0.0, 0.0, 0.0, 0.0, 0.0, 0.0, 0.0, 0.0, 0.0
24.271600246429443, 0.0, 0.0, 0.0, -29.317, 29.317, 0.0, 0.0, 0.0, 0.0, 0.0, 0.0, 0.0, 0.0, 0.0
24.319770336151123, 0.0, 0.0, 0.0, -29.317, 29.317, 0.0, 0.0, 0.0, 0.0, 0.0, 0.0, 0.0, 0.0, 0.0
24.3679780960083, 0.0, 0.0, 0.0, -29.317, 29.317, 0.0, 0.0, 0.0, 0.0, 0.0, 0.0, 0.0, 0.0, 0.0
24.416089296340942, 0.0, 0.0, 0.0, -29.317, 29.317, 0.0, 0.0, 0.0, 0.0, 0.0, 0.0, 0.0, 0.0, 0.0
24.46421718597412, 0.0, 0.0, 0.0, -29.317, 29.317, 0.0, 0.0, 0.0, 0.0, 0.0, 0.0, 0.0, 0.0, 0.0
24.528475284576416, 0.0, 0.0, 0.0, -29.317, 29.317, 0.0, 0.0, 0.0, 0.0, 0.0, 0.0, 0.0, 0.0, 0.0
24.576720237731934, 0.0, 0.0, 0.0, -29.317, 29.317, 0.0, 0.0, 0.0, 0.0, 0.0, 0.0, 0.0, 0.0, 0.0
24.62490224838257, 0.0, 0.0, 0.0, -29.317, 29.317, 0.0, 0.0, 0.0, 0.0, 0.0, 0.0, 0.0, 0.0, 0.0
24.67298722267151, 0.0, 0.0, 0.0, -29.317, 29.317, 0.0, 0.0, 0.0, 0.0, 0.0, 0.0, 0.0, 0.0, 0.0
24.721196174621582, 0.0, 0.0, 0.0, -29.317, 29.317, 0.0, 0.0, 0.0, 0.0, 0.0, 0.0, 0.0, 0.0, 0.0
24.76937222480774, 0.0, 0.0, 0.0, -29.317, 29.317, 0.0, 0.0, 0.0, 0.0, 0.0, 0.0, 0.0, 0.0, 0.0
24.833577156066895, 0.0, 0.0, 0.0, -29.317, 29.317, 0.0, 0.0, 0.0, 0.0, 0.0, 0.0, 0.0, 0.0, 0.0
24.881782054901123, 0.0, 0.0, 0.0, -29.317, 29.317, 0.0, 0.0, 0.0, 0.0, 0.0, 0.0, 0.0, 0.0, 0.0
24.92980718612671, 0.0, 0.0, 0.0, -29.317, 29.317, 0.0, 0.0, 0.0, 0.0, 0.0, 0.0, 0.0, 0.0, 0.0
24.977965116500854, 0.0, 0.0, 0.0, -29.317, 29.317, 0.0, 0.0, 0.0, 0.0, 0.0, 0.0, 0.0, 0.0, 0.0
25.02610421180725, 0.0, 0.0, 0.0, -29.385, 29.385, 0.0, 0.0, 0.0, 0.0, 0.0, 0.0, 0.0, 0.0, 0.0
25.09036612510681, 0.0, 0.0, 0.0, -29.534, 29.534, 0.0, 0.0, 0.0, 0.0, 0.0, 0.0, 0.0, 0.0, 0.0
25.138525009155273, 0.0, 0.0, 0.0, -29.671, 29.671, 0.0, 0.0, 0.0, 0.0, 0.0, 0.0, 0.0, 0.0, 0.0
25.186657190322876, 0.0, 0.0, 0.0, -29.827, 29.827, 0.0, 0.0, 0.0, 0.0, 0.0, 0.0, 0.0, 0.0, 0.0
25.234836101531982, 0.0, 0.0, 0.0, -29.968, 29.968, 0.0, 0.0, 0.0, 0.0, 0.0, 0.0, 0.0, 0.0, 0.0
25.28307008743286, 0.0, 0.0, 0.0, -30.12, 30.12, 0.0, 0.0, 0.0, 0.0, 0.0, 0.0, 0.0, 0.0, 0.0
25.347193241119385, 0.0, 0.0, 0.0, -30.278, 30.278, 0.0, 0.0, 0.0, 0.0, 0.0, 0.0, 0.0, 0.0, 0.0
25.39533805847168, 0.0, 0.0, 0.0, -30.436, 30.436, 0.0, 0.0, 0.0, 0.0, 0.0, 0.0, 0.0, 0.0, 0.0
25.443629264831543, 0.0, 0.0, 0.0, -30.588, 30.588, 0.0, 0.0, 0.0, 0.0, 0.0, 0.0, 0.0, 0.0, 0.0
25.49167513847351, 0.0, 0.0, 0.0, -30.727, 30.727, 0.0, 0.0, 0.0, 0.0, 0.0, 0.0, 0.0, 0.0, 0.0
25.53989815711975, 0.0, 0.0, 0.0, -30.876, 30.876, 0.0, 0.0, 0.0, 0.0, 0.0, 0.0, 0.0, 0.0, 0.0
25.588014125823975, 0.0, 0.0, 0.0, -31.038, 31.038, 0.0, 0.0, 0.0, 0.0, 0.0, 0.0, 0.0, 0.0, 0.0
25.652188301086426, 0.0, 0.0, 0.0, -31.188, 31.188, 0.0, 0.0, 0.0, 0.0, 0.0, 0.0, 0.0, 0.0, 0.0
25.700533151626587, 0.0, 0.0, 0.0, -31.34, 31.34, 0.0, 0.0, 0.0, 0.0, 0.0, 0.0, 0.0, 0.0, 0.0
25.748611211776733, 0.0, 0.0, 0.0, -31.487, 31.487, 0.0, 0.0, 0.0, 0.0, 0.0, 0.0, 0.0, 0.0, 0.0
25.796818256378174, 0.0, 0.0, 0.0, -31.652, 31.652, 0.0, 0.0, 0.0, 0.0, 0.0, 0.0, 0.0, 0.0, 0.0
25.84490704536438, 0.0, 0.0, 0.0, -31.808, 31.808, 0.0, 0.0, 0.0, 0.0, 0.0, 0.0, 0.0, 0.0, 0.0
25.893140077590942, 0.0, 0.0, 0.0, -31.959, 31.959, 0.0, 0.0, 0.0, 0.0, 0.0, 0.0, 0.0, 0.0, 0.0
25.95733404159546, 0.0, 0.0, 0.0, -32.105, 32.105, 0.0, 0.0, 0.0, 0.0, 0.0, 0.0, 0.0, 0.0, 0.0
26.00551414489746, 0.0, 0.0, 0.0, -32.259, 32.259, 0.0, 0.0, 0.0, 0.0, 0.0, 0.0, 0.0, 0.0, 0.0
26.053579092025757, 0.0, 0.0, 0.0, -32.403, 32.403, 0.0, 0.0, 0.0, 0.0, 0.0, 0.0, 0.0, 0.0, 0.0
26.10186219215393, 0.0, 0.0, 0.0, -32.555, 32.555, 0.0, 0.0, 0.0, 0.0, 0.0, 0.0, 0.0, 0.0, 0.0
26.14997935295105, 0.0, 0.0, 0.0, -32.714, 32.714, 0.0, 0.0, 0.0, 0.0, 0.0, 0.0, 0.0, 0.0, 0.0
26.19812512397766, 0.0, 0.0, 0.0, -32.848, 32.848, 0.0, 0.0, 0.0, 0.0, 0.0, 0.0, 0.0, 0.0, 0.0
26.262370109558105, 0.0, 0.0, 0.0, -32.994, 32.994, 0.0, 0.0, 0.0, 0.0, 0.0, 0.0, 0.0, 0.0, 0.0
26.310517072677612, 0.0, 0.0, 0.0, -33.134, 33.134, 0.0, 0.0, 0.0, 0.0, 0.0, 0.0, 0.0, 0.0, 0.0
26.35869598388672, 0.0, 0.0, 0.0, -33.29, 33.29, 0.0, 0.0, 0.0, 0.0, 0.0, 0.0, 0.0, 0.0, 0.0
26.4068820476532, 0.0, 0.0, 0.0, -33.447, 33.447, 0.0, 0.0, 0.0, 0.0, 0.0, 0.0, 0.0, 0.0, 0.0
26.45506525039673, 0.0, 0.0, 0.0, -33.584, 33.584, 0.0, 0.0, 0.0, 0.0, 0.0, 0.0, 0.0, 0.0, 0.0
26.519165992736816, 0.0, 0.0, 0.0, -33.733, 33.733, 0.0, 0.0, 0.0, 0.0, 0.0, 0.0, 0.0, 0.0, 0.0
26.567320108413696, 0.0, 0.0, 0.0, -33.892, 33.892, 0.0, 0.0, 0.0, 0.0, 0.0, 0.0, 0.0, 0.0, 0.0
26.61547613143921, 0.0, 0.0, 0.0, -34.027, 34.027, 0.0, 0.0, 0.0, 0.0, 0.0, 0.0, 0.0, 0.0, 0.0
26.66363215446472, 0.0, 0.0, 0.0, -34.176, 34.176, 0.0, 0.0, 0.0, 0.0, 0.0, 0.0, 0.0, 0.0, 0.0
26.7118501663208, 0.0, 0.0, 0.0, -34.326, 34.326, 0.0, 0.0, 0.0, 0.0, 0.0, 0.0, 0.0, 0.0, 0.0
26.776041984558105, 0.0, 0.0, 0.0, -34.47, 34.47, 0.0, 0.0, 0.0, 0.0, 0.0, 0.0, 0.0, 0.0, 0.0
26.824210166931152, 0.0, 0.0, 0.0, -34.618, 34.618, 0.0, 0.0, 0.0, 0.0, 0.0, 0.0, 0.0, 0.0, 0.0
26.872398138046265, 0.0, 0.0, 0.0, -34.757, 34.757, 0.0, 0.0, 0.0, 0.0, 0.0, 0.0, 0.0, 0.0, 0.0
26.920551300048828, 0.0, 0.0, 0.0, -34.916, 34.916, 0.0, 0.0, 0.0, 0.0, 0.0, 0.0, 0.0, 0.0, 0.0
26.96875500679016, 0.0, 0.0, 0.0, -35.057, 35.057, 0.0, 0.0, 0.0, 0.0, 0.0, 0.0, 0.0, 0.0, 0.0
27.016797065734863, 0.0, 0.0, 0.0, -35.196, 35.196, 0.0, 0.0, 0.0, 0.0, 0.0, 0.0, 0.0, 0.0, 0.0
27.081066131591797, 0.0, 0.0, 0.0, -35.344, 35.344, 0.0, 0.0, 0.0, 0.0, 0.0, 0.0, 0.0, 0.0, 0.0
27.12921404838562, 0.0, 0.0, 0.0, -35.485, 35.485, 0.0, 0.0, 0.0, 0.0, 0.0, 0.0, 0.0, 0.0, 0.0
27.177333116531372, 0.0, 0.0, 0.0, -35.643, 35.643, 0.0, 0.0, 0.0, 0.0, 0.0, 0.0, 0.0, 0.0, 0.0
27.225508213043213, 0.0, 0.0, 0.0, -35.802, 35.802, 0.0, 0.0, 0.0, 0.0, 0.0, 0.0, 0.0, 0.0, 0.0
27.273658275604248, 0.0, 0.0, 0.0, -35.959, 35.959, 0.0, 0.0, 0.0, 0.0, 0.0, 0.0, 0.0, 0.0, 0.0
27.32186722755432, 0.0, 0.0, 0.0, -36.095, 36.095, 0.0, 0.0, 0.0, 0.0, 0.0, 0.0, 0.0, 0.0, 0.0
27.38608431816101, 0.0, 0.0, 0.0, -36.218, 36.218, 0.0, 0.0, 0.0, 0.0, 0.0, 0.0, 0.0, 0.0, 0.0
27.434213161468506, 0.0, 0.0, 0.0, -36.365, 36.365, 0.0, 0.0, 0.0, 0.0, 0.0, 0.0, 0.0, 0.0, 0.0
27.482392072677612, 0.0, 0.0, 0.0, -36.507, 36.507, 0.0, 0.0, 0.0, 0.0, 0.0, 0.0, 0.0, 0.0, 0.0
27.530538082122803, 0.0, 0.0, 0.0, -36.657, 36.657, 0.0, 0.0, 0.0, 0.0, 0.0, 0.0, 0.0, 0.0, 0.0
27.578785181045532, 0.0, 0.0, 0.0, -36.794, 36.794, 0.0, 0.0, 0.0, 0.0, 0.0, 0.0, 0.0, 0.0, 0.0
27.642986059188843, 0.0, 0.0, 0.0, -36.953, 36.953, 0.0, 0.0, 0.0, 0.0, 0.0, 0.0, 0.0, 0.0, 0.0
27.691140174865723, 0.0, 0.0, 0.0, -37.109, 37.109, 0.0, 0.0, 0.0, 0.0, 0.0, 0.0, 0.0, 0.0, 0.0
27.739269256591797, 0.0, 0.0, 0.0, -37.275, 37.275, 0.0, 0.0, 0.0, 0.0, 0.0, 0.0, 0.0, 0.0, 0.0
27.787539958953857, 0.0, 0.0, 0.0, -37.423, 37.423, 0.0, 0.0, 0.0, 0.0, 0.0, 0.0, 0.0, 0.0, 0.0
27.835644245147705, 0.0, 0.0, 0.0, -37.571, 37.571, 0.0, 0.0, 0.0, 0.0, 0.0, 0.0, 0.0, 0.0, 0.0
27.899837255477905, 0.0, 0.0, 0.0, -37.707, 37.707, 0.0, 0.0, 0.0, 0.0, 0.0, 0.0, 0.0, 0.0, 0.0
27.947911977767944, 0.0, 0.0, 0.0, -37.863, 37.863, 0.0, 0.0, 0.0, 0.0, 0.0, 0.0, 0.0, 0.0, 0.0
27.996137142181396, 0.0, 0.0, 0.0, -38.027, 38.027, 0.0, 0.0, 0.0, 0.0, 0.0, 0.0, 0.0, 0.0, 0.0
28.044262170791626, 0.0, 0.0, 0.0, -38.162, 38.162, 0.0, 0.0, 0.0, 0.0, 0.0, 0.0, 0.0, 0.0, 0.0
28.092441082000732, 0.0, 0.0, 0.0, -38.295, 38.295, 0.0, 0.0, 0.0, 0.0, 0.0, 0.0, 0.0, 0.0, 0.0
28.140562295913696, 0.0, 0.0, 0.0, -38.451, 38.451, 0.0, 0.0, 0.0, 0.0, 0.0, 0.0, 0.0, 0.0, 0.0
28.204807996749878, 0.0, 0.0, 0.0, -38.611, 38.611, 0.0, 0.0, 0.0, 0.0, 0.0, 0.0, 0.0, 0.0, 0.0
28.25296425819397, 0.0, 0.0, 0.0, -38.776, 38.776, 0.0, 0.0, 0.0, 0.0, 0.0, 0.0, 0.0, 0.0, 0.0
28.301106214523315, 0.0, 0.0, 0.0, -38.923, 38.923, 0.0, 0.0, 0.0, 0.0, 0.0, 0.0, 0.0, 0.0, 0.0
28.349330186843872, 0.0, 0.0, 0.0, -39.076, 39.076, 0.0, 0.0, 0.0, 0.0, 0.0, 0.0, 0.0, 0.0, 0.0
28.397526025772095, 0.0, 0.0, 0.0, -39.199, 39.199, 0.0, 0.0, 0.0, 0.0, 0.0, 0.0, 0.0, 0.0, 0.0
28.445762157440186, 0.0, 0.0, 0.0, -39.33, 39.33, 0.0, 0.0, 0.0, 0.0, 0.0, 0.0, 0.0, 0.0, 0.0
28.50994110107422, 0.0, 0.0, 0.0, -39.481, 39.481, 0.0, 0.0, 0.0, 0.0, 0.0, 0.0, 0.0, 0.0, 0.0
28.558056116104126, 0.0, 0.0, 0.0, -39.635, 39.635, 0.0, 0.0, 0.0, 0.0, 0.0, 0.0, 0.0, 0.0, 0.0
28.606269359588623, 0.0, 0.0, 0.0, -39.771, 39.771, 0.0, 0.0, 0.0, 0.0, 0.0, 0.0, 0.0, 0.0, 0.0
28.654282093048096, 0.0, 0.0, 0.0, -39.913, 39.913, 0.0, 0.0, 0.0, 0.0, 0.0, 0.0, 0.0, 0.0, 0.0
28.702531099319458, 0.0, 0.0, 0.0, -40.058, 40.058, 0.0, 0.0, 0.0, 0.0, 0.0, 0.0, 0.0, 0.0, 0.0
28.766767263412476, 0.0, 0.0, 0.0, -40.215, 40.215, 0.0, 0.0, 0.0, 0.0, 0.0, 0.0, 0.0, 0.0, 0.0
28.814935207366943, 0.0, 0.0, 0.0, -40.357, 40.357, 0.0, 0.0, 0.0, 0.0, 0.0, 0.0, 0.0, 0.0, 0.0
28.862977027893066, 0.0, 0.0, 0.0, -40.518, 40.518, 0.0, 0.0, 0.0, 0.0, 0.0, 0.0, 0.0, 0.0, 0.0
28.911150217056274, 0.0, 0.0, 0.0, -40.676, 40.676, 0.0, 0.0, 0.0, 0.0, 0.0, 0.0, 0.0, 0.0, 0.0
28.959388971328735, 0.0, 0.0, 0.0, -40.84, 40.84, 0.0, 0.0, 0.0, 0.0, 0.0, 0.0, 0.0, 0.0, 0.0
29.00750708580017, 0.0, 0.0, 0.0, -40.989, 40.989, 0.0, 0.0, 0.0, 0.0, 0.0, 0.0, 0.0, 0.0, 0.0
29.055686235427856, 0.0, 0.0, 0.0, -41.142, 41.142, 0.0, 0.0, 0.0, 0.0, 0.0, 0.0, 0.0, 0.0, 0.0
29.119900226593018, 0.0, 0.0, 0.0, -41.284, 41.284, 0.0, 0.0, 0.0, 0.0, 0.0, 0.0, 0.0, 0.0, 0.0
29.168047189712524, 0.0, 0.0, 0.0, -41.43, 41.43, 0.0, 0.0, 0.0, 0.0, 0.0, 0.0, 0.0, 0.0, 0.0
29.21635413169861, 0.0, 0.0, 0.0, -41.573, 41.573, 0.0, 0.0, 0.0, 0.0, 0.0, 0.0, 0.0, 0.0, 0.0
29.26438021659851, 0.0, 0.0, 0.0, -41.717, 41.717, 0.0, 0.0, 0.0, 0.0, 0.0, 0.0, 0.0, 0.0, 0.0
29.31251621246338, 0.0, 0.0, 0.0, -41.856, 41.856, 0.0, 0.0, 0.0, 0.0, 0.0, 0.0, 0.0, 0.0, 0.0
29.37681007385254, 0.0, 0.0, 0.0, -42.011, 42.011, 0.0, 0.0, 0.0, 0.0, 0.0, 0.0, 0.0, 0.0, 0.0
29.42491912841797, 0.0, 0.0, 0.0, -42.169, 42.169, 0.0, 0.0, 0.0, 0.0, 0.0, 0.0, 0.0, 0.0, 0.0
29.473169326782227, 0.0, 0.0, 0.0, -42.304, 42.304, 0.0, 0.0, 0.0, 0.0, 0.0, 0.0, 0.0, 0.0, 0.0
29.521257162094116, 0.0, 0.0, 0.0, -42.45, 42.45, 0.0, 0.0, 0.0, 0.0, 0.0, 0.0, 0.0, 0.0, 0.0
29.569416046142578, 0.0, 0.0, 0.0, -42.61, 42.61, 0.0, 0.0, 0.0, 0.0, 0.0, 0.0, 0.0, 0.0, 0.0
29.617645263671875, 0.0, 0.0, 0.0, -42.748, 42.748, 0.0, 0.0, 0.0, 0.0, 0.0, 0.0, 0.0, 0.0, 0.0
29.68183922767639, 0.0, 0.0, 0.0, -42.9, 42.9, 0.0, 0.0, 0.0, 0.0, 0.0, 0.0, 0.0, 0.0, 0.0
29.72995114326477, 0.0, 0.0, 0.0, -43.047, 43.047, 0.0, 0.0, 0.0, 0.0, 0.0, 0.0, 0.0, 0.0, 0.0
29.778176069259644, 0.0, 0.0, 0.0, -43.197, 43.197, 0.0, 0.0, 0.0, 0.0, 0.0, 0.0, 0.0, 0.0, 0.0
29.82641911506653, 0.0, 0.0, 0.0, -43.342, 43.342, 0.0, 0.0, 0.0, 0.0, 0.0, 0.0, 0.0, 0.0, 0.0
29.874599933624268, 0.0, 0.0, 0.0, -43.483, 43.483, 0.0, 0.0, 0.0, 0.0, 0.0, 0.0, 0.0, 0.0, 0.0
29.922685384750366, 0.0, 0.0, 0.0, -43.639, 43.639, 0.0, 0.0, 0.0, 0.0, 0.0, 0.0, 0.0, 0.0, 0.0
29.986770391464233, 0.0, 0.0, 0.0, -43.783, 43.783, 0.0, 0.0, 0.0, 0.0, 0.0, 0.0, 0.0, 0.0, 0.0
30.03496503829956, 0.0, 0.0, 0.0, -43.917, 43.917, 0.0, 0.0, 0.0, 0.0, 0.0, 0.0, 0.0, 0.0, 0.0
30.083170175552368, 0.0, 0.0, 0.0, -44.056, 44.056, 0.0, 0.0, 0.0, 0.0, 0.0, 0.0, 0.0, 0.0, 0.0
30.13129496574402, 0.0, 0.0, 0.0, -44.119, 44.119, 0.0, 0.0, 0.0, 0.0, 0.0, 0.0, 0.0, 0.0, 0.0
30.179521083831787, 0.0, 0.0, 0.0, -44.119, 44.119, 0.0, 0.0, 0.0, 0.0, 0.0, 0.0, 0.0, 0.0, 0.0
30.243675231933594, 0.0, 0.0, 0.0, -44.119, 44.119, 0.0, 0.0, 0.0, 0.0, 0.0, 0.0, 0.0, 0.0, 0.0
30.29185914993286, 0.0, 0.0, 0.0, -44.119, 44.119, 0.0, 0.0, 0.0, 0.0, 0.0, 0.0, 0.0, 0.0, 0.0
30.34002113342285, 0.0, 0.0, 0.0, -44.119, 44.119, 0.0, 0.0, 0.0, 0.0, 0.0, 0.0, 0.0, 0.0, 0.0
30.388283252716064, 0.0, 0.0, 0.0, -44.119, 44.119, 0.0, 0.0, 0.0, 0.0, 0.0, 0.0, 0.0, 0.0, 0.0
30.43630623817444, 0.0, 0.0, 0.0, -44.119, 44.119, 0.0, 0.0, 0.0, 0.0, 0.0, 0.0, 0.0, 0.0, 0.0
30.484495162963867, 0.0, 0.0, 0.0, -44.119, 44.119, 0.0, 0.0, 0.0, 0.0, 0.0, 0.0, 0.0, 0.0, 0.0
30.548729181289673, 0.0, 0.0, 0.0, -44.119, 44.119, 0.0, 0.0, 0.0, 0.0, 0.0, 0.0, 0.0, 0.0, 0.0
30.596952199935913, 0.0, 0.0, 0.0, -44.119, 44.119, 0.0, 0.0, 0.0, 0.0, 0.0, 0.0, 0.0, 0.0, 0.0
30.645052194595337, 0.0, 0.0, 0.0, -44.119, 44.119, 0.0, 0.0, 0.0, 0.0, 0.0, 0.0, 0.0, 0.0, 0.0
30.69312310218811, 0.0, 0.0, 0.0, -44.119, 44.119, 0.0, 0.0, 0.0, 0.0, 0.0, 0.0, 0.0, 0.0, 0.0
30.74136519432068, 0.0, 0.0, 0.0, -44.119, 44.119, 0.0, 0.0, 0.0, 0.0, 0.0, 0.0, 0.0, 0.0, 0.0
30.80566096305847, 0.0, 0.0, 0.0, -44.119, 44.119, 0.0, 0.0, 0.0, 0.0, 0.0, 0.0, 0.0, 0.0, 0.0
30.853734254837036, 0.0, 0.0, 0.0, -44.119, 44.119, 0.0, 0.0, 0.0, 0.0, 0.0, 0.0, 0.0, 0.0, 0.0
30.901976108551025, 0.0, 0.0, 0.0, -44.119, 44.119, 0.0, 0.0, 0.0, 0.0, 0.0, 0.0, 0.0, 0.0, 0.0
30.949989318847656, 0.0, 0.0, 0.0, -44.119, 44.119, 0.0, 0.0, 0.0, 0.0, 0.0, 0.0, 0.0, 0.0, 0.0
30.9981791973114, 0.0, 0.0, 0.0, -44.119, 44.119, 0.0, 0.0, 0.0, 0.0, 0.0, 0.0, 0.0, 0.0, 0.0
31.06243109703064, 0.0, 0.0, 0.0, -44.119, 44.119, 0.0, 0.0, 0.0, 0.0, 0.0, 0.0, 0.0, 0.0, 0.0
31.110536098480225, 0.0, 0.0, 0.0, -44.119, 44.119, 0.0, 0.0, 0.0, 0.0, 0.0, 0.0, 0.0, 0.0, 0.0
31.158735275268555, 0.0, 0.0, 0.0, -44.119, 44.119, 0.0, 0.0, 0.0, 0.0, 0.0, 0.0, 0.0, 0.0, 0.0
31.206877946853638, 0.0, 0.0, 0.0, -44.119, 44.119, 0.0, 0.0, 0.0, 0.0, 0.0, 0.0, 0.0, 0.0, 0.0
31.255045175552368, 0.0, 0.0, 0.0, -44.119, 44.119, 0.0, 0.0, 0.0, 0.0, 0.0, 0.0, 0.0, 0.0, 0.0
31.303271293640137, 0.0, 0.0, 0.0, -44.119, 44.119, 0.0, 0.0, 0.0, 0.0, 0.0, 0.0, 0.0, 0.0, 0.0
31.367492198944092, 0.0, 0.0, 0.0, -44.119, 44.119, 0.0, 0.0, 0.0, 0.0, 0.0, 0.0, 0.0, 0.0, 0.0
31.41561722755432, 0.0, 0.0, 0.0, -44.119, 44.119, 0.0, 0.0, 0.0, 0.0, 0.0, 0.0, 0.0, 0.0, 0.0
31.463776111602783, 0.0, 0.0, 0.0, -44.119, 44.119, 0.0, 0.0, 0.0, 0.0, 0.0, 0.0, 0.0, 0.0, 0.0
31.51198124885559, 0.0, 0.0, 0.0, -44.119, 44.119, 0.0, 0.0, 0.0, 0.0, 0.0, 0.0, 0.0, 0.0, 0.0
31.560070276260376, 0.0, 0.0, 0.0, -44.119, 44.119, 0.0, 0.0, 0.0, 0.0, 0.0, 0.0, 0.0, 0.0, 0.0
31.62443232536316, 0.0, 0.0, 0.0, -44.119, 44.119, 0.0, 0.0, 0.0, 0.0, 0.0, 0.0, 0.0, 0.0, 0.0
31.67247700691223, 0.0, 0.0, 0.0, -44.119, 44.119, 0.0, 0.0, 0.0, 0.0, 0.0, 0.0, 0.0, 0.0, 0.0
31.720813274383545, 0.0, 0.0, 0.0, -44.119, 44.119, 0.0, 0.0, 0.0, 0.0, 0.0, 0.0, 0.0, 0.0, 0.0
31.768818378448486, 0.0, 0.0, 0.0, -44.119, 44.119, 0.0, 0.0, 0.0, 0.0, 0.0, 0.0, 0.0, 0.0, 0.0
31.817155122756958, 0.0, 0.0, 0.0, -44.119, 44.119, 0.0, 0.0, 0.0, 0.0, 0.0, 0.0, 0.0, 0.0, 0.0
31.865153074264526, 0.0, 0.0, 0.0, -44.119, 44.119, 0.0, 0.0, 0.0, 0.0, 0.0, 0.0, 0.0, 0.0, 0.0
31.929389238357544, 0.0, 0.0, 0.0, -44.119, 44.119, 0.0, 0.0, 0.0, 0.0, 0.0, 0.0, 0.0, 0.0, 0.0
31.97757911682129, 0.0, 0.0, 0.0, -44.119, 44.119, 0.0, 0.0, 0.0, 0.0, 0.0, 0.0, 0.0, 0.0, 0.0
32.025636196136475, 0.0, 0.0, 0.0, -44.119, 44.119, 0.0, 0.0, 0.0, 0.0, 0.0, 0.0, 0.0, 0.0, 0.0
32.07377314567566, 0.0, 0.0, 0.0, -44.119, 44.119, 0.0, 0.0, 0.0, 0.0, 0.0, 0.0, 0.0, 0.0, 0.0
32.12194108963013, 0.0, 0.0, 0.0, -44.119, 44.119, 0.0, 0.0, 0.0, 0.0, 0.0, 0.0, 0.0, 0.0, 0.0
32.18615198135376, 0.0, 0.0, 0.0, -44.119, 44.119, 0.0, 0.0, 0.0, 0.0, 0.0, 0.0, 0.0, 0.0, 0.0
32.234336137771606, 0.0, 0.0, 0.0, -44.119, 44.119, 0.0, 0.0, 0.0, 0.0, 0.0, 0.0, 0.0, 0.0, 0.0
32.282546281814575, 0.0, 0.0, 0.0, -44.119, 44.119, 0.0, 0.0, 0.0, 0.0, 0.0, 0.0, 0.0, 0.0, 0.0
32.33064126968384, 0.0, 0.0, 0.0, -44.119, 44.119, 0.0, 0.0, 0.0, 0.0, 0.0, 0.0, 0.0, 0.0, 0.0
32.378973960876465, 0.0, 0.0, 0.0, -44.119, 44.119, 0.0, 0.0, 0.0, 0.0, 0.0, 0.0, 0.0, 0.0, 0.0
32.426963090896606, 0.0, 0.0, 0.0, -44.119, 44.119, 0.0, 0.0, 0.0, 0.0, 0.0, 0.0, 0.0, 0.0, 0.0
32.49120306968689, 0.0, 0.0, 0.0, -44.119, 44.119, 0.0, 0.0, 0.0, 0.0, 0.0, 0.0, 0.0, 0.0, 0.0
32.53937220573425, 0.0, 0.0, 0.0, -44.119, 44.119, 0.0, 0.0, 0.0, 0.0, 0.0, 0.0, 0.0, 0.0, 0.0
32.58745503425598, 0.0, 0.0, 0.0, -44.119, 44.119, 0.0, 0.0, 0.0, 0.0, 0.0, 0.0, 0.0, 0.0, 0.0
32.63574409484863, 0.0, 0.0, 0.0, -44.119, 44.119, 0.0, 0.0, 0.0, 0.0, 0.0, 0.0, 0.0, 0.0, 0.0
32.68391299247742, 0.0, 0.0, 0.0, -44.119, 44.119, 0.0, 0.0, 0.0, 0.0, 0.0, 0.0, 0.0, 0.0, 0.0
32.732102155685425, 0.0, 0.0, 0.0, -44.119, 44.119, 0.0, 0.0, 0.0, 0.0, 0.0, 0.0, 0.0, 0.0, 0.0
32.79627823829651, 0.0, 0.0, 0.0, -44.119, 44.119, 0.0, 0.0, 0.0, 0.0, 0.0, 0.0, 0.0, 0.0, 0.0
32.84450626373291, 0.0, 0.0, 0.0, -44.119, 44.119, 0.0, 0.0, 0.0, 0.0, 0.0, 0.0, 0.0, 0.0, 0.0
32.89262914657593, 0.0, 0.0, 0.0, -44.119, 44.119, 0.0, 0.0, 0.0, 0.0, 0.0, 0.0, 0.0, 0.0, 0.0
32.94078326225281, 0.0, 0.0, 0.0, -44.119, 44.119, 0.0, 0.0, 0.0, 0.0, 0.0, 0.0, 0.0, 0.0, 0.0
32.98894214630127, 0.0, 0.0, 0.0, -44.119, 44.119, 0.0, 0.0, 0.0, 0.0, 0.0, 0.0, 0.0, 0.0, 0.0
33.03713417053223, 0.0, 0.0, 0.0, -44.119, 44.119, 0.0, 0.0, 0.0, 0.0, 0.0, 0.0, 0.0, 0.0, 0.0
33.10134816169739, 0.0, 0.0, 0.0, -44.119, 44.119, 0.0, 0.0, 0.0, 0.0, 0.0, 0.0, 0.0, 0.0, 0.0
33.149436235427856, 0.0, 0.0, 0.0, -44.119, 44.119, 0.0, 0.0, 0.0, 0.0, 0.0, 0.0, 0.0, 0.0, 0.0
33.197625160217285, 0.0, 0.0, 0.0, -44.119, 44.119, 0.0, 0.0, 0.0, 0.0, 0.0, 0.0, 0.0, 0.0, 0.0
33.24565100669861, 0.0, 0.0, 0.0, -44.119, 44.119, 0.0, 0.0, 0.0, 0.0, 0.0, 0.0, 0.0, 0.0, 0.0
33.29393911361694, 0.0, 0.0, 0.0, -44.119, 44.119, 0.0, 0.0, 0.0, 0.0, 0.0, 0.0, 0.0, 0.0, 0.0
33.342069149017334, 0.0, 0.0, 0.0, -44.119, 44.119, 0.0, 0.0, 0.0, 0.0, 0.0, 0.0, 0.0, 0.0, 0.0
33.40632724761963, 0.0, 0.0, 0.0, -44.119, 44.119, 0.0, 0.0, 0.0, 0.0, 0.0, 0.0, 0.0, 0.0, 0.0
33.45443320274353, 0.0, 0.0, 0.0, -44.119, 44.119, 0.0, 0.0, 0.0, 0.0, 0.0, 0.0, 0.0, 0.0, 0.0
33.502652168273926, 0.0, 0.0, 0.0, -44.119, 44.119, 0.0, 0.0, 0.0, 0.0, 0.0, 0.0, 0.0, 0.0, 0.0
33.55079913139343, 0.0, 0.0, 0.0, -44.119, 44.119, 0.0, 0.0, 0.0, 0.0, 0.0, 0.0, 0.0, 0.0, 0.0
33.598973989486694, 0.0, 0.0, 0.0, -44.119, 44.119, 0.0, 0.0, 0.0, 0.0, 0.0, 0.0, 0.0, 0.0, 0.0
33.663119316101074, 0.0, 0.0, 0.0, -44.119, 44.119, 0.0, 0.0, 0.0, 0.0, 0.0, 0.0, 0.0, 0.0, 0.0
33.711379051208496, 0.0, 0.0, 0.0, -44.119, 44.119, 0.0, 0.0, 0.0, 0.0, 0.0, 0.0, 0.0, 0.0, 0.0
33.75952219963074, 0.0, 0.0, 0.0, -44.119, 44.119, 0.0, 0.0, 0.0, 0.0, 0.0, 0.0, 0.0, 0.0, 0.0
33.80785822868347, 0.0, 0.0, 0.0, -44.119, 44.119, 0.0, 0.0, 0.0, 0.0, 0.0, 0.0, 0.0, 0.0, 0.0
33.85588717460632, 0.0, 0.0, 0.0, -44.119, 44.119, 0.0, 0.0, 0.0, 0.0, 0.0, 0.0, 0.0, 0.0, 0.0
33.90402317047119, 0.0, 0.0, 0.0, -44.119, 44.119, 0.0, 0.0, 0.0, 0.0, 0.0, 0.0, 0.0, 0.0, 0.0
33.968263387680054, 0.0, 0.0, 0.0, -44.119, 44.119, 0.0, 0.0, 0.0, 0.0, 0.0, 0.0, 0.0, 0.0, 0.0
34.01636815071106, 0.0, 0.0, 0.0, -44.119, 44.119, 0.0, 0.0, 0.0, 0.0, 0.0, 0.0, 0.0, 0.0, 0.0
34.0646071434021, 0.0, 0.0, 0.0, -44.119, 44.119, 0.0, 0.0, 0.0, 0.0, 0.0, 0.0, 0.0, 0.0, 0.0
34.11262798309326, 0.0, 0.0, 0.0, -44.119, 44.119, 0.0, 0.0, 0.0, 0.0, 0.0, 0.0, 0.0, 0.0, 0.0
34.160932302474976, 0.0, 0.0, 0.0, -44.119, 44.119, 0.0, 0.0, 0.0, 0.0, 0.0, 0.0, 0.0, 0.0, 0.0
34.225102186203, 0.0, 0.0, 0.0, -44.119, 44.119, 0.0, 0.0, 0.0, 0.0, 0.0, 0.0, 0.0, 0.0, 0.0
34.27322506904602, 0.0, 0.0, 0.0, -44.119, 44.119, 0.0, 0.0, 0.0, 0.0, 0.0, 0.0, 0.0, 0.0, 0.0
34.321484088897705, 0.0, 0.0, 0.0, -44.119, 44.119, 0.0, 0.0, 0.0, 0.0, 0.0, 0.0, 0.0, 0.0, 0.0
34.36963510513306, 0.0, 0.0, 0.0, -44.119, 44.119, 0.0, 0.0, 0.0, 0.0, 0.0, 0.0, 0.0, 0.0, 0.0
34.417720079422, 0.0, 0.0, 0.0, -44.119, 44.119, 0.0, 0.0, 0.0, 0.0, 0.0, 0.0, 0.0, 0.0, 0.0
34.46590209007263, 0.0, 0.0, 0.0, -44.119, 44.119, 0.0, 0.0, 0.0, 0.0, 0.0, 0.0, 0.0, 0.0, 0.0
34.53009819984436, 0.0, 0.0, 0.0, -44.119, 44.119, 0.0, 0.0, 0.0, 0.0, 0.0, 0.0, 0.0, 0.0, 0.0
34.578251123428345, 0.0, 0.0, 0.0, -44.119, 44.119, 0.0, 0.0, 0.0, 0.0, 0.0, 0.0, 0.0, 0.0, 0.0
34.6265332698822, 0.0, 0.0, 0.0, -44.119, 44.119, 0.0, 0.0, 0.0, 0.0, 0.0, 0.0, 0.0, 0.0, 0.0
34.67463707923889, 0.0, 0.0, 0.0, -44.119, 44.119, 0.0, 0.0, 0.0, 0.0, 0.0, 0.0, 0.0, 0.0, 0.0
34.72273826599121, 0.0, 0.0, 0.0, -44.119, 44.119, 0.0, 0.0, 0.0, 0.0, 0.0, 0.0, 0.0, 0.0, 0.0
34.770923137664795, 0.0, 0.0, 0.0, -44.119, 44.119, 0.0, 0.0, 0.0, 0.0, 0.0, 0.0, 0.0, 0.0, 0.0
34.835055112838745, 0.0, 0.0, 0.0, -44.119, 44.119, 0.0, 0.0, 0.0, 0.0, 0.0, 0.0, 0.0, 0.0, 0.0
34.88326716423035, 0.0, 0.0, 0.0, -44.119, 44.119, 0.0, 0.0, 0.0, 0.0, 0.0, 0.0, 0.0, 0.0, 0.0
34.931432008743286, 0.0, 0.0, 0.0, -44.119, 44.119, 0.0, 0.0, 0.0, 0.0, 0.0, 0.0, 0.0, 0.0, 0.0
34.97960805892944, 0.0, 0.0, 0.0, -44.119, 44.119, 0.0, 0.0, 0.0, 0.0, 0.0, 0.0, 0.0, 0.0, 0.0
35.02779221534729, 0.0, 0.0, 0.0, -44.119, 44.119, 0.0, 0.0, 0.0, 0.0, 0.0, 0.0, 0.0, 0.0, 0.0
35.09205508232117, 0.0, 0.0, 0.0, -44.119, 44.119, 0.0, 0.0, 0.0, 0.0, 0.0, 0.0, 0.0, 0.0, 0.0
35.14033532142639, 0.0, 0.0, 0.0, -44.119, 44.119, 0.0, 0.0, 0.0, 0.0, 0.0, 0.0, 0.0, 0.0, 0.0
35.18838024139404, 0.0, 0.0, 0.0, -44.119, 44.119, 0.0, 0.0, 0.0, 0.0, 0.0, 0.0, 0.0, 0.0, 0.0
35.236454248428345, 0.0, 0.0, 0.0, -44.185, 44.185, 0.0, 0.0, 0.0, 0.0, 0.0, 0.0, 0.0, 0.0, 0.0
35.28467416763306, 0.0, 0.0, 0.0, -44.312, 44.312, 0.0, 0.0, 0.0, 0.0, 0.0, 0.0, 0.0, 0.0, 0.0
35.348833084106445, 0.0, 0.0, 0.0, -44.448, 44.448, 0.0, 0.0, 0.0, 0.0, 0.0, 0.0, 0.0, 0.0, 0.0
35.39697623252869, 0.0, 0.0, 0.0, -44.594, 44.594, 0.0, 0.0, 0.0, 0.0, 0.0, 0.0, 0.0, 0.0, 0.0
35.44519305229187, 0.0, 0.0, 0.0, -44.736, 44.736, 0.0, 0.0, 0.0, 0.0, 0.0, 0.0, 0.0, 0.0, 0.0
35.49332618713379, 0.0, 0.0, 0.0, -44.884, 44.884, 0.0, 0.0, 0.0, 0.0, 0.0, 0.0, 0.0, 0.0, 0.0
35.541468381881714, 0.0, 0.0, 0.0, -45.036, 45.036, 0.0, 0.0, 0.0, 0.0, 0.0, 0.0, 0.0, 0.0, 0.0
35.58964729309082, 0.0, 0.0, 0.0, -45.182, 45.182, 0.0, 0.0, 0.0, 0.0, 0.0, 0.0, 0.0, 0.0, 0.0
35.654030084609985, 0.0, 0.0, 0.0, -45.335, 45.335, 0.0, 0.0, 0.0, 0.0, 0.0, 0.0, 0.0, 0.0, 0.0
35.70200228691101, 0.0, 0.0, 0.0, -45.487, 45.487, 0.0, 0.0, 0.0, 0.0, 0.0, 0.0, 0.0, 0.0, 0.0
35.750298261642456, 0.0, 0.0, 0.0, -45.629, 45.629, 0.0, 0.0, 0.0, 0.0, 0.0, 0.0, 0.0, 0.0, 0.0
35.79835510253906, 0.0, 0.0, 0.0, -45.778, 45.778, 0.0, 0.0, 0.0, 0.0, 0.0, 0.0, 0.0, 0.0, 0.0
35.84648299217224, 0.0, 0.0, 0.0, -45.931, 45.931, 0.0, 0.0, 0.0, 0.0, 0.0, 0.0, 0.0, 0.0, 0.0
35.91076302528381, 0.0, 0.0, 0.0, -46.094, 46.094, 0.0, 0.0, 0.0, 0.0, 0.0, 0.0, 0.0, 0.0, 0.0
35.958898305892944, 0.0, 0.0, 0.0, -46.244, 46.244, 0.0, 0.0, 0.0, 0.0, 0.0, 0.0, 0.0, 0.0, 0.0
36.00698709487915, 0.0, 0.0, 0.0, -46.382, 46.382, 0.0, 0.0, 0.0, 0.0, 0.0, 0.0, 0.0, 0.0, 0.0
36.05517220497131, 0.0, 0.0, 0.0, -46.521, 46.521, 0.0, 0.0, 0.0, 0.0, 0.0, 0.0, 0.0, 0.0, 0.0
36.10343623161316, 0.0, 0.0, 0.0, -46.666, 46.666, 0.0, 0.0, 0.0, 0.0, 0.0, 0.0, 0.0, 0.0, 0.0
36.15152311325073, 0.0, 0.0, 0.0, -46.832, 46.832, 0.0, 0.0, 0.0, 0.0, 0.0, 0.0, 0.0, 0.0, 0.0
36.21579432487488, 0.0, 0.0, 0.0, -46.961, 46.961, 0.0, 0.0, 0.0, 0.0, 0.0, 0.0, 0.0, 0.0, 0.0
36.26387929916382, 0.0, 0.0, 0.0, -47.096, 47.096, 0.0, 0.0, 0.0, 0.0, 0.0, 0.0, 0.0, 0.0, 0.0
36.31224513053894, 0.0, 0.0, 0.0, -47.234, 47.234, 0.0, 0.0, 0.0, 0.0, 0.0, 0.0, 0.0, 0.0, 0.0
36.3602352142334, 0.0, 0.0, 0.0, -47.386, 47.386, 0.0, 0.0, 0.0, 0.0, 0.0, 0.0, 0.0, 0.0, 0.0
36.40847110748291, 0.0, 0.0, 0.0, -47.536, 47.536, 0.0, 0.0, 0.0, 0.0, 0.0, 0.0, 0.0, 0.0, 0.0
36.45671725273132, 0.0, 0.0, 0.0, -47.685, 47.685, 0.0, 0.0, 0.0, 0.0, 0.0, 0.0, 0.0, 0.0, 0.0
36.52076601982117, 0.0, 0.0, 0.0, -47.848, 47.848, 0.0, 0.0, 0.0, 0.0, 0.0, 0.0, 0.0, 0.0, 0.0
36.56894516944885, 0.0, 0.0, 0.0, -47.992, 47.992, 0.0, 0.0, 0.0, 0.0, 0.0, 0.0, 0.0, 0.0, 0.0
36.61708426475525, 0.0, 0.0, 0.0, -48.141, 48.141, 0.0, 0.0, 0.0, 0.0, 0.0, 0.0, 0.0, 0.0, 0.0
36.66524815559387, 0.0, 0.0, 0.0, -48.312, 48.312, 0.0, 0.0, 0.0, 0.0, 0.0, 0.0, 0.0, 0.0, 0.0
36.7134153842926, 0.0, 0.0, 0.0, -48.454, 48.454, 0.0, 0.0, 0.0, 0.0, 0.0, 0.0, 0.0, 0.0, 0.0
36.77763509750366, 0.0, 0.0, 0.0, -48.586, 48.586, 0.0, 0.0, 0.0, 0.0, 0.0, 0.0, 0.0, 0.0, 0.0
36.82579207420349, 0.0, 0.0, 0.0, -48.729, 48.729, 0.0, 0.0, 0.0, 0.0, 0.0, 0.0, 0.0, 0.0, 0.0
36.87399196624756, 0.0, 0.0, 0.0, -48.876, 48.876, 0.0, 0.0, 0.0, 0.0, 0.0, 0.0, 0.0, 0.0, 0.0
36.922099113464355, 0.0, 0.0, 0.0, -49.035, 49.035, 0.0, 0.0, 0.0, 0.0, 0.0, 0.0, 0.0, 0.0, 0.0
36.97024917602539, 0.0, 0.0, 0.0, -49.168, 49.168, 0.0, 0.0, 0.0, 0.0, 0.0, 0.0, 0.0, 0.0, 0.0
37.01841998100281, 0.0, 0.0, 0.0, -49.311, 49.311, 0.0, 0.0, 0.0, 0.0, 0.0, 0.0, 0.0, 0.0, 0.0
37.082733154296875, 0.0, 0.0, 0.0, -49.435, 49.435, 0.0, 0.0, 0.0, 0.0, 0.0, 0.0, 0.0, 0.0, 0.0
37.13084125518799, 0.0, 0.0, 0.0, -49.599, 49.599, 0.0, 0.0, 0.0, 0.0, 0.0, 0.0, 0.0, 0.0, 0.0
37.178956031799316, 0.0, 0.0, 0.0, -49.739, 49.739, 0.0, 0.0, 0.0, 0.0, 0.0, 0.0, 0.0, 0.0, 0.0
37.22706413269043, 0.0, 0.0, 0.0, -49.887, 49.887, 0.0, 0.0, 0.0, 0.0, 0.0, 0.0, 0.0, 0.0, 0.0
37.2752251625061, 0.0, 0.0, 0.0, -50.016, 50.016, 0.0, 0.0, 0.0, 0.0, 0.0, 0.0, 0.0, 0.0, 0.0
37.32343816757202, 0.0, 0.0, 0.0, -50.151, 50.151, 0.0, 0.0, 0.0, 0.0, 0.0, 0.0, 0.0, 0.0, 0.0
37.38778114318848, 0.0, 0.0, 0.0, -50.305, 50.305, 0.0, 0.0, 0.0, 0.0, 0.0, 0.0, 0.0, 0.0, 0.0
37.43590307235718, 0.0, 0.0, 0.0, -50.442, 50.442, 0.0, 0.0, 0.0, 0.0, 0.0, 0.0, 0.0, 0.0, 0.0
37.48402118682861, 0.0, 0.0, 0.0, -50.585, 50.585, 0.0, 0.0, 0.0, 0.0, 0.0, 0.0, 0.0, 0.0, 0.0
37.53214693069458, 0.0, 0.0, 0.0, -50.734, 50.734, 0.0, 0.0, 0.0, 0.0, 0.0, 0.0, 0.0, 0.0, 0.0
37.580390214920044, 0.0, 0.0, 0.0, -50.896, 50.896, 0.0, 0.0, 0.0, 0.0, 0.0, 0.0, 0.0, 0.0, 0.0
37.62848615646362, 0.0, 0.0, 0.0, -51.046, 51.046, 0.0, 0.0, 0.0, 0.0, 0.0, 0.0, 0.0, 0.0, 0.0
37.692726135253906, 0.0, 0.0, 0.0, -51.195, 51.195, 0.0, 0.0, 0.0, 0.0, 0.0, 0.0, 0.0, 0.0, 0.0
37.74090504646301, 0.0, 0.0, 0.0, -51.351, 51.351, 0.0, 0.0, 0.0, 0.0, 0.0, 0.0, 0.0, 0.0, 0.0
37.78914999961853, 0.0, 0.0, 0.0, -51.488, 51.488, 0.0, 0.0, 0.0, 0.0, 0.0, 0.0, 0.0, 0.0, 0.0
37.83728528022766, 0.0, 0.0, 0.0, -51.627, 51.627, 0.0, 0.0, 0.0, 0.0, 0.0, 0.0, 0.0, 0.0, 0.0
37.88540697097778, 0.0, 0.0, 0.0, -51.767, 51.767, 0.0, 0.0, 0.0, 0.0, 0.0, 0.0, 0.0, 0.0, 0.0
37.94958710670471, 0.0, 0.0, 0.0, -51.908, 51.908, 0.0, 0.0, 0.0, 0.0, 0.0, 0.0, 0.0, 0.0, 0.0
37.9976761341095, 0.0, 0.0, 0.0, -52.057, 52.057, 0.0, 0.0, 0.0, 0.0, 0.0, 0.0, 0.0, 0.0, 0.0
38.045868158340454, 0.0, 0.0, 0.0, -52.186, 52.186, 0.0, 0.0, 0.0, 0.0, 0.0, 0.0, 0.0, 0.0, 0.0
38.09404420852661, 0.0, 0.0, 0.0, -52.335, 52.335, 0.0, 0.0, 0.0, 0.0, 0.0, 0.0, 0.0, 0.0, 0.0
38.14218711853027, 0.0, 0.0, 0.0, -52.489, 52.489, 0.0, 0.0, 0.0, 0.0, 0.0, 0.0, 0.0, 0.0, 0.0
38.206462144851685, 0.0, 0.0, 0.0, -52.622, 52.622, 0.0, 0.0, 0.0, 0.0, 0.0, 0.0, 0.0, 0.0, 0.0
38.2545690536499, 0.0, 0.0, 0.0, -52.79, 52.79, 0.0, 0.0, 0.0, 0.0, 0.0, 0.0, 0.0, 0.0, 0.0
38.3027400970459, 0.0, 0.0, 0.0, -52.956, 52.956, 0.0, 0.0, 0.0, 0.0, 0.0, 0.0, 0.0, 0.0, 0.0
38.35100698471069, 0.0, 0.0, 0.0, -53.11, 53.11, 0.0, 0.0, 0.0, 0.0, 0.0, 0.0, 0.0, 0.0, 0.0
38.39902424812317, 0.0, 0.0, 0.0, -53.262, 53.262, 0.0, 0.0, 0.0, 0.0, 0.0, 0.0, 0.0, 0.0, 0.0
38.463332176208496, 0.0, 0.0, 0.0, -53.404, 53.404, 0.0, 0.0, 0.0, 0.0, 0.0, 0.0, 0.0, 0.0, 0.0
38.51139712333679, 0.0, 0.0, 0.0, -53.571, 53.571, 0.0, 0.0, 0.0, 0.0, 0.0, 0.0, 0.0, 0.0, 0.0
38.55960702896118, 0.0, 0.0, 0.0, -53.723, 53.723, 0.0, 0.0, 0.0, 0.0, 0.0, 0.0, 0.0, 0.0, 0.0
38.607739210128784, 0.0, 0.0, 0.0, -53.855, 53.855, 0.0, 0.0, 0.0, 0.0, 0.0, 0.0, 0.0, 0.0, 0.0
38.655951261520386, 0.0, 0.0, 0.0, -54.009, 54.009, 0.0, 0.0, 0.0, 0.0, 0.0, 0.0, 0.0, 0.0, 0.0
38.70411229133606, 0.0, 0.0, 0.0, -54.161, 54.161, 0.0, 0.0, 0.0, 0.0, 0.0, 0.0, 0.0, 0.0, 0.0
38.768301248550415, 0.0, 0.0, 0.0, -54.3, 54.3, 0.0, 0.0, 0.0, 0.0, 0.0, 0.0, 0.0, 0.0, 0.0
38.81648015975952, 0.0, 0.0, 0.0, -54.451, 54.451, 0.0, 0.0, 0.0, 0.0, 0.0, 0.0, 0.0, 0.0, 0.0
38.86463737487793, 0.0, 0.0, 0.0, -54.583, 54.583, 0.0, 0.0, 0.0, 0.0, 0.0, 0.0, 0.0, 0.0, 0.0
38.912758111953735, 0.0, 0.0, 0.0, -54.738, 54.738, 0.0, 0.0, 0.0, 0.0, 0.0, 0.0, 0.0, 0.0, 0.0
38.960984230041504, 0.0, 0.0, 0.0, -54.866, 54.866, 0.0, 0.0, 0.0, 0.0, 0.0, 0.0, 0.0, 0.0, 0.0
39.00910425186157, 0.0, 0.0, 0.0, -55.027, 55.027, 0.0, 0.0, 0.0, 0.0, 0.0, 0.0, 0.0, 0.0, 0.0
39.073392152786255, 0.0, 0.0, 0.0, -55.178, 55.178, 0.0, 0.0, 0.0, 0.0, 0.0, 0.0, 0.0, 0.0, 0.0
39.121464252471924, 0.0, 0.0, 0.0, -55.313, 55.313, 0.0, 0.0, 0.0, 0.0, 0.0, 0.0, 0.0, 0.0, 0.0
39.169623136520386, 0.0, 0.0, 0.0, -55.465, 55.465, 0.0, 0.0, 0.0, 0.0, 0.0, 0.0, 0.0, 0.0, 0.0
39.21778416633606, 0.0, 0.0, 0.0, -55.608, 55.608, 0.0, 0.0, 0.0, 0.0, 0.0, 0.0, 0.0, 0.0, 0.0
39.2659273147583, 0.0, 0.0, 0.0, -55.74, 55.74, 0.0, 0.0, 0.0, 0.0, 0.0, 0.0, 0.0, 0.0, 0.0
39.330121994018555, 0.0, 0.0, 0.0, -55.882, 55.882, 0.0, 0.0, 0.0, 0.0, 0.0, 0.0, 0.0, 0.0, 0.0
39.3783700466156, 0.0, 0.0, 0.0, -56.025, 56.025, 0.0, 0.0, 0.0, 0.0, 0.0, 0.0, 0.0, 0.0, 0.0
39.42650508880615, 0.0, 0.0, 0.0, -56.195, 56.195, 0.0, 0.0, 0.0, 0.0, 0.0, 0.0, 0.0, 0.0, 0.0
39.4748170375824, 0.0, 0.0, 0.0, -56.35, 56.35, 0.0, 0.0, 0.0, 0.0, 0.0, 0.0, 0.0, 0.0, 0.0
39.5228590965271, 0.0, 0.0, 0.0, -56.479, 56.479, 0.0, 0.0, 0.0, 0.0, 0.0, 0.0, 0.0, 0.0, 0.0
39.57101321220398, 0.0, 0.0, 0.0, -56.624, 56.624, 0.0, 0.0, 0.0, 0.0, 0.0, 0.0, 0.0, 0.0, 0.0
39.63534116744995, 0.0, 0.0, 0.0, -56.753, 56.753, 0.0, 0.0, 0.0, 0.0, 0.0, 0.0, 0.0, 0.0, 0.0
39.683396100997925, 0.0, 0.0, 0.0, -56.885, 56.885, 0.0, 0.0, 0.0, 0.0, 0.0, 0.0, 0.0, 0.0, 0.0
39.7316370010376, 0.0, 0.0, 0.0, -57.03, 57.03, 0.0, 0.0, 0.0, 0.0, 0.0, 0.0, 0.0, 0.0, 0.0
39.77978515625, 0.0, 0.0, 0.0, -57.186, 57.186, 0.0, 0.0, 0.0, 0.0, 0.0, 0.0, 0.0, 0.0, 0.0
39.82799005508423, 0.0, 0.0, 0.0, -57.354, 57.354, 0.0, 0.0, 0.0, 0.0, 0.0, 0.0, 0.0, 0.0, 0.0
39.87612438201904, 0.0, 0.0, 0.0, -57.49, 57.49, 0.0, 0.0, 0.0, 0.0, 0.0, 0.0, 0.0, 0.0, 0.0
39.94024610519409, 0.0, 0.0, 0.0, -57.628, 57.628, 0.0, 0.0, 0.0, 0.0, 0.0, 0.0, 0.0, 0.0, 0.0
39.988381147384644, 0.0, 0.0, 0.0, -57.769, 57.769, 0.0, 0.0, 0.0, 0.0, 0.0, 0.0, 0.0, 0.0, 0.0
40.0366153717041, 0.0, 0.0, 0.0, -57.922, 57.922, 0.0, 0.0, 0.0, 0.0, 0.0, 0.0, 0.0, 0.0, 0.0
40.084721326828, 0.0, 0.0, 0.0, -58.073, 58.073, 0.0, 0.0, 0.0, 0.0, 0.0, 0.0, 0.0, 0.0, 0.0
40.13287830352783, 0.0, 0.0, 0.0, -58.2, 58.2, 0.0, 0.0, 0.0, 0.0, 0.0, 0.0, 0.0, 0.0, 0.0
40.19708704948425, 0.0, 0.0, 0.0, -58.346, 58.346, 0.0, 0.0, 0.0, 0.0, 0.0, 0.0, 0.0, 0.0, 0.0
40.24527311325073, 0.0, 0.0, 0.0, -58.491, 58.491, 0.0, 0.0, 0.0, 0.0, 0.0, 0.0, 0.0, 0.0, 0.0
40.2934672832489, 0.0, 0.0, 0.0, -58.637, 58.637, 0.0, 0.0, 0.0, 0.0, 0.0, 0.0, 0.0, 0.0, 0.0
40.341604232788086, 0.0, 0.0, 0.0, -58.714, 58.714, 0.0, 0.0, 0.0, 0.0, 0.0, 0.0, 0.0, 0.0, 0.0
40.389756202697754, 0.0, 0.0, 0.0, -58.714, 58.714, 0.0, 0.0, 0.0, 0.0, 0.0, 0.0, 0.0, 0.0, 0.0
40.45401120185852, 0.0, 0.0, 0.0, -58.714, 58.714, 0.0, 0.0, 0.0, 0.0, 0.0, 0.0, 0.0, 0.0, 0.0
40.50213408470154, 0.0, 0.0, 0.0, -58.714, 58.714, 0.0, 0.0, 0.0, 0.0, 0.0, 0.0, 0.0, 0.0, 0.0
40.55050802230835, 0.0, 0.0, 0.0, -58.714, 58.714, 0.0, 0.0, 0.0, 0.0, 0.0, 0.0, 0.0, 0.0, 0.0
40.598573207855225, 0.0, 0.0, 0.0, -58.714, 58.714, 0.0, 0.0, 0.0, 0.0, 0.0, 0.0, 0.0, 0.0, 0.0
40.64664912223816, 0.0, 0.0, 0.0, -58.714, 58.714, 0.0, 0.0, 0.0, 0.0, 0.0, 0.0, 0.0, 0.0, 0.0
40.69479417800903, 0.0, 0.0, 0.0, -58.714, 58.714, 0.0, 0.0, 0.0, 0.0, 0.0, 0.0, 0.0, 0.0, 0.0
40.75901126861572, 0.0, 0.0, 0.0, -58.714, 58.714, 0.0, 0.0, 0.0, 0.0, 0.0, 0.0, 0.0, 0.0, 0.0
40.80723714828491, 0.0, 0.0, 0.0, -58.714, 58.714, 0.0, 0.0, 0.0, 0.0, 0.0, 0.0, 0.0, 0.0, 0.0
40.85537838935852, 0.0, 0.0, 0.0, -58.714, 58.714, 0.0, 0.0, 0.0, 0.0, 0.0, 0.0, 0.0, 0.0, 0.0
40.90343618392944, 0.0, 0.0, 0.0, -58.714, 58.714, 0.0, 0.0, 0.0, 0.0, 0.0, 0.0, 0.0, 0.0, 0.0
40.95162510871887, 0.0, 0.0, 0.0, -58.714, 58.714, 0.0, 0.0, 0.0, 0.0, 0.0, 0.0, 0.0, 0.0, 0.0
41.01583123207092, 0.0, 0.0, 0.0, -58.714, 58.714, 0.0, 0.0, 0.0, 0.0, 0.0, 0.0, 0.0, 0.0, 0.0
41.06394028663635, 0.0, 0.0, 0.0, -58.714, 58.714, 0.0, 0.0, 0.0, 0.0, 0.0, 0.0, 0.0, 0.0, 0.0
41.11225128173828, 0.0, 0.0, 0.0, -58.714, 58.714, 0.0, 0.0, 0.0, 0.0, 0.0, 0.0, 0.0, 0.0, 0.0
41.160362005233765, 0.0, 0.0, 0.0, -58.714, 58.714, 0.0, 0.0, 0.0, 0.0, 0.0, 0.0, 0.0, 0.0, 0.0
41.20846223831177, 0.0, 0.0, 0.0, -58.714, 58.714, 0.0, 0.0, 0.0, 0.0, 0.0, 0.0, 0.0, 0.0, 0.0
41.25671029090881, 0.0, 0.0, 0.0, -58.714, 58.714, 0.0, 0.0, 0.0, 0.0, 0.0, 0.0, 0.0, 0.0, 0.0
41.30487823486328, 0.0, 0.0, 0.0, -58.714, 58.714, 0.0, 0.0, 0.0, 0.0, 0.0, 0.0, 0.0, 0.0, 0.0
41.36909008026123, 0.0, 0.0, 0.0, -58.714, 58.714, 0.0, 0.0, 0.0, 0.0, 0.0, 0.0, 0.0, 0.0, 0.0
41.41719126701355, 0.0, 0.0, 0.0, -58.714, 58.714, 0.0, 0.0, 0.0, 0.0, 0.0, 0.0, 0.0, 0.0, 0.0
41.46539235115051, 0.0, 0.0, 0.0, -58.714, 58.714, 0.0, 0.0, 0.0, 0.0, 0.0, 0.0, 0.0, 0.0, 0.0
41.513500928878784, 0.0, 0.0, 0.0, -58.714, 58.714, 0.0, 0.0, 0.0, 0.0, 0.0, 0.0, 0.0, 0.0, 0.0
41.56168508529663, 0.0, 0.0, 0.0, -58.714, 58.714, 0.0, 0.0, 0.0, 0.0, 0.0, 0.0, 0.0, 0.0, 0.0
41.62598729133606, 0.0, 0.0, 0.0, -58.714, 58.714, 0.0, 0.0, 0.0, 0.0, 0.0, 0.0, 0.0, 0.0, 0.0
41.67405319213867, 0.0, 0.0, 0.0, -58.714, 58.714, 0.0, 0.0, 0.0, 0.0, 0.0, 0.0, 0.0, 0.0, 0.0
41.72222113609314, 0.0, 0.0, 0.0, -58.714, 58.714, 0.0, 0.0, 0.0, 0.0, 0.0, 0.0, 0.0, 0.0, 0.0
41.77052426338196, 0.0, 0.0, 0.0, -58.714, 58.714, 0.0, 0.0, 0.0, 0.0, 0.0, 0.0, 0.0, 0.0, 0.0
41.818544149398804, 0.0, 0.0, 0.0, -58.714, 58.714, 0.0, 0.0, 0.0, 0.0, 0.0, 0.0, 0.0, 0.0, 0.0
41.88283705711365, 0.0, 0.0, 0.0, -58.714, 58.714, 0.0, 0.0, 0.0, 0.0, 0.0, 0.0, 0.0, 0.0, 0.0
41.93091011047363, 0.0, 0.0, 0.0, -58.714, 58.714, 0.0, 0.0, 0.0, 0.0, 0.0, 0.0, 0.0, 0.0, 0.0
41.979159116744995, 0.0, 0.0, 0.0, -58.714, 58.714, 0.0, 0.0, 0.0, 0.0, 0.0, 0.0, 0.0, 0.0, 0.0
42.027212142944336, 0.0, 0.0, 0.0, -58.714, 58.714, 0.0, 0.0, 0.0, 0.0, 0.0, 0.0, 0.0, 0.0, 0.0
42.07544231414795, 0.0, 0.0, 0.0, -58.714, 58.714, 0.0, 0.0, 0.0, 0.0, 0.0, 0.0, 0.0, 0.0, 0.0
42.13973307609558, 0.0, 0.0, 0.0, -58.714, 58.714, 0.0, 0.0, 0.0, 0.0, 0.0, 0.0, 0.0, 0.0, 0.0
42.187785148620605, 0.0, 0.0, 0.0, -58.714, 58.714, 0.0, 0.0, 0.0, 0.0, 0.0, 0.0, 0.0, 0.0, 0.0
42.23596429824829, 0.0, 0.0, 0.0, -58.714, 58.714, 0.0, 0.0, 0.0, 0.0, 0.0, 0.0, 0.0, 0.0, 0.0
42.284104108810425, 0.0, 0.0, 0.0, -58.714, 58.714, 0.0, 0.0, 0.0, 0.0, 0.0, 0.0, 0.0, 0.0, 0.0
42.33233118057251, 0.0, 0.0, 0.0, -58.714, 58.714, 0.0, 0.0, 0.0, 0.0, 0.0, 0.0, 0.0, 0.0, 0.0
42.38049530982971, 0.0, 0.0, 0.0, -58.714, 58.714, 0.0, 0.0, 0.0, 0.0, 0.0, 0.0, 0.0, 0.0, 0.0
42.44468402862549, 0.0, 0.0, 0.0, -58.714, 58.714, 0.0, 0.0, 0.0, 0.0, 0.0, 0.0, 0.0, 0.0, 0.0
42.4928081035614, 0.0, 0.0, 0.0, -58.714, 58.714, 0.0, 0.0, 0.0, 0.0, 0.0, 0.0, 0.0, 0.0, 0.0
42.54097008705139, 0.0, 0.0, 0.0, -58.714, 58.714, 0.0, 0.0, 0.0, 0.0, 0.0, 0.0, 0.0, 0.0, 0.0
42.589131116867065, 0.0, 0.0, 0.0, -58.714, 58.714, 0.0, 0.0, 0.0, 0.0, 0.0, 0.0, 0.0, 0.0, 0.0
42.63734030723572, 0.0, 0.0, 0.0, -58.714, 58.714, 0.0, 0.0, 0.0, 0.0, 0.0, 0.0, 0.0, 0.0, 0.0
42.70152521133423, 0.0, 0.0, 0.0, -58.714, 58.714, 0.0, 0.0, 0.0, 0.0, 0.0, 0.0, 0.0, 0.0, 0.0
42.74966311454773, 0.0, 0.0, 0.0, -58.714, 58.714, 0.0, 0.0, 0.0, 0.0, 0.0, 0.0, 0.0, 0.0, 0.0
42.79783821105957, 0.0, 0.0, 0.0, -58.714, 58.714, 0.0, 0.0, 0.0, 0.0, 0.0, 0.0, 0.0, 0.0, 0.0
42.84598422050476, 0.0, 0.0, 0.0, -58.714, 58.714, 0.0, 0.0, 0.0, 0.0, 0.0, 0.0, 0.0, 0.0, 0.0
42.894198179244995, 0.0, 0.0, 0.0, -58.714, 58.714, 0.0, 0.0, 0.0, 0.0, 0.0, 0.0, 0.0, 0.0, 0.0
42.942397356033325, 0.0, 0.0, 0.0, -58.714, 58.714, 0.0, 0.0, 0.0, 0.0, 0.0, 0.0, 0.0, 0.0, 0.0
43.00654911994934, 0.0, 0.0, 0.0, -58.714, 58.714, 0.0, 0.0, 0.0, 0.0, 0.0, 0.0, 0.0, 0.0, 0.0
43.05468821525574, 0.0, 0.0, 0.0, -58.714, 58.714, 0.0, 0.0, 0.0, 0.0, 0.0, 0.0, 0.0, 0.0, 0.0
43.10277032852173, 0.0, 0.0, 0.0, -58.714, 58.714, 0.0, 0.0, 0.0, 0.0, 0.0, 0.0, 0.0, 0.0, 0.0
43.150981187820435, 0.0, 0.0, 0.0, -58.714, 58.714, 0.0, 0.0, 0.0, 0.0, 0.0, 0.0, 0.0, 0.0, 0.0
43.19916915893555, 0.0, 0.0, 0.0, -58.714, 58.714, 0.0, 0.0, 0.0, 0.0, 0.0, 0.0, 0.0, 0.0, 0.0
43.24739408493042, 0.0, 0.0, 0.0, -58.714, 58.714, 0.0, 0.0, 0.0, 0.0, 0.0, 0.0, 0.0, 0.0, 0.0
43.31162214279175, 0.0, 0.0, 0.0, -58.714, 58.714, 0.0, 0.0, 0.0, 0.0, 0.0, 0.0, 0.0, 0.0, 0.0
43.359668016433716, 0.0, 0.0, 0.0, -58.714, 58.714, 0.0, 0.0, 0.0, 0.0, 0.0, 0.0, 0.0, 0.0, 0.0
43.407878160476685, 0.0, 0.0, 0.0, -58.714, 58.714, 0.0, 0.0, 0.0, 0.0, 0.0, 0.0, 0.0, 0.0, 0.0
43.456167221069336, 0.0, 0.0, 0.0, -58.714, 58.714, 0.0, 0.0, 0.0, 0.0, 0.0, 0.0, 0.0, 0.0, 0.0
43.504186153411865, 0.0, 0.0, 0.0, -58.714, 58.714, 0.0, 0.0, 0.0, 0.0, 0.0, 0.0, 0.0, 0.0, 0.0
43.552375078201294, 0.0, 0.0, 0.0, -58.714, 58.714, 0.0, 0.0, 0.0, 0.0, 0.0, 0.0, 0.0, 0.0, 0.0
43.616538286209106, 0.0, 0.0, 0.0, -58.714, 58.714, 0.0, 0.0, 0.0, 0.0, 0.0, 0.0, 0.0, 0.0, 0.0
43.66479015350342, 0.0, 0.0, 0.0, -58.714, 58.714, 0.0, 0.0, 0.0, 0.0, 0.0, 0.0, 0.0, 0.0, 0.0
43.712881326675415, 0.0, 0.0, 0.0, -58.714, 58.714, 0.0, 0.0, 0.0, 0.0, 0.0, 0.0, 0.0, 0.0, 0.0
43.761066198349, 0.0, 0.0, 0.0, -58.714, 58.714, 0.0, 0.0, 0.0, 0.0, 0.0, 0.0, 0.0, 0.0, 0.0
43.809282064437866, 0.0, 0.0, 0.0, -58.714, 58.714, 0.0, 0.0, 0.0, 0.0, 0.0, 0.0, 0.0, 0.0, 0.0
43.87339806556702, 0.0, 0.0, 0.0, -58.714, 58.714, 0.0, 0.0, 0.0, 0.0, 0.0, 0.0, 0.0, 0.0, 0.0
43.921603202819824, 0.0, 0.0, 0.0, -58.714, 58.714, 0.0, 0.0, 0.0, 0.0, 0.0, 0.0, 0.0, 0.0, 0.0
43.96969032287598, 0.0, 0.0, 0.0, -58.714, 58.714, 0.0, 0.0, 0.0, 0.0, 0.0, 0.0, 0.0, 0.0, 0.0
44.01796817779541, 0.0, 0.0, 0.0, -58.714, 58.714, 0.0, 0.0, 0.0, 0.0, 0.0, 0.0, 0.0, 0.0, 0.0
44.06607913970947, 0.0, 0.0, 0.0, -58.714, 58.714, 0.0, 0.0, 0.0, 0.0, 0.0, 0.0, 0.0, 0.0, 0.0
44.11432123184204, 0.0, 0.0, 0.0, -58.714, 58.714, 0.0, 0.0, 0.0, 0.0, 0.0, 0.0, 0.0, 0.0, 0.0
44.17846608161926, 0.0, 0.0, 0.0, -58.714, 58.714, 0.0, 0.0, 0.0, 0.0, 0.0, 0.0, 0.0, 0.0, 0.0
44.226606130599976, 0.0, 0.0, 0.0, -58.714, 58.714, 0.0, 0.0, 0.0, 0.0, 0.0, 0.0, 0.0, 0.0, 0.0
44.27482223510742, 0.0, 0.0, 0.0, -58.714, 58.714, 0.0, 0.0, 0.0, 0.0, 0.0, 0.0, 0.0, 0.0, 0.0
44.322914123535156, 0.0, 0.0, 0.0, -58.714, 58.714, 0.0, 0.0, 0.0, 0.0, 0.0, 0.0, 0.0, 0.0, 0.0
44.37106919288635, 0.0, 0.0, 0.0, -58.714, 58.714, 0.0, 0.0, 0.0, 0.0, 0.0, 0.0, 0.0, 0.0, 0.0
44.41932821273804, 0.0, 0.0, 0.0, -58.714, 58.714, 0.0, 0.0, 0.0, 0.0, 0.0, 0.0, 0.0, 0.0, 0.0
44.48349213600159, 0.0, 0.0, 0.0, -58.714, 58.714, 0.0, 0.0, 0.0, 0.0, 0.0, 0.0, 0.0, 0.0, 0.0
44.53170824050903, 0.0, 0.0, 0.0, -58.714, 58.714, 0.0, 0.0, 0.0, 0.0, 0.0, 0.0, 0.0, 0.0, 0.0
44.579864263534546, 0.0, 0.0, 0.0, -58.714, 58.714, 0.0, 0.0, 0.0, 0.0, 0.0, 0.0, 0.0, 0.0, 0.0
44.62799119949341, 0.0, 0.0, 0.0, -58.714, 58.714, 0.0, 0.0, 0.0, 0.0, 0.0, 0.0, 0.0, 0.0, 0.0
44.67615795135498, 0.0, 0.0, 0.0, -58.714, 58.714, 0.0, 0.0, 0.0, 0.0, 0.0, 0.0, 0.0, 0.0, 0.0
44.740347146987915, 0.0, 0.0, 0.0, -58.714, 58.714, 0.0, 0.0, 0.0, 0.0, 0.0, 0.0, 0.0, 0.0, 0.0
44.7885901927948, 0.0, 0.0, 0.0, -58.714, 58.714, 0.0, 0.0, 0.0, 0.0, 0.0, 0.0, 0.0, 0.0, 0.0
44.83676028251648, 0.0, 0.0, 0.0, -58.714, 58.714, 0.0, 0.0, 0.0, 0.0, 0.0, 0.0, 0.0, 0.0, 0.0
44.8848831653595, 0.0, 0.0, 0.0, -58.714, 58.714, 0.0, 0.0, 0.0, 0.0, 0.0, 0.0, 0.0, 0.0, 0.0
44.93305826187134, 0.0, 0.0, 0.0, -58.714, 58.714, 0.0, 0.0, 0.0, 0.0, 0.0, 0.0, 0.0, 0.0, 0.0
44.98119401931763, 0.0, 0.0, 0.0, -58.714, 58.714, 0.0, 0.0, 0.0, 0.0, 0.0, 0.0, 0.0, 0.0, 0.0
45.04551911354065, 0.0, 0.0, 0.0, -58.714, 58.714, 0.0, 0.0, 0.0, 0.0, 0.0, 0.0, 0.0, 0.0, 0.0
45.09360313415527, 0.0, 0.0, 0.0, -58.714, 58.714, 0.0, 0.0, 0.0, 0.0, 0.0, 0.0, 0.0, 0.0, 0.0
45.1416871547699, 0.0, 0.0, 0.0, -58.714, 58.714, 0.0, 0.0, 0.0, 0.0, 0.0, 0.0, 0.0, 0.0, 0.0
45.189945220947266, 0.0, 0.0, 0.0, -58.714, 58.714, 0.0, 0.0, 0.0, 0.0, 0.0, 0.0, 0.0, 0.0, 0.0
45.23801517486572, 0.0, 0.0, 0.0, -58.714, 58.714, 0.0, 0.0, 0.0, 0.0, 0.0, 0.0, 0.0, 0.0, 0.0
45.30236506462097, 0.0, 0.0, 0.0, -58.714, 58.714, 0.0, 0.0, 0.0, 0.0, 0.0, 0.0, 0.0, 0.0, 0.0
45.35040807723999, 0.0, 0.0, 0.0, -58.714, 58.714, 0.0, 0.0, 0.0, 0.0, 0.0, 0.0, 0.0, 0.0, 0.0
45.39859938621521, 0.0, 0.0, 0.0, -58.714, 58.714, 0.0, 0.0, 0.0, 0.0, 0.0, 0.0, 0.0, 0.0, 0.0
45.446704149246216, 0.0, 0.0, 0.0, -58.786, 58.786, 0.0, 0.0, 0.0, 0.0, 0.0, 0.0, 0.0, 0.0, 0.0
45.49489116668701, 0.0, 0.0, 0.0, -58.939, 58.939, 0.0, 0.0, 0.0, 0.0, 0.0, 0.0, 0.0, 0.0, 0.0
45.55911302566528, 0.0, 0.0, 0.0, -59.076, 59.076, 0.0, 0.0, 0.0, 0.0, 0.0, 0.0, 0.0, 0.0, 0.0
45.60742926597595, 0.0, 0.0, 0.0, -59.225, 59.225, 0.0, 0.0, 0.0, 0.0, 0.0, 0.0, 0.0, 0.0, 0.0
45.65547013282776, 0.0, 0.0, 0.0, -59.376, 59.376, 0.0, 0.0, 0.0, 0.0, 0.0, 0.0, 0.0, 0.0, 0.0
45.70363116264343, 0.0, 0.0, 0.0, -59.526, 59.526, 0.0, 0.0, 0.0, 0.0, 0.0, 0.0, 0.0, 0.0, 0.0
45.751811265945435, 0.0, 0.0, 0.0, -59.667, 59.667, 0.0, 0.0, 0.0, 0.0, 0.0, 0.0, 0.0, 0.0, 0.0
45.80006122589111, 0.0, 0.0, 0.0, -59.81, 59.81, 0.0, 0.0, 0.0, 0.0, 0.0, 0.0, 0.0, 0.0, 0.0
45.86410713195801, 0.0, 0.0, 0.0, -59.953, 59.953, 0.0, 0.0, 0.0, 0.0, 0.0, 0.0, 0.0, 0.0, 0.0
45.91227602958679, 0.0, 0.0, 0.0, -60.112, 60.112, 0.0, 0.0, 0.0, 0.0, 0.0, 0.0, 0.0, 0.0, 0.0
45.960442304611206, 0.0, 0.0, 0.0, -60.252, 60.252, 0.0, 0.0, 0.0, 0.0, 0.0, 0.0, 0.0, 0.0, 0.0
46.00857925415039, 0.0, 0.0, 0.0, -60.407, 60.407, 0.0, 0.0, 0.0, 0.0, 0.0, 0.0, 0.0, 0.0, 0.0
46.05673027038574, 0.0, 0.0, 0.0, -60.554, 60.554, 0.0, 0.0, 0.0, 0.0, 0.0, 0.0, 0.0, 0.0, 0.0
46.12104511260986, 0.0, 0.0, 0.0, -60.701, 60.701, 0.0, 0.0, 0.0, 0.0, 0.0, 0.0, 0.0, 0.0, 0.0
46.16915321350098, 0.0, 0.0, 0.0, -60.863, 60.863, 0.0, 0.0, 0.0, 0.0, 0.0, 0.0, 0.0, 0.0, 0.0
46.217365026474, 0.0, 0.0, 0.0, -60.993, 60.993, 0.0, 0.0, 0.0, 0.0, 0.0, 0.0, 0.0, 0.0, 0.0
46.26555514335632, 0.0, 0.0, 0.0, -61.126, 61.126, 0.0, 0.0, 0.0, 0.0, 0.0, 0.0, 0.0, 0.0, 0.0
46.31365203857422, 0.0, 0.0, 0.0, -61.282, 61.282, 0.0, 0.0, 0.0, 0.0, 0.0, 0.0, 0.0, 0.0, 0.0
46.37790107727051, 0.0, 0.0, 0.0, -61.434, 61.434, 0.0, 0.0, 0.0, 0.0, 0.0, 0.0, 0.0, 0.0, 0.0
46.42604327201843, 0.0, 0.0, 0.0, -61.602, 61.602, 0.0, 0.0, 0.0, 0.0, 0.0, 0.0, 0.0, 0.0, 0.0
46.47425627708435, 0.0, 0.0, 0.0, -61.747, 61.747, 0.0, 0.0, 0.0, 0.0, 0.0, 0.0, 0.0, 0.0, 0.0
46.52239012718201, 0.0, 0.0, 0.0, -61.905, 61.905, 0.0, 0.0, 0.0, 0.0, 0.0, 0.0, 0.0, 0.0, 0.0
46.570555210113525, 0.0, 0.0, 0.0, -62.05, 62.05, 0.0, 0.0, 0.0, 0.0, 0.0, 0.0, 0.0, 0.0, 0.0
46.618781089782715, 0.0, 0.0, 0.0, -62.181, 62.181, 0.0, 0.0, 0.0, 0.0, 0.0, 0.0, 0.0, 0.0, 0.0
46.682913064956665, 0.0, 0.0, 0.0, -62.327, 62.327, 0.0, 0.0, 0.0, 0.0, 0.0, 0.0, 0.0, 0.0, 0.0
46.731136083602905, 0.0, 0.0, 0.0, -62.473, 62.473, 0.0, 0.0, 0.0, 0.0, 0.0, 0.0, 0.0, 0.0, 0.0
46.77925515174866, 0.0, 0.0, 0.0, -62.617, 62.617, 0.0, 0.0, 0.0, 0.0, 0.0, 0.0, 0.0, 0.0, 0.0
46.827420234680176, 0.0, 0.0, 0.0, -62.754, 62.754, 0.0, 0.0, 0.0, 0.0, 0.0, 0.0, 0.0, 0.0, 0.0
46.87556219100952, 0.0, 0.0, 0.0, -62.887, 62.887, 0.0, 0.0, 0.0, 0.0, 0.0, 0.0, 0.0, 0.0, 0.0
46.939701080322266, 0.0, 0.0, 0.0, -63.042, 63.042, 0.0, 0.0, 0.0, 0.0, 0.0, 0.0, 0.0, 0.0, 0.0
46.98792123794556, 0.0, 0.0, 0.0, -63.177, 63.177, 0.0, 0.0, 0.0, 0.0, 0.0, 0.0, 0.0, 0.0, 0.0
47.036131143569946, 0.0, 0.0, 0.0, -63.31, 63.31, 0.0, 0.0, 0.0, 0.0, 0.0, 0.0, 0.0, 0.0, 0.0
47.08434009552002, 0.0, 0.0, 0.0, -63.456, 63.456, 0.0, 0.0, 0.0, 0.0, 0.0, 0.0, 0.0, 0.0, 0.0
47.132455348968506, 0.0, 0.0, 0.0, -63.598, 63.598, 0.0, 0.0, 0.0, 0.0, 0.0, 0.0, 0.0, 0.0, 0.0
47.18059229850769, 0.0, 0.0, 0.0, -63.745, 63.745, 0.0, 0.0, 0.0, 0.0, 0.0, 0.0, 0.0, 0.0, 0.0
47.2288761138916, 0.0, 0.0, 0.0, -63.891, 63.891, 0.0, 0.0, 0.0, 0.0, 0.0, 0.0, 0.0, 0.0, 0.0
47.2929253578186, 0.0, 0.0, 0.0, -64.033, 64.033, 0.0, 0.0, 0.0, 0.0, 0.0, 0.0, 0.0, 0.0, 0.0
47.341042280197144, 0.0, 0.0, 0.0, -64.163, 64.163, 0.0, 0.0, 0.0, 0.0, 0.0, 0.0, 0.0, 0.0, 0.0
47.38927912712097, 0.0, 0.0, 0.0, -64.297, 64.297, 0.0, 0.0, 0.0, 0.0, 0.0, 0.0, 0.0, 0.0, 0.0
47.437488317489624, 0.0, 0.0, 0.0, -64.444, 64.444, 0.0, 0.0, 0.0, 0.0, 0.0, 0.0, 0.0, 0.0, 0.0
47.48563528060913, 0.0, 0.0, 0.0, -64.597, 64.597, 0.0, 0.0, 0.0, 0.0, 0.0, 0.0, 0.0, 0.0, 0.0
47.54980516433716, 0.0, 0.0, 0.0, -64.762, 64.762, 0.0, 0.0, 0.0, 0.0, 0.0, 0.0, 0.0, 0.0, 0.0
47.598127126693726, 0.0, 0.0, 0.0, -64.906, 64.906, 0.0, 0.0, 0.0, 0.0, 0.0, 0.0, 0.0, 0.0, 0.0
47.646231174468994, 0.0, 0.0, 0.0, -65.064, 65.064, 0.0, 0.0, 0.0, 0.0, 0.0, 0.0, 0.0, 0.0, 0.0
47.694348096847534, 0.0, 0.0, 0.0, -65.201, 65.201, 0.0, 0.0, 0.0, 0.0, 0.0, 0.0, 0.0, 0.0, 0.0
47.74252009391785, 0.0, 0.0, 0.0, -65.351, 65.351, 0.0, 0.0, 0.0, 0.0, 0.0, 0.0, 0.0, 0.0, 0.0
47.79069900512695, 0.0, 0.0, 0.0, -65.506, 65.506, 0.0, 0.0, 0.0, 0.0, 0.0, 0.0, 0.0, 0.0, 0.0
47.85502314567566, 0.0, 0.0, 0.0, -65.649, 65.649, 0.0, 0.0, 0.0, 0.0, 0.0, 0.0, 0.0, 0.0, 0.0
47.903085231781006, 0.0, 0.0, 0.0, -65.777, 65.777, 0.0, 0.0, 0.0, 0.0, 0.0, 0.0, 0.0, 0.0, 0.0
47.95121908187866, 0.0, 0.0, 0.0, -65.925, 65.925, 0.0, 0.0, 0.0, 0.0, 0.0, 0.0, 0.0, 0.0, 0.0
47.99934530258179, 0.0, 0.0, 0.0, -66.083, 66.083, 0.0, 0.0, 0.0, 0.0, 0.0, 0.0, 0.0, 0.0, 0.0
48.047524213790894, 0.0, 0.0, 0.0, -66.235, 66.235, 0.0, 0.0, 0.0, 0.0, 0.0, 0.0, 0.0, 0.0, 0.0
48.09568428993225, 0.0, 0.0, 0.0, -66.384, 66.384, 0.0, 0.0, 0.0, 0.0, 0.0, 0.0, 0.0, 0.0, 0.0
48.15987825393677, 0.0, 0.0, 0.0, -66.54, 66.54, 0.0, 0.0, 0.0, 0.0, 0.0, 0.0, 0.0, 0.0, 0.0
48.208102226257324, 0.0, 0.0, 0.0, -66.701, 66.701, 0.0, 0.0, 0.0, 0.0, 0.0, 0.0, 0.0, 0.0, 0.0
48.25631904602051, 0.0, 0.0, 0.0, -66.846, 66.846, 0.0, 0.0, 0.0, 0.0, 0.0, 0.0, 0.0, 0.0, 0.0
48.30445432662964, 0.0, 0.0, 0.0, -66.998, 66.998, 0.0, 0.0, 0.0, 0.0, 0.0, 0.0, 0.0, 0.0, 0.0
48.35251712799072, 0.0, 0.0, 0.0, -67.149, 67.149, 0.0, 0.0, 0.0, 0.0, 0.0, 0.0, 0.0, 0.0, 0.0
48.41680121421814, 0.0, 0.0, 0.0, -67.309, 67.309, 0.0, 0.0, 0.0, 0.0, 0.0, 0.0, 0.0, 0.0, 0.0
48.46490025520325, 0.0, 0.0, 0.0, -67.449, 67.449, 0.0, 0.0, 0.0, 0.0, 0.0, 0.0, 0.0, 0.0, 0.0
48.513068199157715, 0.0, 0.0, 0.0, -67.6, 67.6, 0.0, 0.0, 0.0, 0.0, 0.0, 0.0, 0.0, 0.0, 0.0
48.561278104782104, 0.0, 0.0, 0.0, -67.763, 67.763, 0.0, 0.0, 0.0, 0.0, 0.0, 0.0, 0.0, 0.0, 0.0
48.609525203704834, 0.0, 0.0, 0.0, -67.906, 67.906, 0.0, 0.0, 0.0, 0.0, 0.0, 0.0, 0.0, 0.0, 0.0
48.657581090927124, 0.0, 0.0, 0.0, -68.07, 68.07, 0.0, 0.0, 0.0, 0.0, 0.0, 0.0, 0.0, 0.0, 0.0
48.721920013427734, 0.0, 0.0, 0.0, -68.208, 68.208, 0.0, 0.0, 0.0, 0.0, 0.0, 0.0, 0.0, 0.0, 0.0
48.770021200180054, 0.0, 0.0, 0.0, -68.346, 68.346, 0.0, 0.0, 0.0, 0.0, 0.0, 0.0, 0.0, 0.0, 0.0
48.81826305389404, 0.0, 0.0, 0.0, -68.498, 68.498, 0.0, 0.0, 0.0, 0.0, 0.0, 0.0, 0.0, 0.0, 0.0
48.86630129814148, 0.0, 0.0, 0.0, -68.649, 68.649, 0.0, 0.0, 0.0, 0.0, 0.0, 0.0, 0.0, 0.0, 0.0
48.91448926925659, 0.0, 0.0, 0.0, -68.775, 68.775, 0.0, 0.0, 0.0, 0.0, 0.0, 0.0, 0.0, 0.0, 0.0
48.96247315406799, 0.0, 0.0, 0.0, -68.945, 68.945, 0.0, 0.0, 0.0, 0.0, 0.0, 0.0, 0.0, 0.0, 0.0
49.02683615684509, 0.0, 0.0, 0.0, -69.083, 69.083, 0.0, 0.0, 0.0, 0.0, 0.0, 0.0, 0.0, 0.0, 0.0
49.074984073638916, 0.0, 0.0, 0.0, -69.252, 69.252, 0.0, 0.0, 0.0, 0.0, 0.0, 0.0, 0.0, 0.0, 0.0
49.123106241226196, 0.0, 0.0, 0.0, -69.408, 69.408, 0.0, 0.0, 0.0, 0.0, 0.0, 0.0, 0.0, 0.0, 0.0
49.171364307403564, 0.0, 0.0, 0.0, -69.562, 69.562, 0.0, 0.0, 0.0, 0.0, 0.0, 0.0, 0.0, 0.0, 0.0
49.219351053237915, 0.0, 0.0, 0.0, -69.719, 69.719, 0.0, 0.0, 0.0, 0.0, 0.0, 0.0, 0.0, 0.0, 0.0
49.28370213508606, 0.0, 0.0, 0.0, -69.879, 69.879, 0.0, 0.0, 0.0, 0.0, 0.0, 0.0, 0.0, 0.0, 0.0
49.331788063049316, 0.0, 0.0, 0.0, -70.034, 70.034, 0.0, 0.0, 0.0, 0.0, 0.0, 0.0, 0.0, 0.0, 0.0
49.37994027137756, 0.0, 0.0, 0.0, -70.166, 70.166, 0.0, 0.0, 0.0, 0.0, 0.0, 0.0, 0.0, 0.0, 0.0
49.42818212509155, 0.0, 0.0, 0.0, -70.317, 70.317, 0.0, 0.0, 0.0, 0.0, 0.0, 0.0, 0.0, 0.0, 0.0
49.47637104988098, 0.0, 0.0, 0.0, -70.451, 70.451, 0.0, 0.0, 0.0, 0.0, 0.0, 0.0, 0.0, 0.0, 0.0
49.54056715965271, 0.0, 0.0, 0.0, -70.582, 70.582, 0.0, 0.0, 0.0, 0.0, 0.0, 0.0, 0.0, 0.0, 0.0
49.58873414993286, 0.0, 0.0, 0.0, -70.727, 70.727, 0.0, 0.0, 0.0, 0.0, 0.0, 0.0, 0.0, 0.0, 0.0
49.636943101882935, 0.0, 0.0, 0.0, -70.868, 70.868, 0.0, 0.0, 0.0, 0.0, 0.0, 0.0, 0.0, 0.0, 0.0
49.68503713607788, 0.0, 0.0, 0.0, -71.029, 71.029, 0.0, 0.0, 0.0, 0.0, 0.0, 0.0, 0.0, 0.0, 0.0
49.733214139938354, 0.0, 0.0, 0.0, -71.185, 71.185, 0.0, 0.0, 0.0, 0.0, 0.0, 0.0, 0.0, 0.0, 0.0
49.78140902519226, 0.0, 0.0, 0.0, -71.344, 71.344, 0.0, 0.0, 0.0, 0.0, 0.0, 0.0, 0.0, 0.0, 0.0
49.845635175704956, 0.0, 0.0, 0.0, -71.49, 71.49, 0.0, 0.0, 0.0, 0.0, 0.0, 0.0, 0.0, 0.0, 0.0
49.89373016357422, 0.0, 0.0, 0.0, -71.641, 71.641, 0.0, 0.0, 0.0, 0.0, 0.0, 0.0, 0.0, 0.0, 0.0
49.941890239715576, 0.0, 0.0, 0.0, -71.783, 71.783, 0.0, 0.0, 0.0, 0.0, 0.0, 0.0, 0.0, 0.0, 0.0
49.99007725715637, 0.0, 0.0, 0.0, -71.917, 71.917, 0.0, 0.0, 0.0, 0.0, 0.0, 0.0, 0.0, 0.0, 0.0
50.03832721710205, 0.0, 0.0, 0.0, -72.047, 72.047, 0.0, 0.0, 0.0, 0.0, 0.0, 0.0, 0.0, 0.0, 0.0
50.086427211761475, 0.0, 0.0, 0.0, -72.189, 72.189, 0.0, 0.0, 0.0, 0.0, 0.0, 0.0, 0.0, 0.0, 0.0
50.150580167770386, 0.0, 0.0, 0.0, -72.334, 72.334, 0.0, 0.0, 0.0, 0.0, 0.0, 0.0, 0.0, 0.0, 0.0
50.19878625869751, 0.0, 0.0, 0.0, -72.472, 72.472, 0.0, 0.0, 0.0, 0.0, 0.0, 0.0, 0.0, 0.0, 0.0
50.24697804450989, 0.0, 0.0, 0.0, -72.594, 72.594, 0.0, 0.0, 0.0, 0.0, 0.0, 0.0, 0.0, 0.0, 0.0
50.2951021194458, 0.0, 0.0, 0.0, -72.734, 72.734, 0.0, 0.0, 0.0, 0.0, 0.0, 0.0, 0.0, 0.0, 0.0
50.34328818321228, 0.0, 0.0, 0.0, -72.87, 72.87, 0.0, 0.0, 0.0, 0.0, 0.0, 0.0, 0.0, 0.0, 0.0
50.39146327972412, 0.0, 0.0, 0.0, -73.016, 73.016, 0.0, 0.0, 0.0, 0.0, 0.0, 0.0, 0.0, 0.0, 0.0
50.455663204193115, 0.0, 0.0, 0.0, -73.153, 73.153, 0.0, 0.0, 0.0, 0.0, 0.0, 0.0, 0.0, 0.0, 0.0
50.503873109817505, 0.0, 0.0, 0.0, -73.284, 73.284, 0.0, 0.0, 0.0, 0.0, 0.0, 0.0, 0.0, 0.0, 0.0
50.55200004577637, 0.0, 0.0, 0.0, -73.345, 73.345, 0.0, 0.0, 0.0, 0.0, 0.0, 0.0, 0.0, 0.0, 0.0
50.6002140045166, 0.0, 0.0, 0.0, -73.345, 73.345, 0.0, 0.0, 0.0, 0.0, 0.0, 0.0, 0.0, 0.0, 0.0
50.6482093334198, 0.0, 0.0, 0.0, -73.345, 73.345, 0.0, 0.0, 0.0, 0.0, 0.0, 0.0, 0.0, 0.0, 0.0
50.712430238723755, 0.0, 0.0, 0.0, -73.345, 73.345, 0.0, 0.0, 0.0, 0.0, 0.0, 0.0, 0.0, 0.0, 0.0
50.760656118392944, 0.0, 0.0, 0.0, -73.345, 73.345, 0.0, 0.0, 0.0, 0.0, 0.0, 0.0, 0.0, 0.0, 0.0
50.80885195732117, 0.0, 0.0, 0.0, -73.345, 73.345, 0.0, 0.0, 0.0, 0.0, 0.0, 0.0, 0.0, 0.0, 0.0
50.8570282459259, 0.0, 0.0, 0.0, -73.345, 73.345, 0.0, 0.0, 0.0, 0.0, 0.0, 0.0, 0.0, 0.0, 0.0
50.905142068862915, 0.0, 0.0, 0.0, -73.345, 73.345, 0.0, 0.0, 0.0, 0.0, 0.0, 0.0, 0.0, 0.0, 0.0
50.96938610076904, 0.0, 0.0, 0.0, -73.345, 73.345, 0.0, 0.0, 0.0, 0.0, 0.0, 0.0, 0.0, 0.0, 0.0
51.01758313179016, 0.0, 0.0, 0.0, -73.345, 73.345, 0.0, 0.0, 0.0, 0.0, 0.0, 0.0, 0.0, 0.0, 0.0
51.065752267837524, 0.0, 0.0, 0.0, -73.345, 73.345, 0.0, 0.0, 0.0, 0.0, 0.0, 0.0, 0.0, 0.0, 0.0
51.1139121055603, 0.0, 0.0, 0.0, -73.345, 73.345, 0.0, 0.0, 0.0, 0.0, 0.0, 0.0, 0.0, 0.0, 0.0
51.16207003593445, 0.0, 0.0, 0.0, -73.345, 73.345, 0.0, 0.0, 0.0, 0.0, 0.0, 0.0, 0.0, 0.0, 0.0
51.21015810966492, 0.0, 0.0, 0.0, -73.345, 73.345, 0.0, 0.0, 0.0, 0.0, 0.0, 0.0, 0.0, 0.0, 0.0
51.27441430091858, 0.0, 0.0, 0.0, -73.345, 73.345, 0.0, 0.0, 0.0, 0.0, 0.0, 0.0, 0.0, 0.0, 0.0
51.32261514663696, 0.0, 0.0, 0.0, -73.345, 73.345, 0.0, 0.0, 0.0, 0.0, 0.0, 0.0, 0.0, 0.0, 0.0
51.37071108818054, 0.0, 0.0, 0.0, -73.345, 73.345, 0.0, 0.0, 0.0, 0.0, 0.0, 0.0, 0.0, 0.0, 0.0
51.418951988220215, 0.0, 0.0, 0.0, -73.345, 73.345, 0.0, 0.0, 0.0, 0.0, 0.0, 0.0, 0.0, 0.0, 0.0
51.46712613105774, 0.0, 0.0, 0.0, -73.345, 73.345, 0.0, 0.0, 0.0, 0.0, 0.0, 0.0, 0.0, 0.0, 0.0
51.51539206504822, 0.0, 0.0, 0.0, -73.345, 73.345, 0.0, 0.0, 0.0, 0.0, 0.0, 0.0, 0.0, 0.0, 0.0
51.57934522628784, 0.0, 0.0, 0.0, -73.345, 73.345, 0.0, 0.0, 0.0, 0.0, 0.0, 0.0, 0.0, 0.0, 0.0
51.627601146698, 0.0, 0.0, 0.0, -73.345, 73.345, 0.0, 0.0, 0.0, 0.0, 0.0, 0.0, 0.0, 0.0, 0.0
51.67570519447327, 0.0, 0.0, 0.0, -73.345, 73.345, 0.0, 0.0, 0.0, 0.0, 0.0, 0.0, 0.0, 0.0, 0.0
51.72382712364197, 0.0, 0.0, 0.0, -73.345, 73.345, 0.0, 0.0, 0.0, 0.0, 0.0, 0.0, 0.0, 0.0, 0.0
51.7721312046051, 0.0, 0.0, 0.0, -73.345, 73.345, 0.0, 0.0, 0.0, 0.0, 0.0, 0.0, 0.0, 0.0, 0.0
51.83623194694519, 0.0, 0.0, 0.0, -73.345, 73.345, 0.0, 0.0, 0.0, 0.0, 0.0, 0.0, 0.0, 0.0, 0.0
