0.030235767364501953, 0.0, -0.035, -0.044, -0.046, -0.063, -0.117, -0.162, 0.0, -0.35, -0.447, -0.464, -0.633, -0.025, 0.07, 0.0, 0.0, 0.0, 0.0, 0.0, 0.0, 0.0
0.11535501480102539, 0.0, -0.035, -0.044, -0.046, -0.063, -0.117, -0.162, 0.0, -0.35, -0.447, -0.464, -0.633, -0.025, 0.07, 0.0, 0.0, 0.0, 0.0, 0.0, 0.0, 0.0
0.20554900169372559, 0.0, -0.035, -0.044, -0.046, -0.063, -0.117, -0.162, 0.0, -0.35, -0.447, -0.464, -0.633, -0.025, 0.07, 0.0, 0.0, 0.0, 0.0, 0.0, 0.0, 0.0
0.2909049987792969, 0.0, -0.035, -0.044, -0.046, -0.063, -0.117, -0.162, 0.0, -0.35, -0.447, -0.464, -0.633, -0.025, 0.07, 0.0, 0.0, 0.0, 0.0, 0.0, 0.0, 0.0
0.37822580337524414, 0.0, -0.035, -0.044, -0.046, -0.063, -0.117, -0.162, 0.0, -0.35, -0.447, -0.464, -0.633, -0.025, 0.07, 0.0, 0.0, 0.0, 0.0, 0.0, 0.0, 0.0
0.46436595916748047, 0.0, -0.035, -0.044, -0.046, -0.063, -0.117, -0.162, 0.0, -0.35, -0.447, -0.464, -0.633, -0.025, 0.07, 0.0, 0.0, 0.0, 0.0, 0.0, 0.0, 0.0
0.5507879257202148, 0.0, -0.035, -0.044, -0.046, -0.063, -0.117, -0.162, 0.0, -0.35, -0.447, -0.464, -0.633, -0.025, 0.07, 0.0, 0.0, 0.0, 0.0, 0.0, 0.0, 0.0
0.6379687786102295, 0.0, -0.035, -0.044, -0.046, -0.063, -0.117, -0.162, 0.0, -0.35, -0.447, -0.464, -0.633, -0.025, 0.07, 0.0, 0.0, 0.0, 0.0, 0.0, 0.0, 0.0
0.7242739200592041, 0.0, -0.035, -0.044, -0.046, -0.063, -0.117, -0.162, 0.0, -0.35, -0.447, -0.464, -0.633, -0.025, 0.07, 0.0, 0.0, 0.0, 0.0, 0.0, 0.0, 0.0
0.814594030380249, 0.0, -0.035, -0.044, -0.046, -0.063, -0.117, -0.162, 0.0, -0.35, -0.447, -0.464, -0.633, -0.025, 0.07, 0.0, 0.0, 0.0, 0.0, 0.0, 0.0, 0.0
0.9007959365844727, 0.0, -0.035, -0.044, -0.046, -0.063, -0.117, -0.162, 0.0, -0.35, -0.447, -0.464, -0.633, -0.025, 0.07, 0.0, 0.0, 0.0, 0.0, 0.0, 0.0, 0.0
0.9870350360870361, 0.0, -0.035, -0.044, -0.046, -0.063, -0.117, -0.162, 0.0, -0.35, -0.447, -0.464, -0.633, -0.025, 0.07, 0.0, 0.0, 0.0, 0.0, 0.0, 0.0, 0.0
1.0732698440551758, 0.0, -0.035, -0.044, -0.046, -0.063, -0.117, -0.162, 0.0, -0.35, -0.447, -0.464, -0.633, -0.025, 0.07, 0.0, 0.0, 0.0, 0.0, 0.0, 0.0, 0.0
1.1606659889221191, 0.0, -0.035, -0.044, -0.046, -0.063, -0.117, -0.162, 0.0, -0.35, -0.447, -0.464, -0.633, -0.025, 0.07, 0.0, 0.0, 0.0, 0.0, 0.0, 0.0, 0.0
1.2470629215240479, 0.0, -0.035, -0.044, -0.046, -0.063, -0.117, -0.162, 0.0, -0.35, -0.447, -0.464, -0.633, -0.025, 0.07, 0.0, 0.0, 0.0, 0.0, 0.0, 0.0, 0.0
1.3332209587097168, 0.0, -0.035, -0.044, -0.046, -0.063, -0.117, -0.162, 0.0, -0.35, -0.447, -0.464, -0.633, -0.025, 0.07, 0.0, 0.0, 0.0, 0.0, 0.0, 0.0, 0.0
1.4223930835723877, 0.0, -0.035, -0.044, -0.046, -0.063, -0.117, -0.162, 0.0, -0.35, -0.447, -0.464, -0.633, -0.025, 0.07, 0.0, 0.0, 0.0, 0.0, 0.0, 0.0, 0.0
1.5086719989776611, 0.0, -0.035, -0.044, -0.046, -0.063, -0.117, -0.162, 0.0, -0.35, -0.447, -0.464, -0.633, -0.025, 0.07, 0.0, 0.0, 0.0, 0.0, 0.0, 0.0, 0.0
1.596121072769165, 0.0, -0.035, -0.044, -0.046, -0.063, -0.117, -0.162, 0.0, -0.35, -0.447, -0.464, -0.633, -0.025, 0.07, 0.0, 0.0, 0.0, 0.0, 0.0, 0.0, 0.0
1.6824250221252441, 0.0, -0.035, -0.044, -0.046, -0.063, -0.117, -0.162, 0.0, -0.35, -0.447, -0.464, -0.633, -0.025, 0.07, 0.0, 0.0, 0.0, 0.0, 0.0, 0.0, 0.0
1.7696609497070312, 0.0, -0.035, -0.044, -0.046, -0.063, -0.117, -0.162, 0.0, -0.35, -0.447, -0.464, -0.633, -0.025, 0.07, 0.0, 0.0, 0.0, 0.0, 0.0, 0.0, 0.0
1.8558220863342285, 0.0, -0.035, -0.044, -0.046, -0.063, -0.117, -0.162, 0.0, -0.35, -0.447, -0.464, -0.633, -0.025, 0.07, 0.0, 0.0, 0.0, 0.0, 0.0, 0.0, 0.0
1.9420788288116455, 0.0, -0.035, -0.044, -0.046, -0.063, -0.117, -0.162, 0.0, -0.35, -0.447, -0.464, -0.633, -0.025, 0.07, 0.0, 0.0, 0.0, 0.0, 0.0, 0.0, 0.0
2.0325098037719727, 0.0, -0.035, -0.044, -0.046, -0.063, -0.117, -0.162, 0.0, -0.35, -0.447, -0.464, -0.633, -0.025, 0.07, 0.0, 0.0, 0.0, 0.0, 0.0, 0.0, 0.0
2.118894100189209, 0.0, -0.035, -0.044, -0.046, -0.063, -0.117, -0.162, 0.0, -0.35, -0.447, -0.464, -0.633, -0.025, 0.07, 0.0, 0.0, 0.0, 0.0, 0.0, 0.0, 0.0
2.2061100006103516, 0.0, -0.035, -0.044, -0.046, -0.063, -0.117, -0.162, 0.0, -0.35, -0.447, -0.464, -0.633, -0.025, 0.07, 0.0, 0.0, 0.0, 0.0, 0.0, 0.0, 0.0
2.2922329902648926, 0.0, -0.035, -0.044, -0.046, -0.063, -0.117, -0.162, 0.0, -0.35, -0.447, -0.464, -0.633, -0.025, 0.07, 0.0, 0.0, 0.0, 0.0, 0.0, 0.0, 0.0
2.3784708976745605, 0.0, -0.035, -0.044, -0.046, -0.063, -0.117, -0.162, 0.0, -0.35, -0.447, -0.464, -0.633, -0.025, 0.07, 0.0, 0.0, 0.0, 0.0, 0.0, 0.0, 0.0
2.4648900032043457, 0.0, -0.035, -0.044, -0.046, -0.063, -0.117, -0.162, 0.0, -0.35, -0.447, -0.464, -0.633, -0.025, 0.07, 0.0, 0.0, 0.0, 0.0, 0.0, 0.0, 0.0
2.5511269569396973, 0.0, -0.035, -0.044, -0.046, -0.063, -0.117, -0.162, 0.0, -0.35, -0.447, -0.464, -0.633, -0.025, 0.07, 0.0, 0.0, 0.0, 0.0, 0.0, 0.0, 0.0
2.6414198875427246, 0.0, -0.035, -0.044, -0.046, -0.063, -0.117, -0.162, 0.0, -0.35, -0.447, -0.464, -0.633, -0.025, 0.07, 0.0, 0.0, 0.0, 0.0, 0.0, 0.0, 0.0
2.727799892425537, 0.0, -0.035, -0.044, -0.046, -0.063, -0.117, -0.162, 0.0, -0.35, -0.447, -0.464, -0.633, -0.025, 0.07, 0.0, 0.0, 0.0, 0.0, 0.0, 0.0, 0.0
2.813957929611206, 0.0, -0.035, -0.044, -0.046, -0.063, -0.117, -0.162, 0.0, -0.35, -0.447, -0.464, -0.633, -0.025, 0.07, 0.0, 0.0, 0.0, 0.0, 0.0, 0.0, 0.0
2.9003279209136963, 0.0, -0.035, -0.044, -0.046, -0.063, -0.117, -0.162, 0.0, -0.35, -0.447, -0.464, -0.633, -0.025, 0.07, 0.0, 0.0, 0.0, 0.0, 0.0, 0.0, 0.0
2.9874508380889893, 0.0, -0.035, -0.044, -0.046, -0.063, -0.117, -0.162, 0.0, -0.35, -0.447, -0.464, -0.633, -0.025, 0.07, 0.0, 0.0, 0.0, 0.0, 0.0, 0.0, 0.0
3.0727698802948, 0.0, -0.035, -0.044, -0.046, -0.063, -0.117, -0.162, 0.0, -0.35, -0.447, -0.464, -0.633, -0.025, 0.07, 0.0, 0.0, 0.0, 0.0, 0.0, 0.0, 0.0
3.1600430011749268, 0.0, -0.035, -0.044, -0.046, -0.063, -0.117, -0.162, 0.0, -0.35, -0.447, -0.464, -0.633, -0.025, 0.07, 0.0, 0.0, 0.0, 0.0, 0.0, 0.0, 0.0
3.2503409385681152, 0.0, -0.035, -0.044, -0.046, -0.063, -0.117, -0.162, 0.0, -0.35, -0.447, -0.464, -0.633, -0.025, 0.07, 0.0, 0.0, 0.0, 0.0, 0.0, 0.0, 0.0
3.336657762527466, 0.0, -0.035, -0.044, -0.046, -0.063, -0.117, -0.162, 0.0, -0.35, -0.447, -0.464, -0.633, -0.025, 0.07, 0.0, 0.0, 0.0, 0.0, 0.0, 0.0, 0.0
3.423003911972046, 0.0, -0.035, -0.044, -0.046, -0.063, -0.117, -0.162, 0.0, -0.35, -0.447, -0.464, -0.633, -0.025, 0.07, 0.0, 0.0, 0.0, 0.0, 0.0, 0.0, 0.0
3.5092720985412598, 0.0, -0.035, -0.044, -0.046, -0.063, -0.117, -0.162, 0.0, -0.35, -0.447, -0.464, -0.633, -0.025, 0.07, 0.0, 0.0, 0.0, 0.0, 0.0, 0.0, 0.0
3.5954668521881104, 0.0, -0.02, -0.041, -0.046, -0.063, -0.117, -0.162, 0.0, -0.202, -0.418, -0.464, -0.633, -0.025, 0.07, 0.0, 0.0, 0.0, 0.0, 0.0, 0.0, 0.0
3.681709051132202, 0.0, -0.008, -0.039, -0.046, -0.063, -0.117, -0.162, 0.0, -0.088, -0.392, -0.464, -0.633, -0.025, 0.07, 0.0, 0.0, 0.0, 0.0, 0.0, 0.0, 0.0
3.7691938877105713, 0.0, -0.036, -0.046, -0.046, -0.063, -0.117, -0.162, 0.0, -0.369, -0.466, -0.464, -0.633, -0.025, 0.07, 0.0, 0.0, 0.0, 0.0, 0.0, 0.0, 0.0
3.8553998470306396, 0.0, -0.053, -0.049, -0.046, -0.063, -0.117, -0.162, 0.0, -0.535, -0.491, -0.464, -0.633, -0.025, 0.07, 0.0, 0.0, 0.0, 0.0, 0.0, 0.0, 0.0
3.9456639289855957, 0.0, -0.042, -0.046, -0.046, -0.063, -0.117, -0.162, 0.0, -0.424, -0.469, -0.464, -0.633, -0.025, 0.07, 0.0, 0.0, 0.0, 0.0, 0.0, 0.0, 0.0
4.031985759735107, 0.0, -0.018, -0.041, -0.046, -0.063, -0.117, -0.162, 0.0, -0.188, -0.418, -0.464, -0.633, -0.025, 0.07, 0.0, 0.0, 0.0, 0.0, 0.0, 0.0, 0.0
4.1181371212005615, 0.0, -0.01, -0.039, -0.046, -0.063, -0.117, -0.162, 0.0, -0.103, -0.392, -0.464, -0.633, -0.025, 0.07, 0.0, 0.0, 0.0, 0.0, 0.0, 0.0, 0.0
4.2054970264434814, 0.0, -0.037, -0.046, -0.046, -0.063, -0.117, -0.162, 0.0, -0.376, -0.466, -0.464, -0.633, -0.025, 0.07, 0.0, 0.0, 0.0, 0.0, 0.0, 0.0, 0.0
4.291706800460815, 0.0, -0.049, -0.048, -0.046, -0.063, -0.117, -0.162, 0.0, -0.491, -0.484, -0.464, -0.633, -0.023, 0.067, 0.0, 0.0, 0.0, 0.0, 0.0, 0.0, 0.0
4.378927946090698, 0.0, -0.022, -0.042, -0.046, -0.063, -0.117, -0.162, 0.0, -0.228, -0.421, -0.464, -0.633, -0.023, 0.067, 0.0, 0.0, 0.0, 0.0, 0.0, 0.0, 0.0
4.4642417430877686, 0.0, -0.022, -0.041, -0.046, -0.063, -0.116, -0.163, 0.0, -0.225, -0.418, -0.464, -0.633, -0.016, 0.06, 0.0, 0.0, 0.0, 0.0, 0.0, 0.0, 0.0
4.555556058883667, 0.0, -0.037, -0.045, -0.046, -0.063, -0.094, -0.165, 0.0, -0.372, -0.454, -0.464, -0.633, 0.206, 0.038, 0.0, 0.0, 0.0, 0.0, 0.0, 0.0, 0.0
4.641950845718384, 0.0, -0.047, -0.045, -0.046, -0.063, -0.064, -0.161, 0.0, -0.472, -0.458, -0.464, -0.633, 0.506, 0.079, 0.0, 0.0, 0.0, 0.0, 0.0, 0.0, 0.0
4.72809910774231, 0.0, -0.045, -0.044, -0.046, -0.063, -0.046, -0.162, 0.0, -0.454, -0.447, -0.464, -0.633, 0.689, 0.067, 0.0, 0.0, 0.0, 0.0, 0.0, 0.0, 0.0
4.815494775772095, 0.0, -0.041, -0.043, -0.046, -0.063, -0.036, -0.163, 0.0, -0.413, -0.436, -0.464, -0.633, 0.789, 0.065, 0.0, 0.0, 0.0, 0.0, 0.0, 0.0, 0.0
4.901716947555542, 0.0, -0.036, -0.042, -0.046, -0.063, -0.021, -0.163, 0.0, -0.369, -0.429, -0.464, -0.633, 0.936, 0.065, 0.0, 0.0, 0.0, 0.0, 0.0, 0.0, 0.0
4.987973928451538, 0.0, -0.032, -0.041, -0.046, -0.063, -0.018, -0.164, 0.0, -0.324, -0.414, -0.464, -0.633, 0.97, 0.055, 0.0, 0.0, 0.0, 0.0, 0.0, 0.0, 0.0
5.074292898178101, 0.0, -0.033, -0.041, -0.046, -0.063, -0.017, -0.164, 0.0, -0.335, -0.418, -0.464, -0.633, 0.973, 0.053, 0.0, 0.0, 0.0, 0.0, 0.0, 0.0, 0.0
5.16464900970459, 0.0, -0.041, -0.042, -0.046, -0.063, -0.018, -0.163, 0.0, -0.417, -0.425, -0.464, -0.633, 0.965, 0.06, 0.0, 0.0, 0.0, 0.0, 0.0, 0.0, 0.0
5.250917911529541, 0.0, -0.039, -0.042, -0.046, -0.063, -0.02, -0.161, 0.0, -0.394, -0.425, -0.464, -0.633, 0.946, 0.079, 0.0, 0.0, 0.0, 0.0, 0.0, 0.0, 0.0
5.338117837905884, 0.0, -0.036, -0.042, -0.046, -0.063, -0.021, -0.16, 0.0, -0.361, -0.421, -0.464, -0.633, 0.938, 0.087, 0.0, 0.0, 0.0, 0.0, 0.0, 0.0, 0.0
5.42460298538208, 0.0, -0.035, -0.041, -0.046, -0.063, -0.024, -0.16, 0.0, -0.35, -0.418, -0.464, -0.633, 0.904, 0.097, 0.0, 0.0, 0.0, 0.0, 0.0, 0.0, 0.0
5.510658025741577, 0.0, -0.036, -0.042, -0.046, -0.063, -0.024, -0.16, 0.0, -0.361, -0.421, -0.464, -0.633, 0.907, 0.094, 0.0, 0.0, 0.0, 0.0, 0.0, 0.0, 0.0
5.597070932388306, 0.0, -0.039, -0.042, -0.046, -0.063, -0.023, -0.16, 0.0, -0.394, -0.425, -0.464, -0.633, 0.914, 0.087, 0.0, 0.0, 0.0, 0.0, 0.0, 0.0, 0.0
5.68328595161438, 0.0, -0.042, -0.043, -0.046, -0.063, -0.023, -0.161, 0.0, -0.424, -0.432, -0.464, -0.633, 0.919, 0.082, 0.0, 0.0, 0.0, 0.0, 0.0, 0.0, 0.0
5.774556875228882, 0.0, -0.04, -0.042, -0.046, -0.063, -0.023, -0.161, 0.0, -0.406, -0.429, -0.464, -0.633, 0.921, 0.079, 0.0, 0.0, 0.0, 0.0, 0.0, 0.0, 0.0
5.860853910446167, 0.0, -0.038, -0.042, -0.046, -0.063, -0.022, -0.162, 0.0, -0.383, -0.421, -0.464, -0.633, 0.929, 0.072, 0.0, 0.0, 0.0, 0.0, 0.0, 0.0, 0.0
5.948298931121826, 0.0, -0.039, -0.042, -0.046, -0.063, -0.021, -0.163, 0.0, -0.394, -0.425, -0.464, -0.633, 0.941, 0.06, 0.0, 0.0, 0.0, 0.0, 0.0, 0.0, 0.0
6.034476041793823, 0.0, -0.042, -0.042, -0.046, -0.063, -0.015, -0.163, 0.0, -0.424, -0.425, -0.464, -0.633, 0.997, 0.058, 0.0, 0.0, 0.0, 0.0, 0.0, 0.0, 0.0
6.120805740356445, 0.0, -0.044, -0.042, -0.046, -0.063, 0.001, -0.162, 0.0, -0.446, -0.425, -0.464, -0.633, 1.165, 0.07, 0.0, 0.0, 0.0, 0.0, 0.0, 0.0, 0.0
6.2071638107299805, 0.0, -0.046, -0.042, -0.046, -0.063, 0.002, -0.163, 0.0, -0.468, -0.425, -0.464, -0.633, 1.178, 0.062, 0.0, 0.0, 0.0, 0.0, 0.0, 0.0, 0.0
6.293272972106934, 0.0, -0.05, -0.044, -0.046, -0.063, 0.006, -0.164, 0.0, -0.505, -0.44, -0.464, -0.633, 1.217, 0.053, 0.0, 0.0, 0.0, 0.0, 0.0, 0.0, 0.0
6.383648872375488, 0.0, -0.051, -0.044, -0.046, -0.063, 0.006, -0.164, 0.0, -0.516, -0.443, -0.464, -0.633, 1.222, 0.053, 0.0, 0.0, 0.0, 0.0, 0.0, 0.0, 0.0
6.470035791397095, 0.0, -0.048, -0.043, -0.046, -0.063, 0.006, -0.163, 0.0, -0.487, -0.436, -0.464, -0.633, 1.217, 0.058, 0.0, 0.0, 0.0, 0.0, 0.0, 0.0, 0.0
6.556098937988281, 0.0, -0.043, -0.042, -0.046, -0.063, 0.005, -0.163, 0.0, -0.439, -0.425, -0.464, -0.633, 1.212, 0.062, 0.0, 0.0, 0.0, 0.0, 0.0, 0.0, 0.0
6.6424150466918945, 0.0, -0.043, -0.042, -0.046, -0.063, 0.005, -0.162, 0.0, -0.435, -0.421, -0.464, -0.633, 1.207, 0.067, 0.0, 0.0, 0.0, 0.0, 0.0, 0.0, 0.0
6.728703022003174, 0.0, -0.043, -0.042, -0.046, -0.063, 0.004, -0.162, 0.0, -0.439, -0.425, -0.464, -0.633, 1.2, 0.075, 0.0, 0.0, 0.0, 0.0, 0.0, 0.0, 0.0
6.816045045852661, 0.0, -0.045, -0.042, -0.046, -0.063, 0.004, -0.161, 0.0, -0.45, -0.429, -0.464, -0.633, 1.197, 0.077, 0.0, 0.0, 0.0, 0.0, 0.0, 0.0, 0.0
6.902315855026245, 0.0, -0.045, -0.042, -0.046, -0.063, 0.004, -0.161, 0.0, -0.45, -0.429, -0.464, -0.633, 1.195, 0.079, 0.0, 0.0, 0.0, 0.0, 0.0, 0.0, 0.0
6.9935688972473145, 0.0, -0.044, -0.043, -0.046, -0.063, 0.004, -0.161, 0.0, -0.446, -0.432, -0.464, -0.633, 1.192, 0.082, 0.0, 0.0, 0.0, 0.0, 0.0, 0.0, 0.0
7.079864025115967, 0.0, -0.045, -0.043, -0.046, -0.063, 0.004, -0.161, 0.0, -0.457, -0.436, -0.464, -0.633, 1.192, 0.082, 0.0, 0.0, 0.0, 0.0, 0.0, 0.0, 0.0
7.166139841079712, 0.0, -0.046, -0.043, -0.046, -0.063, 0.004, -0.161, 0.0, -0.465, -0.436, -0.464, -0.633, 1.192, 0.082, 0.0, 0.0, 0.0, 0.0, 0.0, 0.0, 0.0
7.251414060592651, 0.0, -0.046, -0.043, -0.046, -0.063, 0.003, -0.161, 0.0, -0.465, -0.436, -0.464, -0.633, 1.19, 0.084, 0.0, 0.0, 0.0, 0.0, 0.0, 0.0, 0.0
7.338663816452026, 0.0, -0.046, -0.043, -0.046, -0.063, 0.002, -0.161, 0.0, -0.465, -0.436, -0.464, -0.633, 1.173, 0.082, 0.0, 0.0, 0.0, 0.0, 0.0, 0.0, 0.0
7.42509388923645, 0.0, -0.046, -0.043, -0.046, -0.063, 0.0, -0.16, 0.0, -0.465, -0.436, -0.464, -0.633, 1.148, 0.087, 0.0, 0.0, 0.0, 0.0, 0.0, 0.0, 0.0
7.511138916015625, 0.0, -0.046, -0.044, -0.046, -0.063, -0.006, -0.16, 0.0, -0.468, -0.44, -0.464, -0.633, 1.087, 0.094, 0.0, 0.0, 0.0, 0.0, 0.0, 0.0, 0.0
7.601356029510498, 0.0, -0.043, -0.043, -0.046, -0.063, -0.042, -0.156, 0.0, -0.431, -0.432, -0.464, -0.633, 0.731, 0.133, 0.0, 0.0, 0.0, 0.0, 0.0, 0.0, 0.0
7.687621831893921, 0.0, -0.031, -0.041, -0.046, -0.063, -0.083, -0.153, 0.0, -0.313, -0.418, -0.464, -0.633, 0.313, 0.16, 0.0, 0.0, 0.0, 0.0, 0.0, 0.0, 0.0
7.773928880691528, 0.0, -0.024, -0.041, -0.046, -0.063, -0.108, -0.153, 0.0, -0.243, -0.414, -0.464, -0.633, 0.064, 0.165, 0.0, 0.0, 0.0, 0.0, 0.0, 0.0, 0.0
7.86136794090271, 0.0, -0.026, -0.042, -0.046, -0.062, -0.117, -0.153, 0.0, -0.261, -0.425, -0.468, -0.629, -0.023, 0.16, 0.0, 0.0, 0.0, 0.0, 0.0, 0.0, 0.0
7.9474968910217285, 0.0, -0.022, -0.042, -0.047, -0.062, -0.122, -0.153, 0.0, -0.228, -0.421, -0.476, -0.621, -0.069, 0.158, 0.0, 0.0, 0.0, 0.0, 0.0, 0.0, 0.0
8.034807920455933, 0.0, -0.015, -0.04, -0.051, -0.062, -0.123, -0.153, 0.0, -0.151, -0.403, -0.51, -0.625, -0.086, 0.16, 0.0, 0.0, 0.0, 0.0, 0.0, 0.0, 0.0
8.121165037155151, 0.0, -0.011, -0.038, -0.053, -0.062, -0.124, -0.153, 0.0, -0.114, -0.388, -0.537, -0.629, -0.096, 0.16, 0.0, 0.0, 0.0, 0.0, 0.0, 0.0, 0.0
8.211313962936401, 0.0, -0.009, -0.038, -0.054, -0.062, -0.124, -0.153, 0.0, -0.091, -0.388, -0.541, -0.625, -0.094, 0.158, 0.0, 0.0, 0.0, 0.0, 0.0, 0.0, 0.0
8.296629905700684, 0.0, -0.014, -0.039, -0.054, -0.062, -0.124, -0.154, 0.0, -0.143, -0.395, -0.541, -0.625, -0.091, 0.155, 0.0, 0.0, 0.0, 0.0, 0.0, 0.0, 0.0
8.383983135223389, 0.0, -0.016, -0.04, -0.054, -0.062, -0.124, -0.154, 0.0, -0.165, -0.403, -0.541, -0.625, -0.091, 0.155, 0.0, 0.0, 0.0, 0.0, 0.0, 0.0, 0.0
8.47127389907837, 0.0, -0.015, -0.039, -0.054, -0.062, -0.123, -0.154, 0.0, -0.154, -0.399, -0.541, -0.625, -0.084, 0.148, 0.0, 0.0, 0.0, 0.0, 0.0, 0.0, 0.0
8.557590961456299, 0.0, -0.015, -0.039, -0.054, -0.062, -0.123, -0.154, 0.0, -0.154, -0.399, -0.541, -0.625, -0.084, 0.148, 0.0, 0.0, 0.0, 0.0, 0.0, 0.0, 0.0
8.643872022628784, 0.0, -0.016, -0.04, -0.054, -0.062, -0.123, -0.155, 0.0, -0.165, -0.403, -0.541, -0.625, -0.079, 0.143, 0.0, 0.0, 0.0, 0.0, 0.0, 0.0, 0.0
8.730235815048218, 0.0, -0.016, -0.04, -0.054, -0.062, -0.123, -0.155, 0.0, -0.169, -0.406, -0.544, -0.621, -0.079, 0.143, 0.0, 0.0, 0.0, 0.0, 0.0, 0.0, 0.0
8.82049298286438, 0.0, -0.017, -0.04, -0.054, -0.062, -0.123, -0.155, 0.0, -0.176, -0.406, -0.544, -0.621, -0.079, 0.143, 0.0, 0.0, 0.0, 0.0, 0.0, 0.0, 0.0
8.907757043838501, 0.0, -0.017, -0.04, -0.054, -0.062, -0.122, -0.155, 0.0, -0.173, -0.403, -0.544, -0.621, -0.077, 0.141, 0.0, 0.0, 0.0, 0.0, 0.0, 0.0, 0.0
8.99399185180664, 0.0, -0.017, -0.04, -0.054, -0.062, -0.122, -0.155, 0.0, -0.173, -0.403, -0.544, -0.621, -0.077, 0.141, 0.0, 0.0, 0.0, 0.0, 0.0, 0.0, 0.0
9.081409931182861, 0.0, -0.018, -0.041, -0.054, -0.062, -0.122, -0.155, 0.0, -0.188, -0.41, -0.544, -0.621, -0.077, 0.141, 0.0, 0.0, 0.0, 0.0, 0.0, 0.0, 0.0
9.167532920837402, 0.0, -0.018, -0.041, -0.054, -0.062, -0.122, -0.155, 0.0, -0.188, -0.41, -0.544, -0.621, -0.077, 0.141, 0.0, 0.0, 0.0, 0.0, 0.0, 0.0, 0.0
9.253849983215332, 0.0, -0.018, -0.041, -0.054, -0.062, -0.122, -0.155, 0.0, -0.188, -0.41, -0.544, -0.621, -0.077, 0.141, 0.0, 0.0, 0.0, 0.0, 0.0, 0.0, 0.0
9.340045928955078, 0.0, -0.018, -0.041, -0.054, -0.062, -0.122, -0.155, 0.0, -0.188, -0.41, -0.544, -0.621, -0.077, 0.141, 0.0, 0.0, 0.0, 0.0, 0.0, 0.0, 0.0
9.430261850357056, 0.0, -0.018, -0.041, -0.054, -0.062, -0.122, -0.155, 0.0, -0.188, -0.41, -0.544, -0.621, -0.077, 0.141, 0.0, 0.0, 0.0, 0.0, 0.0, 0.0, 0.0
9.517635107040405, 0.0, -0.019, -0.041, -0.054, -0.062, -0.122, -0.155, 0.0, -0.191, -0.414, -0.544, -0.621, -0.077, 0.141, 0.0, 0.0, 0.0, 0.0, 0.0, 0.0, 0.0
9.603791952133179, 0.0, -0.019, -0.041, -0.054, -0.062, -0.122, -0.155, 0.0, -0.191, -0.414, -0.544, -0.621, -0.077, 0.141, 0.0, 0.0, 0.0, 0.0, 0.0, 0.0, 0.0
9.690245151519775, 0.0, -0.018, -0.041, -0.054, -0.062, -0.122, -0.155, 0.0, -0.188, -0.41, -0.544, -0.621, -0.077, 0.141, 0.0, 0.0, 0.0, 0.0, 0.0, 0.0, 0.0
9.776208877563477, 0.0, -0.018, -0.041, -0.054, -0.062, -0.122, -0.155, 0.0, -0.188, -0.41, -0.544, -0.621, -0.077, 0.141, 0.0, 0.0, 0.0, 0.0, 0.0, 0.0, 0.0
9.863693952560425, 0.0, -0.018, -0.041, -0.054, -0.062, -0.122, -0.155, 0.0, -0.188, -0.41, -0.544, -0.621, -0.077, 0.141, 0.0, 0.0, 0.0, 0.0, 0.0, 0.0, 0.0
9.951007843017578, 0.0, -0.018, -0.041, -0.054, -0.062, -0.122, -0.155, 0.0, -0.188, -0.41, -0.544, -0.621, -0.077, 0.141, 0.0, 0.0, 0.0, 0.0, 0.0, 0.0, 0.0
10.037219047546387, 0.0, -0.018, -0.04, -0.054, -0.062, -0.122, -0.155, 0.0, -0.184, -0.406, -0.544, -0.621, -0.077, 0.141, 0.0, 0.0, 0.0, 0.0, 0.0, 0.0, 0.0
10.127595901489258, 0.0, -0.018, -0.04, -0.054, -0.062, -0.122, -0.155, 0.0, -0.184, -0.406, -0.548, -0.625, -0.077, 0.141, 0.0, 0.0, 0.0, 0.0, 0.0, 0.0, 0.0
10.213699102401733, 0.0, -0.017, -0.04, -0.055, -0.062, -0.122, -0.155, 0.0, -0.176, -0.406, -0.552, -0.621, -0.077, 0.141, 0.0, 0.0, 0.0, 0.0, 0.0, 0.0, 0.0
10.30021595954895, 0.0, -0.018, -0.041, -0.055, -0.062, -0.122, -0.155, 0.0, -0.18, -0.41, -0.556, -0.625, -0.077, 0.141, 0.0, 0.0, 0.0, 0.0, 0.0, 0.0, 0.0
10.38628602027893, 0.0, -0.018, -0.041, -0.055, -0.062, -0.122, -0.155, 0.0, -0.18, -0.41, -0.556, -0.625, -0.077, 0.141, 0.0, 0.0, 0.0, 0.0, 0.0, 0.0, 0.0
10.47258996963501, 0.0, -0.018, -0.041, -0.055, -0.062, -0.122, -0.155, 0.0, -0.18, -0.41, -0.556, -0.625, -0.077, 0.141, 0.0, 0.0, 0.0, 0.0, 0.0, 0.0, 0.0
10.559962034225464, 0.0, -0.018, -0.041, -0.055, -0.062, -0.122, -0.156, 0.0, -0.18, -0.41, -0.556, -0.625, -0.072, 0.136, 0.0, 0.0, 0.0, 0.0, 0.0, 0.0, 0.0
10.646106958389282, 0.0, -0.016, -0.04, -0.055, -0.062, -0.121, -0.157, 0.0, -0.169, -0.406, -0.556, -0.625, -0.062, 0.126, 0.0, 0.0, 0.0, 0.0, 0.0, 0.0, 0.0
10.73658013343811, 0.0, -0.016, -0.04, -0.055, -0.062, -0.12, -0.158, 0.0, -0.162, -0.406, -0.556, -0.625, -0.047, 0.111, 0.0, 0.0, 0.0, 0.0, 0.0, 0.0, 0.0
10.823769092559814, 0.0, -0.018, -0.041, -0.054, -0.062, -0.118, -0.159, 0.0, -0.184, -0.414, -0.548, -0.625, -0.03, 0.099, 0.0, 0.0, 0.0, 0.0, 0.0, 0.0, 0.0
10.90906286239624, 0.0, -0.021, -0.041, -0.051, -0.061, -0.116, -0.16, 0.0, -0.21, -0.418, -0.514, -0.614, -0.008, 0.097, 0.0, 0.0, 0.0, 0.0, 0.0, 0.0, 0.0
10.996334075927734, 0.0, -0.028, -0.044, -0.049, -0.061, -0.115, -0.16, 0.0, -0.28, -0.443, -0.495, -0.617, -0.003, 0.097, 0.0, 0.0, 0.0, 0.0, 0.0, 0.0, 0.0
11.082631826400757, 0.0, -0.031, -0.044, -0.049, -0.061, -0.115, -0.16, 0.0, -0.313, -0.447, -0.495, -0.617, -0.003, 0.097, 0.0, 0.0, 0.0, 0.0, 0.0, 0.0, 0.0
11.169928789138794, 0.0, -0.031, -0.045, -0.049, -0.061, -0.115, -0.16, 0.0, -0.317, -0.451, -0.495, -0.617, -0.003, 0.097, 0.0, 0.0, 0.0, 0.0, 0.0, 0.0, 0.0
11.256111145019531, 0.0, -0.032, -0.045, -0.049, -0.061, -0.116, -0.159, 0.0, -0.328, -0.454, -0.495, -0.617, -0.008, 0.101, 0.0, 0.0, 0.0, 0.0, 0.0, 0.0, 0.0
11.34552788734436, 0.0, -0.033, -0.045, -0.049, -0.061, -0.116, -0.159, 0.0, -0.332, -0.451, -0.495, -0.617, -0.008, 0.101, 0.0, 0.0, 0.0, 0.0, 0.0, 0.0, 0.0
11.431770086288452, 0.0, -0.033, -0.045, -0.049, -0.061, -0.116, -0.159, 0.0, -0.332, -0.451, -0.495, -0.617, -0.008, 0.101, 0.0, 0.0, 0.0, 0.0, 0.0, 0.0, 0.0
11.517916917800903, 0.0, -0.033, -0.045, -0.049, -0.061, -0.116, -0.159, 0.0, -0.339, -0.458, -0.495, -0.617, -0.008, 0.101, 0.0, 0.0, 0.0, 0.0, 0.0, 0.0, 0.0
11.60530400276184, 0.0, -0.033, -0.045, -0.049, -0.061, -0.116, -0.159, 0.0, -0.339, -0.458, -0.495, -0.617, -0.008, 0.101, 0.0, 0.0, 0.0, 0.0, 0.0, 0.0, 0.0
11.691488027572632, 0.0, -0.033, -0.045, -0.049, -0.061, -0.116, -0.159, 0.0, -0.335, -0.454, -0.495, -0.617, -0.008, 0.101, 0.0, 0.0, 0.0, 0.0, 0.0, 0.0, 0.0
11.777848958969116, 0.0, -0.03, -0.044, -0.049, -0.061, -0.115, -0.159, 0.0, -0.302, -0.443, -0.495, -0.617, -0.006, 0.099, 0.0, 0.0, 0.0, 0.0, 0.0, 0.0, 0.0
11.86421799659729, 0.0, -0.035, -0.045, -0.049, -0.061, -0.116, -0.159, 0.0, -0.354, -0.458, -0.495, -0.617, -0.008, 0.101, 0.0, 0.0, 0.0, 0.0, 0.0, 0.0, 0.0
11.954376935958862, 0.0, -0.038, -0.046, -0.049, -0.061, -0.116, -0.159, 0.0, -0.383, -0.466, -0.495, -0.617, -0.011, 0.104, 0.0, 0.0, 0.0, 0.0, 0.0, 0.0, 0.0
12.041646957397461, 0.0, -0.038, -0.046, -0.049, -0.061, -0.116, -0.159, 0.0, -0.38, -0.462, -0.495, -0.617, -0.013, 0.106, 0.0, 0.0, 0.0, 0.0, 0.0, 0.0, 0.0
12.128084897994995, 0.0, -0.035, -0.045, -0.049, -0.061, -0.115, -0.16, 0.0, -0.354, -0.458, -0.495, -0.617, 0.001, 0.092, 0.0, 0.0, 0.0, 0.0, 0.0, 0.0, 0.0
12.215310096740723, 0.0, -0.03, -0.043, -0.049, -0.061, -0.112, -0.162, 0.0, -0.302, -0.436, -0.495, -0.617, 0.025, 0.067, 0.0, 0.0, 0.0, 0.0, 0.0, 0.0, 0.0
12.301592111587524, 0.0, -0.026, -0.041, -0.049, -0.061, -0.11, -0.165, 0.0, -0.269, -0.418, -0.495, -0.617, 0.047, 0.045, 0.0, 0.0, 0.0, 0.0, 0.0, 0.0, 0.0
12.38785982131958, 0.0, -0.025, -0.041, -0.049, -0.061, -0.108, -0.164, 0.0, -0.25, -0.414, -0.495, -0.617, 0.064, 0.048, 0.0, 0.0, 0.0, 0.0, 0.0, 0.0, 0.0
12.474165916442871, 0.0, -0.033, -0.044, -0.049, -0.061, -0.103, -0.164, 0.0, -0.339, -0.443, -0.495, -0.617, 0.118, 0.048, 0.0, 0.0, 0.0, 0.0, 0.0, 0.0, 0.0
12.564228057861328, 0.0, -0.039, -0.045, -0.049, -0.061, -0.088, -0.167, 0.0, -0.398, -0.458, -0.495, -0.617, 0.272, 0.021, 0.0, 0.0, 0.0, 0.0, 0.0, 0.0, 0.0
12.651556968688965, 0.0, -0.041, -0.045, -0.049, -0.061, -0.063, -0.17, 0.0, -0.417, -0.454, -0.495, -0.617, 0.518, -0.01, 0.0, 0.0, 0.0, 0.0, 0.0, 0.0, 0.0
12.737981796264648, 0.0, -0.037, -0.044, -0.049, -0.062, -0.04, -0.173, 0.0, -0.372, -0.447, -0.491, -0.621, 0.75, -0.037, 0.0, 0.0, 0.0, 0.0, 0.0, 0.0, 0.0
12.824244976043701, 0.0, -0.038, -0.045, -0.049, -0.062, -0.027, -0.175, 0.0, -0.383, -0.451, -0.491, -0.621, 0.88, -0.054, 0.0, 0.0, 0.0, 0.0, 0.0, 0.0, 0.0
12.910444974899292, 0.0, -0.042, -0.045, -0.049, -0.062, -0.012, -0.176, 0.0, -0.428, -0.458, -0.491, -0.621, 1.031, -0.064, 0.0, 0.0, 0.0, 0.0, 0.0, 0.0, 0.0
12.996751070022583, 0.0, -0.047, -0.046, -0.047, -0.061, -0.005, -0.176, 0.0, -0.479, -0.466, -0.479, -0.617, 1.097, -0.071, 0.0, 0.0, 0.0, 0.0, 0.0, 0.0, 0.0
13.08412790298462, 0.0, -0.05, -0.047, -0.046, -0.062, 0.002, -0.177, 0.0, -0.505, -0.477, -0.468, -0.621, 1.173, -0.078, 0.0, 0.0, 0.0, 0.0, 0.0, 0.0, 0.0
13.174237966537476, 0.0, -0.052, -0.047, -0.046, -0.062, 0.004, -0.178, 0.0, -0.52, -0.477, -0.468, -0.621, 1.197, -0.083, 0.0, 0.0, 0.0, 0.0, 0.0, 0.0, 0.0
13.260740041732788, 0.0, -0.052, -0.048, -0.046, -0.062, 0.005, -0.178, 0.0, -0.524, -0.48, -0.468, -0.621, 1.202, -0.083, 0.0, 0.0, 0.0, 0.0, 0.0, 0.0, 0.0
13.346869945526123, 0.0, -0.054, -0.047, -0.046, -0.062, 0.004, -0.177, 0.0, -0.542, -0.477, -0.468, -0.621, 1.2, -0.081, 0.0, 0.0, 0.0, 0.0, 0.0, 0.0, 0.0
13.434170007705688, 0.0, -0.054, -0.048, -0.046, -0.062, 0.004, -0.177, 0.0, -0.546, -0.48, -0.468, -0.621, 1.197, -0.078, 0.0, 0.0, 0.0, 0.0, 0.0, 0.0, 0.0
13.519425868988037, 0.0, -0.055, -0.048, -0.046, -0.062, 0.003, -0.176, 0.0, -0.553, -0.48, -0.468, -0.621, 1.19, -0.071, 0.0, 0.0, 0.0, 0.0, 0.0, 0.0, 0.0
13.606712102890015, 0.0, -0.055, -0.048, -0.046, -0.062, 0.003, -0.176, 0.0, -0.557, -0.484, -0.468, -0.621, 1.185, -0.066, 0.0, 0.0, 0.0, 0.0, 0.0, 0.0, 0.0
13.692974090576172, 0.0, -0.055, -0.047, -0.046, -0.062, 0.003, -0.176, 0.0, -0.55, -0.477, -0.468, -0.621, 1.183, -0.064, 0.0, 0.0, 0.0, 0.0, 0.0, 0.0, 0.0
13.782192945480347, 0.0, -0.054, -0.047, -0.046, -0.062, 0.002, -0.175, 0.0, -0.542, -0.477, -0.468, -0.621, 1.173, -0.054, 0.0, 0.0, 0.0, 0.0, 0.0, 0.0, 0.0
13.868672847747803, 0.0, -0.054, -0.047, -0.046, -0.062, 0.001, -0.174, 0.0, -0.542, -0.477, -0.468, -0.621, 1.163, -0.049, 0.0, 0.0, 0.0, 0.0, 0.0, 0.0, 0.0
13.954864740371704, 0.0, -0.053, -0.048, -0.046, -0.062, 0.0, -0.173, 0.0, -0.539, -0.48, -0.468, -0.621, 1.156, -0.042, 0.0, 0.0, 0.0, 0.0, 0.0, 0.0, 0.0
14.041124105453491, 0.0, -0.055, -0.048, -0.046, -0.062, 0.0, -0.173, 0.0, -0.55, -0.484, -0.468, -0.621, 1.146, -0.042, 0.0, 0.0, 0.0, 0.0, 0.0, 0.0, 0.0
14.127366781234741, 0.0, -0.056, -0.048, -0.046, -0.062, -0.001, -0.174, 0.0, -0.561, -0.48, -0.468, -0.621, 1.139, -0.044, 0.0, 0.0, 0.0, 0.0, 0.0, 0.0, 0.0
14.214693069458008, 0.0, -0.056, -0.048, -0.046, -0.062, -0.002, -0.173, 0.0, -0.561, -0.48, -0.468, -0.621, 1.129, -0.039, 0.0, 0.0, 0.0, 0.0, 0.0, 0.0, 0.0
14.301095962524414, 0.0, -0.056, -0.048, -0.046, -0.062, -0.003, -0.173, 0.0, -0.561, -0.48, -0.468, -0.621, 1.122, -0.042, 0.0, 0.0, 0.0, 0.0, 0.0, 0.0, 0.0
14.391273975372314, 0.0, -0.056, -0.048, -0.046, -0.062, -0.004, -0.173, 0.0, -0.564, -0.484, -0.468, -0.621, 1.112, -0.037, 0.0, 0.0, 0.0, 0.0, 0.0, 0.0, 0.0
14.477630853652954, 0.0, -0.057, -0.048, -0.046, -0.062, -0.005, -0.173, 0.0, -0.576, -0.488, -0.468, -0.621, 1.102, -0.037, 0.0, 0.0, 0.0, 0.0, 0.0, 0.0, 0.0
14.563700914382935, 0.0, -0.057, -0.048, -0.046, -0.062, -0.005, -0.172, 0.0, -0.576, -0.488, -0.468, -0.621, 1.092, -0.032, 0.0, 0.0, 0.0, 0.0, 0.0, 0.0, 0.0
14.650981903076172, 0.0, -0.056, -0.048, -0.046, -0.062, -0.006, -0.172, 0.0, -0.568, -0.48, -0.468, -0.621, 1.082, -0.032, 0.0, 0.0, 0.0, 0.0, 0.0, 0.0, 0.0
14.73733401298523, 0.0, -0.056, -0.048, -0.046, -0.062, -0.008, -0.172, 0.0, -0.564, -0.484, -0.468, -0.621, 1.07, -0.029, 0.0, 0.0, 0.0, 0.0, 0.0, 0.0, 0.0
14.823762893676758, 0.0, -0.056, -0.048, -0.046, -0.062, -0.008, -0.172, 0.0, -0.564, -0.484, -0.468, -0.621, 1.065, -0.025, 0.0, 0.0, 0.0, 0.0, 0.0, 0.0, 0.0
14.91001582145691, 0.0, -0.056, -0.048, -0.046, -0.062, -0.01, -0.172, 0.0, -0.564, -0.484, -0.468, -0.621, 1.046, -0.025, 0.0, 0.0, 0.0, 0.0, 0.0, 0.0, 0.0
15.000252962112427, 0.0, -0.056, -0.048, -0.046, -0.062, -0.011, -0.171, 0.0, -0.564, -0.484, -0.468, -0.621, 1.041, -0.02, 0.0, 0.0, 0.0, 0.0, 0.0, 0.0, 0.0
15.087470054626465, 0.0, -0.056, -0.048, -0.046, -0.062, -0.011, -0.171, 0.0, -0.564, -0.484, -0.468, -0.621, 1.034, -0.017, 0.0, 0.0, 0.0, 0.0, 0.0, 0.0, 0.0
15.174706935882568, 0.0, -0.056, -0.048, -0.046, -0.062, -0.014, -0.171, 0.0, -0.564, -0.484, -0.468, -0.621, 1.009, -0.017, 0.0, 0.0, 0.0, 0.0, 0.0, 0.0, 0.0
15.261083841323853, 0.0, -0.056, -0.048, -0.046, -0.062, -0.017, -0.171, 0.0, -0.564, -0.484, -0.468, -0.621, 0.977, -0.02, 0.0, 0.0, 0.0, 0.0, 0.0, 0.0, 0.0
15.348334074020386, 0.0, -0.055, -0.048, -0.046, -0.062, -0.03, -0.173, 0.0, -0.553, -0.488, -0.468, -0.621, 0.85, -0.039, 0.0, 0.0, 0.0, 0.0, 0.0, 0.0, 0.0
15.434675931930542, 0.0, -0.051, -0.047, -0.046, -0.062, -0.066, -0.18, 0.0, -0.513, -0.477, -0.468, -0.621, 0.487, -0.11, 0.0, 0.0, 0.0, 0.0, 0.0, 0.0, 0.0
15.520927906036377, 0.0, -0.039, -0.046, -0.046, -0.062, -0.105, -0.175, 0.0, -0.398, -0.466, -0.468, -0.621, 0.101, -0.061, 0.0, 0.0, 0.0, 0.0, 0.0, 0.0, 0.0
15.61023211479187, 0.0, -0.033, -0.044, -0.047, -0.061, -0.122, -0.164, 0.0, -0.335, -0.447, -0.479, -0.61, -0.069, 0.055, 0.0, 0.0, 0.0, 0.0, 0.0, 0.0, 0.0
15.697488784790039, 0.0, -0.033, -0.045, -0.049, -0.06, -0.129, -0.16, 0.0, -0.335, -0.454, -0.491, -0.606, -0.143, 0.094, 0.0, 0.0, 0.0, 0.0, 0.0, 0.0, 0.0
15.784816026687622, 0.0, -0.038, -0.047, -0.049, -0.06, -0.135, -0.157, 0.0, -0.38, -0.477, -0.495, -0.602, -0.201, 0.119, 0.0, 0.0, 0.0, 0.0, 0.0, 0.0, 0.0
15.871026992797852, 0.0, -0.044, -0.049, -0.049, -0.059, -0.135, -0.157, 0.0, -0.443, -0.495, -0.499, -0.598, -0.204, 0.121, 0.0, 0.0, 0.0, 0.0, 0.0, 0.0, 0.0
15.957306861877441, 0.0, -0.041, -0.048, -0.049, -0.059, -0.135, -0.157, 0.0, -0.413, -0.488, -0.499, -0.598, -0.206, 0.123, 0.0, 0.0, 0.0, 0.0, 0.0, 0.0, 0.0
16.043590784072876, 0.0, -0.04, -0.048, -0.049, -0.059, -0.133, -0.16, 0.0, -0.406, -0.48, -0.499, -0.598, -0.179, 0.097, 0.0, 0.0, 0.0, 0.0, 0.0, 0.0, 0.0
16.130775928497314, 0.0, -0.039, -0.047, -0.051, -0.059, -0.13, -0.163, 0.0, -0.394, -0.477, -0.514, -0.598, -0.147, 0.065, 0.0, 0.0, 0.0, 0.0, 0.0, 0.0, 0.0
16.217071056365967, 0.0, -0.035, -0.045, -0.052, -0.06, -0.123, -0.164, 0.0, -0.358, -0.454, -0.529, -0.606, -0.079, 0.05, 0.0, 0.0, 0.0, 0.0, 0.0, 0.0, 0.0
16.307517766952515, 0.0, -0.044, -0.047, -0.052, -0.06, -0.121, -0.164, 0.0, -0.446, -0.477, -0.529, -0.606, -0.067, 0.048, 0.0, 0.0, 0.0, 0.0, 0.0, 0.0, 0.0
16.393844842910767, 0.0, -0.06, -0.049, -0.052, -0.06, -0.118, -0.163, 0.0, -0.601, -0.499, -0.529, -0.606, -0.028, 0.058, 0.0, 0.0, 0.0, 0.0, 0.0, 0.0, 0.0
16.479925870895386, 0.0, -0.045, -0.047, -0.052, -0.06, -0.118, -0.163, 0.0, -0.454, -0.477, -0.529, -0.606, -0.035, 0.065, 0.0, 0.0, 0.0, 0.0, 0.0, 0.0, 0.0
16.566266775131226, 0.0, -0.031, -0.043, -0.052, -0.06, -0.119, -0.162, 0.0, -0.317, -0.436, -0.529, -0.606, -0.045, 0.075, 0.0, 0.0, 0.0, 0.0, 0.0, 0.0, 0.0
16.652472972869873, 0.0, -0.027, -0.042, -0.052, -0.06, -0.127, -0.158, 0.0, -0.273, -0.429, -0.529, -0.606, -0.125, 0.116, 0.0, 0.0, 0.0, 0.0, 0.0, 0.0, 0.0
16.738917112350464, 0.0, -0.027, -0.043, -0.049, -0.06, -0.132, -0.156, 0.0, -0.273, -0.436, -0.495, -0.602, -0.172, 0.133, 0.0, 0.0, 0.0, 0.0, 0.0, 0.0, 0.0
16.826180934906006, 0.0, -0.036, -0.047, -0.049, -0.06, -0.146, -0.149, 0.0, -0.369, -0.473, -0.495, -0.602, -0.311, 0.204, 0.0, 0.0, 0.0, 0.0, 0.0, 0.0, 0.0
16.916464805603027, 0.0, -0.033, -0.046, -0.049, -0.06, -0.176, -0.142, 0.0, -0.335, -0.462, -0.495, -0.602, -0.611, 0.275, 0.0, 0.0, 0.0, 0.0, 0.0, 0.0, 0.0
17.002635955810547, 0.0, -0.029, -0.045, -0.049, -0.059, -0.192, -0.137, 0.0, -0.295, -0.458, -0.499, -0.598, -0.77, 0.321, 0.0, 0.0, 0.0, 0.0, 0.0, 0.0, 0.0
17.08911108970642, 0.0, -0.026, -0.044, -0.05, -0.059, -0.2, -0.137, 0.0, -0.261, -0.447, -0.506, -0.598, -0.856, 0.319, 0.0, 0.0, 0.0, 0.0, 0.0, 0.0, 0.0
17.176220893859863, 0.0, -0.025, -0.045, -0.051, -0.059, -0.201, -0.137, 0.0, -0.258, -0.451, -0.514, -0.598, -0.865, 0.324, 0.0, 0.0, 0.0, 0.0, 0.0, 0.0, 0.0
17.26350688934326, 0.0, -0.026, -0.045, -0.051, -0.059, -0.205, -0.137, 0.0, -0.269, -0.454, -0.514, -0.598, -0.897, 0.326, 0.0, 0.0, 0.0, 0.0, 0.0, 0.0, 0.0
17.34971785545349, 0.0, -0.028, -0.045, -0.051, -0.059, -0.207, -0.136, 0.0, -0.284, -0.454, -0.514, -0.598, -0.922, 0.331, 0.0, 0.0, 0.0, 0.0, 0.0, 0.0, 0.0
17.436203002929688, 0.0, -0.028, -0.045, -0.052, -0.059, -0.208, -0.136, 0.0, -0.28, -0.458, -0.521, -0.598, -0.929, 0.333, 0.0, 0.0, 0.0, 0.0, 0.0, 0.0, 0.0
17.526293992996216, 0.0, -0.027, -0.045, -0.053, -0.06, -0.206, -0.137, 0.0, -0.276, -0.454, -0.533, -0.602, -0.917, 0.321, 0.0, 0.0, 0.0, 0.0, 0.0, 0.0, 0.0
17.613719940185547, 0.0, -0.031, -0.046, -0.053, -0.06, -0.205, -0.138, 0.0, -0.313, -0.462, -0.533, -0.602, -0.902, 0.307, 0.0, 0.0, 0.0, 0.0, 0.0, 0.0, 0.0
17.698879957199097, 0.0, -0.032, -0.046, -0.053, -0.06, -0.205, -0.139, 0.0, -0.328, -0.469, -0.533, -0.602, -0.9, 0.304, 0.0, 0.0, 0.0, 0.0, 0.0, 0.0, 0.0
17.786162853240967, 0.0, -0.032, -0.046, -0.053, -0.06, -0.205, -0.139, 0.0, -0.324, -0.466, -0.533, -0.602, -0.897, 0.302, 0.0, 0.0, 0.0, 0.0, 0.0, 0.0, 0.0
17.872365951538086, 0.0, -0.032, -0.046, -0.053, -0.059, -0.205, -0.139, 0.0, -0.321, -0.462, -0.537, -0.598, -0.897, 0.302, 0.0, 0.0, 0.0, 0.0, 0.0, 0.0, 0.0
17.9597909450531, 0.0, -0.032, -0.046, -0.053, -0.059, -0.204, -0.139, 0.0, -0.321, -0.462, -0.537, -0.598, -0.892, 0.297, 0.0, 0.0, 0.0, 0.0, 0.0, 0.0, 0.0
18.04510474205017, 0.0, -0.033, -0.046, -0.053, -0.059, -0.201, -0.143, 0.0, -0.332, -0.466, -0.537, -0.598, -0.858, 0.263, 0.0, 0.0, 0.0, 0.0, 0.0, 0.0, 0.0
18.136453866958618, 0.0, -0.031, -0.045, -0.053, -0.059, -0.151, -0.161, 0.0, -0.317, -0.458, -0.537, -0.598, -0.357, 0.079, 0.0, 0.0, 0.0, 0.0, 0.0, 0.0, 0.0
18.222743034362793, 0.0, -0.033, -0.045, -0.05, -0.059, -0.131, -0.162, 0.0, -0.339, -0.458, -0.506, -0.598, -0.167, 0.07, 0.0, 0.0, 0.0, 0.0, 0.0, 0.0, 0.0
18.308856964111328, 0.0, -0.036, -0.046, -0.047, -0.06, -0.131, -0.162, 0.0, -0.361, -0.466, -0.479, -0.602, -0.157, 0.07, 0.0, 0.0, 0.0, 0.0, 0.0, 0.0, 0.0
18.396145820617676, 0.0, -0.035, -0.045, -0.047, -0.06, -0.131, -0.162, 0.0, -0.354, -0.458, -0.479, -0.602, -0.157, 0.07, 0.0, 0.0, 0.0, 0.0, 0.0, 0.0, 0.0
18.48241877555847, 0.0, -0.035, -0.046, -0.047, -0.06, -0.131, -0.162, 0.0, -0.35, -0.462, -0.479, -0.602, -0.157, 0.07, 0.0, 0.0, 0.0, 0.0, 0.0, 0.0, 0.0
18.568665027618408, 0.0, -0.034, -0.045, -0.047, -0.06, -0.13, -0.162, 0.0, -0.343, -0.454, -0.479, -0.602, -0.155, 0.067, 0.0, 0.0, 0.0, 0.0, 0.0, 0.0, 0.0
18.65496015548706, 0.0, -0.032, -0.045, -0.047, -0.06, -0.13, -0.162, 0.0, -0.324, -0.451, -0.479, -0.602, -0.155, 0.067, 0.0, 0.0, 0.0, 0.0, 0.0, 0.0, 0.0
18.74440908432007, 0.0, -0.034, -0.045, -0.047, -0.06, -0.13, -0.162, 0.0, -0.346, -0.458, -0.479, -0.602, -0.155, 0.067, 0.0, 0.0, 0.0, 0.0, 0.0, 0.0, 0.0
18.830559015274048, 0.0, -0.034, -0.045, -0.047, -0.06, -0.13, -0.163, 0.0, -0.346, -0.458, -0.479, -0.602, -0.152, 0.065, 0.0, 0.0, 0.0, 0.0, 0.0, 0.0, 0.0
18.917850971221924, 0.0, -0.032, -0.045, -0.047, -0.06, -0.13, -0.163, 0.0, -0.328, -0.454, -0.479, -0.602, -0.15, 0.062, 0.0, 0.0, 0.0, 0.0, 0.0, 0.0, 0.0
19.00424075126648, 0.0, -0.034, -0.045, -0.047, -0.06, -0.123, -0.164, 0.0, -0.346, -0.458, -0.479, -0.602, -0.081, 0.048, 0.0, 0.0, 0.0, 0.0, 0.0, 0.0, 0.0
19.09053373336792, 0.0, -0.037, -0.046, -0.047, -0.06, -0.098, -0.162, 0.0, -0.372, -0.462, -0.479, -0.602, 0.164, 0.07, 0.0, 0.0, 0.0, 0.0, 0.0, 0.0, 0.0
19.176682949066162, 0.0, -0.043, -0.047, -0.047, -0.06, -0.086, -0.163, 0.0, -0.431, -0.477, -0.479, -0.602, 0.284, 0.062, 0.0, 0.0, 0.0, 0.0, 0.0, 0.0, 0.0
19.264044046401978, 0.0, -0.043, -0.048, -0.047, -0.06, -0.089, -0.16, 0.0, -0.435, -0.48, -0.479, -0.602, 0.257, 0.089, 0.0, 0.0, 0.0, 0.0, 0.0, 0.0, 0.0
19.355247974395752, 0.0, -0.038, -0.046, -0.047, -0.06, -0.099, -0.155, 0.0, -0.387, -0.469, -0.479, -0.602, 0.159, 0.143, 0.0, 0.0, 0.0, 0.0, 0.0, 0.0, 0.0
19.44150972366333, 0.0, -0.033, -0.045, -0.047, -0.06, -0.103, -0.153, 0.0, -0.332, -0.451, -0.479, -0.602, 0.118, 0.16, 0.0, 0.0, 0.0, 0.0, 0.0, 0.0, 0.0
19.528936862945557, 0.0, -0.034, -0.045, -0.047, -0.06, -0.103, -0.153, 0.0, -0.346, -0.458, -0.479, -0.602, 0.113, 0.165, 0.0, 0.0, 0.0, 0.0, 0.0, 0.0, 0.0
19.61513590812683, 0.0, -0.038, -0.046, -0.047, -0.06, -0.104, -0.152, 0.0, -0.38, -0.469, -0.479, -0.602, 0.106, 0.167, 0.0, 0.0, 0.0, 0.0, 0.0, 0.0, 0.0
19.701424837112427, 0.0, -0.035, -0.046, -0.047, -0.06, -0.104, -0.152, 0.0, -0.358, -0.462, -0.479, -0.602, 0.103, 0.17, 0.0, 0.0, 0.0, 0.0, 0.0, 0.0, 0.0
19.786566734313965, 0.0, -0.034, -0.045, -0.047, -0.06, -0.104, -0.152, 0.0, -0.343, -0.454, -0.479, -0.602, 0.103, 0.17, 0.0, 0.0, 0.0, 0.0, 0.0, 0.0, 0.0
19.873964071273804, 0.0, -0.036, -0.046, -0.047, -0.06, -0.104, -0.152, 0.0, -0.361, -0.466, -0.479, -0.602, 0.103, 0.17, 0.0, 0.0, 0.0, 0.0, 0.0, 0.0, 0.0
19.96422791481018, 0.0, -0.036, -0.046, -0.047, -0.06, -0.105, -0.152, 0.0, -0.369, -0.466, -0.479, -0.602, 0.098, 0.175, 0.0, 0.0, 0.0, 0.0, 0.0, 0.0, 0.0
20.05070996284485, 0.0, -0.032, -0.044, -0.047, -0.06, -0.105, -0.152, 0.0, -0.328, -0.447, -0.479, -0.602, 0.098, 0.17, 0.0, 0.0, 0.0, 0.0, 0.0, 0.0, 0.0
20.13685703277588, 0.0, -0.032, -0.044, -0.047, -0.06, -0.105, -0.152, 0.0, -0.321, -0.447, -0.479, -0.602, 0.101, 0.167, 0.0, 0.0, 0.0, 0.0, 0.0, 0.0, 0.0
20.223201990127563, 0.0, -0.025, -0.042, -0.047, -0.06, -0.105, -0.152, 0.0, -0.258, -0.429, -0.479, -0.602, 0.101, 0.167, 0.0, 0.0, 0.0, 0.0, 0.0, 0.0, 0.0
20.31058979034424, 0.0, -0.023, -0.042, -0.047, -0.06, -0.104, -0.153, 0.0, -0.236, -0.421, -0.479, -0.602, 0.103, 0.165, 0.0, 0.0, 0.0, 0.0, 0.0, 0.0, 0.0
20.39776301383972, 0.0, -0.021, -0.041, -0.047, -0.06, -0.104, -0.153, 0.0, -0.21, -0.41, -0.479, -0.602, 0.108, 0.16, 0.0, 0.0, 0.0, 0.0, 0.0, 0.0, 0.0
20.4840989112854, 0.0, -0.021, -0.041, -0.047, -0.06, -0.103, -0.154, 0.0, -0.21, -0.41, -0.479, -0.602, 0.115, 0.153, 0.0, 0.0, 0.0, 0.0, 0.0, 0.0, 0.0
20.575375080108643, 0.0, -0.024, -0.042, -0.047, -0.06, -0.096, -0.147, 0.0, -0.243, -0.421, -0.479, -0.602, 0.057, 0.133, 0.0, 0.0, 0.0, 0.0, 0.0, 0.0, 0.0
20.66052508354187, 0.0, -0.031, -0.043, -0.047, -0.06, -0.081, -0.147, 0.0, -0.317, -0.436, -0.479, -0.602, 0.098, 0.053, 0.0, 0.0, 0.0, 0.0, 0.0, 0.0, 0.0
20.747882843017578, 0.0, -0.037, -0.045, -0.047, -0.06, -0.05, -0.151, 0.0, -0.376, -0.458, -0.479, -0.602, 0.328, -0.059, 0.0, 0.0, 0.0, 0.0, 0.0, 0.0, 0.0
20.83308696746826, 0.0, -0.035, -0.044, -0.047, -0.061, -0.018, -0.156, 0.0, -0.358, -0.447, -0.472, -0.61, 0.572, -0.186, 0.0, 0.0, 0.0, 0.0, 0.0, 0.0, 0.0
20.920341968536377, 0.0, -0.033, -0.044, -0.046, -0.06, 0.005, -0.155, 0.0, -0.335, -0.44, -0.464, -0.602, 0.748, -0.244, 0.0, 0.0, 0.0, 0.0, 0.0, 0.0, 0.0
21.006780862808228, 0.0, -0.03, -0.044, -0.046, -0.06, 0.026, -0.149, 0.0, -0.309, -0.443, -0.464, -0.602, 0.877, -0.266, 0.0, 0.0, 0.0, 0.0, 0.0, 0.0, 0.0
21.09307098388672, 0.0, -0.04, -0.049, -0.046, -0.06, 0.076, -0.15, 0.0, -0.409, -0.491, -0.464, -0.602, 0.968, -0.152, 0.0, 0.0, 0.0, 0.0, 0.0, 0.0, 0.0
21.182348012924194, 0.0, -0.049, -0.051, -0.046, -0.06, 0.131, -0.155, 0.0, -0.494, -0.517, -0.464, -0.602, 1.102, -0.144, 0.0, 0.0, 0.0, 0.0, 0.0, 0.0, 0.0
21.268687963485718, 0.0, -0.05, -0.051, -0.046, -0.059, 0.194, -0.157, 0.0, -0.505, -0.514, -0.46, -0.598, 1.202, -0.127, 0.0, 0.0, 0.0, 0.0, 0.0, 0.0, 0.0
21.355129957199097, 0.0, -0.045, -0.05, -0.045, -0.059, 0.239, -0.159, 0.0, -0.457, -0.503, -0.456, -0.595, 1.165, -0.09, 0.0, 0.0, 0.0, 0.0, 0.0, 0.0, 0.0
21.441334009170532, 0.0, -0.041, -0.049, -0.045, -0.059, 0.291, -0.165, 0.0, -0.417, -0.491, -0.456, -0.595, 1.17, -0.09, 0.0, 0.0, 0.0, 0.0, 0.0, 0.0, 0.0
21.528677701950073, 0.0, -0.041, -0.049, -0.045, -0.059, 0.342, -0.165, 0.0, -0.413, -0.495, -0.456, -0.595, 1.183, -0.049, 0.0, 0.0, 0.0, 0.0, 0.0, 0.0, 0.0
21.61476182937622, 0.0, -0.045, -0.05, -0.045, -0.059, 0.397, -0.16, 0.0, -0.45, -0.503, -0.456, -0.595, 1.187, 0.014, 0.0, 0.0, 0.0, 0.0, 0.0, 0.0, 0.0
21.701241970062256, 0.0, -0.047, -0.05, -0.045, -0.059, 0.452, -0.166, 0.0, -0.472, -0.503, -0.456, -0.595, 1.197, -0.078, 0.0, 0.0, 0.0, 0.0, 0.0, 0.0, 0.0
21.79166889190674, 0.0, -0.045, -0.048, -0.045, -0.059, 0.502, -0.161, 0.0, -0.45, -0.488, -0.453, -0.598, 1.139, -0.02, 0.0, 0.0, 0.0, 0.0, 0.0, 0.0, 0.0
21.877930879592896, 0.0, -0.042, -0.048, -0.045, -0.059, 0.557, -0.162, 0.0, -0.424, -0.484, -0.453, -0.598, 1.124, -0.01, 0.0, 0.0, 0.0, 0.0, 0.0, 0.0, 0.0
21.964077949523926, 0.0, -0.043, -0.049, -0.045, -0.059, 0.606, -0.167, 0.0, -0.431, -0.491, -0.453, -0.598, 1.112, -0.076, 0.0, 0.0, 0.0, 0.0, 0.0, 0.0, 0.0
22.051496982574463, 0.0, -0.045, -0.049, -0.045, -0.059, 0.639, -0.166, 0.0, -0.454, -0.491, -0.453, -0.598, 0.97, -0.047, 0.0, 0.0, 0.0, 0.0, 0.0, 0.0, 0.0
22.137866020202637, 0.0, -0.044, -0.048, -0.045, -0.059, 0.674, -0.165, 0.0, -0.443, -0.488, -0.453, -0.598, 0.88, -0.015, 0.0, 0.0, 0.0, 0.0, 0.0, 0.0, 0.0
22.223994731903076, 0.0, -0.042, -0.048, -0.045, -0.059, 0.701, -0.164, 0.0, -0.428, -0.488, -0.453, -0.598, 0.77, 0.011, 0.0, 0.0, 0.0, 0.0, 0.0, 0.0, 0.0
22.310441970825195, 0.0, -0.042, -0.048, -0.045, -0.059, 0.718, -0.168, 0.0, -0.42, -0.48, -0.453, -0.598, 0.616, -0.034, 0.0, 0.0, 0.0, 0.0, 0.0, 0.0, 0.0
22.396708965301514, 0.0, -0.041, -0.047, -0.045, -0.059, 0.736, -0.173, 0.0, -0.417, -0.477, -0.453, -0.598, 0.555, -0.071, 0.0, 0.0, 0.0, 0.0, 0.0, 0.0, 0.0
22.487048864364624, 0.0, -0.037, -0.045, -0.045, -0.059, 0.734, -0.18, 0.0, -0.376, -0.458, -0.453, -0.598, 0.33, -0.115, 0.0, 0.0, 0.0, 0.0, 0.0, 0.0, 0.0
22.574305057525635, 0.0, -0.033, -0.044, -0.045, -0.059, 0.737, -0.181, 0.0, -0.339, -0.443, -0.453, -0.598, 0.213, -0.1, 0.0, 0.0, 0.0, 0.0, 0.0, 0.0, 0.0
22.660544872283936, 0.0, -0.032, -0.043, -0.045, -0.059, 0.743, -0.187, 0.0, -0.321, -0.432, -0.453, -0.598, 0.15, -0.154, 0.0, 0.0, 0.0, 0.0, 0.0, 0.0, 0.0
22.74693489074707, 0.0, -0.033, -0.043, -0.045, -0.059, 0.746, -0.208, 0.0, -0.335, -0.432, -0.453, -0.598, 0.198, -0.193, 0.0, 0.0, 0.0, 0.0, 0.0, 0.0, 0.0
22.8332200050354, 0.0, -0.035, -0.042, -0.045, -0.059, 0.752, -0.214, 0.0, -0.354, -0.429, -0.453, -0.598, 0.194, -0.188, 0.0, 0.0, 0.0, 0.0, 0.0, 0.0, 0.0
22.91946792602539, 0.0, -0.036, -0.042, -0.045, -0.059, 0.748, -0.229, 0.0, -0.361, -0.429, -0.453, -0.598, 0.157, -0.195, 0.0, 0.0, 0.0, 0.0, 0.0, 0.0, 0.0
23.006802797317505, 0.0, -0.035, -0.042, -0.046, -0.061, 0.735, -0.234, 0.0, -0.358, -0.425, -0.468, -0.614, 0.062, -0.1, 0.0, 0.0, 0.0, 0.0, 0.0, 0.0, 0.0
23.097177982330322, 0.0, -0.033, -0.043, -0.046, -0.061, 0.738, -0.226, 0.0, -0.332, -0.436, -0.468, -0.614, 0.003, -0.007, 0.0, 0.0, 0.0, 0.0, 0.0, 0.0, 0.0
23.184305906295776, 0.0, -0.033, -0.044, -0.046, -0.061, 0.739, -0.227, 0.0, -0.335, -0.44, -0.468, -0.614, -0.006, 0.001, 0.0, 0.0, 0.0, 0.0, 0.0, 0.0, 0.0
23.270699977874756, 0.0, -0.033, -0.044, -0.046, -0.061, 0.738, -0.226, 0.0, -0.335, -0.44, -0.468, -0.614, -0.011, 0.006, 0.0, 0.0, 0.0, 0.0, 0.0, 0.0, 0.0
23.356955766677856, 0.0, -0.033, -0.044, -0.046, -0.061, 0.738, -0.226, 0.0, -0.332, -0.443, -0.468, -0.614, -0.011, 0.006, 0.0, 0.0, 0.0, 0.0, 0.0, 0.0, 0.0
23.44319796562195, 0.0, -0.033, -0.044, -0.046, -0.061, 0.738, -0.226, 0.0, -0.332, -0.443, -0.468, -0.614, -0.011, 0.006, 0.0, 0.0, 0.0, 0.0, 0.0, 0.0, 0.0
23.52949595451355, 0.0, -0.033, -0.044, -0.046, -0.061, 0.738, -0.226, 0.0, -0.332, -0.443, -0.468, -0.614, -0.011, 0.006, 0.0, 0.0, 0.0, 0.0, 0.0, 0.0, 0.0
23.616615772247314, 0.0, -0.032, -0.044, -0.046, -0.061, 0.738, -0.226, 0.0, -0.321, -0.44, -0.468, -0.614, -0.013, 0.009, 0.0, 0.0, 0.0, 0.0, 0.0, 0.0, 0.0
23.706150770187378, 0.0, -0.03, -0.043, -0.046, -0.061, 0.737, -0.226, 0.0, -0.302, -0.436, -0.468, -0.614, -0.018, 0.014, 0.0, 0.0, 0.0, 0.0, 0.0, 0.0, 0.0
23.792335987091064, 0.0, -0.033, -0.044, -0.046, -0.061, 0.737, -0.225, 0.0, -0.332, -0.443, -0.468, -0.614, -0.02, 0.016, 0.0, 0.0, 0.0, 0.0, 0.0, 0.0, 0.0
23.878727912902832, 0.0, -0.036, -0.045, -0.046, -0.061, 0.737, -0.225, 0.0, -0.361, -0.458, -0.468, -0.614, -0.023, 0.018, 0.0, 0.0, 0.0, 0.0, 0.0, 0.0, 0.0
23.964837074279785, 0.0, -0.036, -0.045, -0.046, -0.061, 0.737, -0.225, 0.0, -0.361, -0.458, -0.468, -0.614, -0.023, 0.018, 0.0, 0.0, 0.0, 0.0, 0.0, 0.0, 0.0
24.051119089126587, 0.0, -0.035, -0.045, -0.046, -0.061, 0.737, -0.225, 0.0, -0.354, -0.451, -0.468, -0.614, -0.023, 0.018, 0.0, 0.0, 0.0, 0.0, 0.0, 0.0, 0.0
24.137432098388672, 0.0, -0.035, -0.045, -0.046, -0.061, 0.737, -0.225, 0.0, -0.358, -0.454, -0.468, -0.614, -0.023, 0.018, 0.0, 0.0, 0.0, 0.0, 0.0, 0.0, 0.0
24.22374391555786, 0.0, -0.036, -0.045, -0.046, -0.061, 0.737, -0.225, 0.0, -0.361, -0.458, -0.468, -0.614, -0.023, 0.018, 0.0, 0.0, 0.0, 0.0, 0.0, 0.0, 0.0
24.31416893005371, 0.0, -0.035, -0.045, -0.046, -0.061, 0.737, -0.225, 0.0, -0.358, -0.454, -0.468, -0.614, -0.023, 0.018, 0.0, 0.0, 0.0, 0.0, 0.0, 0.0, 0.0
24.401416778564453, 0.0, -0.035, -0.045, -0.046, -0.061, 0.737, -0.225, 0.0, -0.35, -0.454, -0.468, -0.614, -0.023, 0.018, 0.0, 0.0, 0.0, 0.0, 0.0, 0.0, 0.0
24.486608743667603, 0.0, -0.035, -0.045, -0.046, -0.061, 0.737, -0.225, 0.0, -0.35, -0.454, -0.468, -0.614, -0.023, 0.018, 0.0, 0.0, 0.0, 0.0, 0.0, 0.0, 0.0
24.573945999145508, 0.0, -0.041, -0.048, -0.046, -0.061, 0.735, -0.223, 0.0, -0.413, -0.48, -0.468, -0.614, -0.042, 0.038, 0.0, 0.0, 0.0, 0.0, 0.0, 0.0, 0.0
24.66008687019348, 0.0, -0.046, -0.048, -0.046, -0.061, 0.735, -0.223, 0.0, -0.465, -0.488, -0.468, -0.614, -0.045, 0.04, 0.0, 0.0, 0.0, 0.0, 0.0, 0.0, 0.0
24.74753999710083, 0.0, -0.042, -0.048, -0.046, -0.061, 0.736, -0.221, 0.0, -0.428, -0.48, -0.468, -0.614, -0.035, 0.055, 0.0, 0.0, 0.0, 0.0, 0.0, 0.0, 0.0
24.83357000350952, 0.0, -0.039, -0.047, -0.046, -0.061, 0.736, -0.221, 0.0, -0.391, -0.473, -0.468, -0.614, -0.033, 0.058, 0.0, 0.0, 0.0, 0.0, 0.0, 0.0, 0.0
24.922932863235474, 0.0, -0.039, -0.047, -0.046, -0.061, 0.736, -0.22, 0.0, -0.391, -0.473, -0.468, -0.614, -0.03, 0.07, 0.0, 0.0, 0.0, 0.0, 0.0, 0.0, 0.0
25.009284019470215, 0.0, -0.041, -0.048, -0.046, -0.061, 0.737, -0.217, 0.0, -0.417, -0.484, -0.468, -0.614, -0.02, 0.104, 0.0, 0.0, 0.0, 0.0, 0.0, 0.0, 0.0
25.095680952072144, 0.0, -0.042, -0.048, -0.046, -0.061, 0.737, -0.216, 0.0, -0.428, -0.488, -0.468, -0.614, -0.023, 0.111, 0.0, 0.0, 0.0, 0.0, 0.0, 0.0, 0.0
25.182931900024414, 0.0, -0.042, -0.048, -0.046, -0.061, 0.737, -0.216, 0.0, -0.424, -0.484, -0.468, -0.614, -0.023, 0.111, 0.0, 0.0, 0.0, 0.0, 0.0, 0.0, 0.0
25.269203901290894, 0.0, -0.045, -0.048, -0.046, -0.061, 0.739, -0.218, 0.0, -0.45, -0.48, -0.468, -0.614, -0.001, 0.089, 0.0, 0.0, 0.0, 0.0, 0.0, 0.0, 0.0
25.3555109500885, 0.0, -0.048, -0.046, -0.046, -0.061, 0.736, -0.224, 0.0, -0.483, -0.469, -0.468, -0.614, -0.028, 0.028, 0.0, 0.0, 0.0, 0.0, 0.0, 0.0, 0.0
25.44169592857361, 0.0, -0.043, -0.045, -0.046, -0.061, 0.737, -0.225, 0.0, -0.435, -0.451, -0.468, -0.614, -0.025, 0.021, 0.0, 0.0, 0.0, 0.0, 0.0, 0.0, 0.0
25.531932830810547, 0.0, -0.04, -0.044, -0.047, -0.061, 0.736, -0.225, 0.0, -0.409, -0.447, -0.472, -0.61, -0.028, 0.018, 0.0, 0.0, 0.0, 0.0, 0.0, 0.0, 0.0
25.61937689781189, 0.0, -0.04, -0.045, -0.047, -0.061, 0.735, -0.224, 0.0, -0.402, -0.454, -0.472, -0.61, -0.037, 0.028, 0.0, 0.0, 0.0, 0.0, 0.0, 0.0, 0.0
25.705631971359253, 0.0, -0.041, -0.046, -0.047, -0.061, 0.735, -0.224, 0.0, -0.413, -0.466, -0.472, -0.61, -0.04, 0.031, 0.0, 0.0, 0.0, 0.0, 0.0, 0.0, 0.0
25.792877912521362, 0.0, -0.038, -0.045, -0.047, -0.061, 0.735, -0.224, 0.0, -0.38, -0.454, -0.472, -0.61, -0.04, 0.031, 0.0, 0.0, 0.0, 0.0, 0.0, 0.0, 0.0
25.879255056381226, 0.0, -0.033, -0.044, -0.047, -0.061, 0.735, -0.224, 0.0, -0.335, -0.44, -0.472, -0.61, -0.04, 0.031, 0.0, 0.0, 0.0, 0.0, 0.0, 0.0, 0.0
25.96546983718872, 0.0, -0.035, -0.045, -0.047, -0.061, 0.735, -0.224, 0.0, -0.354, -0.451, -0.472, -0.61, -0.04, 0.031, 0.0, 0.0, 0.0, 0.0, 0.0, 0.0, 0.0
26.05087685585022, 0.0, -0.038, -0.046, -0.047, -0.061, 0.735, -0.224, 0.0, -0.387, -0.462, -0.472, -0.61, -0.04, 0.031, 0.0, 0.0, 0.0, 0.0, 0.0, 0.0, 0.0
26.141058921813965, 0.0, -0.036, -0.045, -0.047, -0.061, 0.735, -0.224, 0.0, -0.365, -0.454, -0.472, -0.61, -0.04, 0.031, 0.0, 0.0, 0.0, 0.0, 0.0, 0.0, 0.0
26.22836709022522, 0.0, -0.034, -0.044, -0.047, -0.061, 0.735, -0.224, 0.0, -0.343, -0.447, -0.472, -0.61, -0.04, 0.031, 0.0, 0.0, 0.0, 0.0, 0.0, 0.0, 0.0
26.31477189064026, 0.0, -0.036, -0.045, -0.047, -0.061, 0.735, -0.224, 0.0, -0.365, -0.454, -0.472, -0.61, -0.04, 0.031, 0.0, 0.0, 0.0, 0.0, 0.0, 0.0, 0.0
26.400880813598633, 0.0, -0.037, -0.045, -0.047, -0.061, 0.735, -0.224, 0.0, -0.376, -0.458, -0.472, -0.61, -0.04, 0.031, 0.0, 0.0, 0.0, 0.0, 0.0, 0.0, 0.0
26.487283945083618, 0.0, -0.035, -0.045, -0.047, -0.061, 0.735, -0.224, 0.0, -0.358, -0.454, -0.472, -0.61, -0.04, 0.031, 0.0, 0.0, 0.0, 0.0, 0.0, 0.0, 0.0
26.574607133865356, 0.0, -0.035, -0.045, -0.047, -0.061, 0.735, -0.224, 0.0, -0.354, -0.451, -0.472, -0.61, -0.04, 0.031, 0.0, 0.0, 0.0, 0.0, 0.0, 0.0, 0.0
26.660759925842285, 0.0, -0.036, -0.045, -0.047, -0.061, 0.735, -0.224, 0.0, -0.369, -0.458, -0.472, -0.61, -0.04, 0.031, 0.0, 0.0, 0.0, 0.0, 0.0, 0.0, 0.0
26.75222897529602, 0.0, -0.036, -0.045, -0.047, -0.061, 0.735, -0.224, 0.0, -0.365, -0.454, -0.472, -0.61, -0.04, 0.031, 0.0, 0.0, 0.0, 0.0, 0.0, 0.0, 0.0
26.838447093963623, 0.0, -0.035, -0.045, -0.047, -0.061, 0.735, -0.224, 0.0, -0.354, -0.451, -0.472, -0.61, -0.04, 0.031, 0.0, 0.0, 0.0, 0.0, 0.0, 0.0, 0.0
26.925704956054688, 0.0, -0.035, -0.045, -0.047, -0.061, 0.735, -0.224, 0.0, -0.358, -0.454, -0.472, -0.61, -0.04, 0.031, 0.0, 0.0, 0.0, 0.0, 0.0, 0.0, 0.0
27.01184391975403, 0.0, -0.036, -0.045, -0.047, -0.061, 0.735, -0.224, 0.0, -0.369, -0.458, -0.472, -0.61, -0.04, 0.031, 0.0, 0.0, 0.0, 0.0, 0.0, 0.0, 0.0
27.097234964370728, 0.0, -0.036, -0.045, -0.047, -0.061, 0.735, -0.224, 0.0, -0.361, -0.451, -0.472, -0.61, -0.04, 0.031, 0.0, 0.0, 0.0, 0.0, 0.0, 0.0, 0.0
27.18437695503235, 0.0, -0.035, -0.045, -0.047, -0.061, 0.735, -0.224, 0.0, -0.358, -0.454, -0.472, -0.61, -0.04, 0.031, 0.0, 0.0, 0.0, 0.0, 0.0, 0.0, 0.0
27.27172303199768, 0.0, -0.036, -0.045, -0.047, -0.061, 0.735, -0.224, 0.0, -0.365, -0.454, -0.472, -0.61, -0.04, 0.031, 0.0, 0.0, 0.0, 0.0, 0.0, 0.0, 0.0
27.361929893493652, 0.0, -0.036, -0.045, -0.047, -0.061, 0.735, -0.224, 0.0, -0.365, -0.454, -0.472, -0.61, -0.04, 0.031, 0.0, 0.0, 0.0, 0.0, 0.0, 0.0, 0.0
27.448237895965576, 0.0, -0.036, -0.045, -0.047, -0.061, 0.735, -0.224, 0.0, -0.361, -0.451, -0.472, -0.61, -0.04, 0.031, 0.0, 0.0, 0.0, 0.0, 0.0, 0.0, 0.0
27.53470492362976, 0.0, -0.036, -0.045, -0.047, -0.061, 0.735, -0.224, 0.0, -0.361, -0.451, -0.472, -0.61, -0.04, 0.031, 0.0, 0.0, 0.0, 0.0, 0.0, 0.0, 0.0
27.62193775177002, 0.0, -0.036, -0.045, -0.047, -0.061, 0.735, -0.224, 0.0, -0.365, -0.454, -0.472, -0.61, -0.04, 0.031, 0.0, 0.0, 0.0, 0.0, 0.0, 0.0, 0.0
27.708266019821167, 0.0, -0.036, -0.045, -0.047, -0.061, 0.735, -0.224, 0.0, -0.361, -0.451, -0.472, -0.61, -0.04, 0.031, 0.0, 0.0, 0.0, 0.0, 0.0, 0.0, 0.0
27.795385122299194, 0.0, -0.036, -0.045, -0.047, -0.061, 0.735, -0.224, 0.0, -0.361, -0.451, -0.472, -0.61, -0.04, 0.031, 0.0, 0.0, 0.0, 0.0, 0.0, 0.0, 0.0
27.881582975387573, 0.0, -0.036, -0.045, -0.047, -0.061, 0.735, -0.224, 0.0, -0.361, -0.451, -0.472, -0.61, -0.04, 0.031, 0.0, 0.0, 0.0, 0.0, 0.0, 0.0, 0.0
27.972031831741333, 0.0, -0.036, -0.045, -0.047, -0.061, 0.735, -0.224, 0.0, -0.361, -0.451, -0.472, -0.61, -0.04, 0.031, 0.0, 0.0, 0.0, 0.0, 0.0, 0.0, 0.0
28.058267831802368, 0.0, -0.036, -0.045, -0.047, -0.061, 0.735, -0.224, 0.0, -0.361, -0.451, -0.472, -0.61, -0.04, 0.031, 0.0, 0.0, 0.0, 0.0, 0.0, 0.0, 0.0
28.144551753997803, 0.0, -0.036, -0.045, -0.047, -0.061, 0.735, -0.224, 0.0, -0.361, -0.451, -0.472, -0.61, -0.04, 0.031, 0.0, 0.0, 0.0, 0.0, 0.0, 0.0, 0.0
28.23088788986206, 0.0, -0.035, -0.045, -0.047, -0.061, 0.735, -0.224, 0.0, -0.358, -0.454, -0.472, -0.61, -0.04, 0.031, 0.0, 0.0, 0.0, 0.0, 0.0, 0.0, 0.0
28.317035913467407, 0.0, -0.035, -0.045, -0.047, -0.061, 0.735, -0.224, 0.0, -0.354, -0.451, -0.472, -0.61, -0.04, 0.031, 0.0, 0.0, 0.0, 0.0, 0.0, 0.0, 0.0
28.403433799743652, 0.0, -0.035, -0.045, -0.047, -0.061, 0.735, -0.224, 0.0, -0.358, -0.454, -0.472, -0.61, -0.042, 0.033, 0.0, 0.0, 0.0, 0.0, 0.0, 0.0, 0.0
28.489665985107422, 0.0, -0.035, -0.045, -0.047, -0.061, 0.734, -0.223, 0.0, -0.358, -0.454, -0.472, -0.61, -0.052, 0.043, 0.0, 0.0, 0.0, 0.0, 0.0, 0.0, 0.0
28.576781034469604, 0.0, -0.035, -0.045, -0.047, -0.061, 0.734, -0.222, 0.0, -0.358, -0.454, -0.472, -0.61, -0.055, 0.045, 0.0, 0.0, 0.0, 0.0, 0.0, 0.0, 0.0
28.667107105255127, 0.0, -0.036, -0.045, -0.047, -0.061, 0.733, -0.222, 0.0, -0.369, -0.458, -0.472, -0.61, -0.057, 0.048, 0.0, 0.0, 0.0, 0.0, 0.0, 0.0, 0.0
28.753520011901855, 0.0, -0.037, -0.046, -0.047, -0.061, 0.733, -0.222, 0.0, -0.372, -0.462, -0.472, -0.61, -0.057, 0.048, 0.0, 0.0, 0.0, 0.0, 0.0, 0.0, 0.0
28.840945959091187, 0.0, -0.037, -0.046, -0.047, -0.061, 0.733, -0.222, 0.0, -0.372, -0.462, -0.472, -0.61, -0.057, 0.048, 0.0, 0.0, 0.0, 0.0, 0.0, 0.0, 0.0
28.92707896232605, 0.0, -0.037, -0.046, -0.047, -0.061, 0.733, -0.222, 0.0, -0.372, -0.462, -0.472, -0.61, -0.057, 0.048, 0.0, 0.0, 0.0, 0.0, 0.0, 0.0, 0.0
29.01326298713684, 0.0, -0.038, -0.046, -0.047, -0.061, 0.733, -0.222, 0.0, -0.38, -0.462, -0.472, -0.61, -0.057, 0.048, 0.0, 0.0, 0.0, 0.0, 0.0, 0.0, 0.0
29.099589109420776, 0.0, -0.038, -0.046, -0.047, -0.061, 0.733, -0.222, 0.0, -0.38, -0.462, -0.472, -0.61, -0.059, 0.05, 0.0, 0.0, 0.0, 0.0, 0.0, 0.0, 0.0
29.18575692176819, 0.0, -0.038, -0.046, -0.047, -0.061, 0.733, -0.222, 0.0, -0.383, -0.466, -0.472, -0.61, -0.059, 0.05, 0.0, 0.0, 0.0, 0.0, 0.0, 0.0, 0.0
29.276197910308838, 0.0, -0.037, -0.046, -0.047, -0.061, 0.733, -0.222, 0.0, -0.372, -0.462, -0.472, -0.61, -0.062, 0.053, 0.0, 0.0, 0.0, 0.0, 0.0, 0.0, 0.0
29.363343000411987, 0.0, -0.037, -0.046, -0.047, -0.061, 0.733, -0.222, 0.0, -0.372, -0.462, -0.472, -0.61, -0.062, 0.053, 0.0, 0.0, 0.0, 0.0, 0.0, 0.0, 0.0
29.44971203804016, 0.0, -0.038, -0.046, -0.047, -0.061, 0.733, -0.221, 0.0, -0.383, -0.466, -0.472, -0.61, -0.064, 0.055, 0.0, 0.0, 0.0, 0.0, 0.0, 0.0, 0.0
29.53586506843567, 0.0, -0.039, -0.046, -0.047, -0.061, 0.734, -0.219, 0.0, -0.391, -0.466, -0.472, -0.61, -0.05, 0.075, 0.0, 0.0, 0.0, 0.0, 0.0, 0.0, 0.0
29.62306785583496, 0.0, -0.039, -0.046, -0.047, -0.061, 0.734, -0.219, 0.0, -0.391, -0.466, -0.472, -0.61, -0.047, 0.082, 0.0, 0.0, 0.0, 0.0, 0.0, 0.0, 0.0
29.709450006484985, 0.0, -0.039, -0.046, -0.047, -0.061, 0.735, -0.218, 0.0, -0.391, -0.466, -0.472, -0.61, -0.045, 0.094, 0.0, 0.0, 0.0, 0.0, 0.0, 0.0, 0.0
29.796608924865723, 0.0, -0.04, -0.046, -0.047, -0.061, 0.735, -0.215, 0.0, -0.402, -0.469, -0.472, -0.61, -0.037, 0.116, 0.0, 0.0, 0.0, 0.0, 0.0, 0.0, 0.0
29.885921001434326, 0.0, -0.041, -0.047, -0.047, -0.061, 0.737, -0.213, 0.0, -0.417, -0.477, -0.472, -0.61, -0.023, 0.141, 0.0, 0.0, 0.0, 0.0, 0.0, 0.0, 0.0
29.973466157913208, 0.0, -0.042, -0.047, -0.047, -0.061, 0.738, -0.211, 0.0, -0.42, -0.473, -0.472, -0.61, -0.008, 0.16, 0.0, 0.0, 0.0, 0.0, 0.0, 0.0, 0.0
30.05973982810974, 0.0, -0.042, -0.047, -0.047, -0.061, 0.739, -0.209, 0.0, -0.42, -0.473, -0.472, -0.61, -0.003, 0.175, 0.0, 0.0, 0.0, 0.0, 0.0, 0.0, 0.0
30.145824909210205, 0.0, -0.043, -0.047, -0.047, -0.061, 0.74, -0.208, 0.0, -0.431, -0.477, -0.472, -0.61, 0.005, 0.184, 0.0, 0.0, 0.0, 0.0, 0.0, 0.0, 0.0
30.23211693763733, 0.0, -0.043, -0.047, -0.047, -0.061, 0.74, -0.208, 0.0, -0.431, -0.477, -0.472, -0.61, 0.01, 0.194, 0.0, 0.0, 0.0, 0.0, 0.0, 0.0, 0.0
30.31837296485901, 0.0, -0.042, -0.047, -0.047, -0.061, 0.74, -0.207, 0.0, -0.424, -0.477, -0.472, -0.61, 0.008, 0.202, 0.0, 0.0, 0.0, 0.0, 0.0, 0.0, 0.0
30.405715942382812, 0.0, -0.042, -0.047, -0.047, -0.061, 0.74, -0.207, 0.0, -0.424, -0.477, -0.472, -0.61, 0.008, 0.202, 0.0, 0.0, 0.0, 0.0, 0.0, 0.0, 0.0
30.4959819316864, 0.0, -0.041, -0.047, -0.047, -0.061, 0.74, -0.207, 0.0, -0.417, -0.477, -0.472, -0.61, 0.008, 0.202, 0.0, 0.0, 0.0, 0.0, 0.0, 0.0, 0.0
30.582252025604248, 0.0, -0.041, -0.047, -0.047, -0.061, 0.74, -0.207, 0.0, -0.417, -0.477, -0.472, -0.61, 0.005, 0.204, 0.0, 0.0, 0.0, 0.0, 0.0, 0.0, 0.0
30.668537139892578, 0.0, -0.041, -0.047, -0.047, -0.061, 0.74, -0.207, 0.0, -0.417, -0.477, -0.472, -0.61, 0.005, 0.204, 0.0, 0.0, 0.0, 0.0, 0.0, 0.0, 0.0
30.754755973815918, 0.0, -0.041, -0.047, -0.047, -0.061, 0.74, -0.207, 0.0, -0.413, -0.473, -0.472, -0.61, 0.005, 0.204, 0.0, 0.0, 0.0, 0.0, 0.0, 0.0, 0.0
30.841124057769775, 0.0, -0.04, -0.047, -0.047, -0.061, 0.74, -0.207, 0.0, -0.406, -0.473, -0.472, -0.61, 0.005, 0.204, 0.0, 0.0, 0.0, 0.0, 0.0, 0.0, 0.0
30.92827010154724, 0.0, -0.04, -0.047, -0.047, -0.061, 0.74, -0.207, 0.0, -0.409, -0.477, -0.472, -0.61, 0.005, 0.204, 0.0, 0.0, 0.0, 0.0, 0.0, 0.0, 0.0
31.014618158340454, 0.0, -0.04, -0.047, -0.047, -0.061, 0.74, -0.207, 0.0, -0.409, -0.477, -0.472, -0.61, 0.005, 0.204, 0.0, 0.0, 0.0, 0.0, 0.0, 0.0, 0.0
31.10396099090576, 0.0, -0.041, -0.047, -0.047, -0.061, 0.74, -0.207, 0.0, -0.417, -0.477, -0.472, -0.61, 0.005, 0.204, 0.0, 0.0, 0.0, 0.0, 0.0, 0.0, 0.0
31.190143823623657, 0.0, -0.041, -0.047, -0.047, -0.061, 0.74, -0.206, 0.0, -0.413, -0.473, -0.472, -0.61, 0.003, 0.206, 0.0, 0.0, 0.0, 0.0, 0.0, 0.0, 0.0
31.27655291557312, 0.0, -0.04, -0.047, -0.047, -0.061, 0.741, -0.205, 0.0, -0.406, -0.473, -0.472, -0.61, 0.015, 0.224, 0.0, 0.0, 0.0, 0.0, 0.0, 0.0, 0.0
31.362884998321533, 0.0, -0.042, -0.048, -0.047, -0.061, 0.744, -0.2, 0.0, -0.42, -0.48, -0.472, -0.61, 0.047, 0.27, 0.0, 0.0, 0.0, 0.0, 0.0, 0.0, 0.0
31.449076890945435, 0.0, -0.043, -0.048, -0.047, -0.061, 0.743, -0.199, 0.0, -0.431, -0.484, -0.472, -0.61, 0.037, 0.28, 0.0, 0.0, 0.0, 0.0, 0.0, 0.0, 0.0
31.53536891937256, 0.0, -0.043, -0.048, -0.047, -0.061, 0.741, -0.197, 0.0, -0.439, -0.484, -0.472, -0.61, 0.02, 0.302, 0.0, 0.0, 0.0, 0.0, 0.0, 0.0, 0.0
31.62168598175049, 0.0, -0.042, -0.048, -0.047, -0.061, 0.74, -0.196, 0.0, -0.42, -0.48, -0.472, -0.61, 0.008, 0.314, 0.0, 0.0, 0.0, 0.0, 0.0, 0.0, 0.0
31.71178889274597, 0.0, -0.041, -0.048, -0.047, -0.061, 0.739, -0.195, 0.0, -0.413, -0.48, -0.472, -0.61, -0.001, 0.324, 0.0, 0.0, 0.0, 0.0, 0.0, 0.0, 0.0
31.798219919204712, 0.0, -0.041, -0.048, -0.047, -0.06, 0.738, -0.194, 0.0, -0.413, -0.48, -0.476, -0.606, -0.008, 0.331, 0.0, 0.0, 0.0, 0.0, 0.0, 0.0, 0.0
31.885684967041016, 0.0, -0.042, -0.048, -0.047, -0.06, 0.738, -0.193, 0.0, -0.42, -0.488, -0.476, -0.606, -0.013, 0.336, 0.0, 0.0, 0.0, 0.0, 0.0, 0.0, 0.0
31.971853971481323, 0.0, -0.041, -0.048, -0.047, -0.06, 0.738, -0.193, 0.0, -0.417, -0.484, -0.476, -0.606, -0.013, 0.336, 0.0, 0.0, 0.0, 0.0, 0.0, 0.0, 0.0
32.059122800827026, 0.0, -0.041, -0.048, -0.047, -0.06, 0.738, -0.193, 0.0, -0.413, -0.48, -0.476, -0.606, -0.013, 0.336, 0.0, 0.0, 0.0, 0.0, 0.0, 0.0, 0.0
32.14531183242798, 0.0, -0.042, -0.048, -0.047, -0.06, 0.738, -0.193, 0.0, -0.42, -0.488, -0.476, -0.606, -0.013, 0.336, 0.0, 0.0, 0.0, 0.0, 0.0, 0.0, 0.0
32.23168897628784, 0.0, -0.043, -0.048, -0.047, -0.06, 0.738, -0.193, 0.0, -0.435, -0.488, -0.476, -0.606, -0.013, 0.336, 0.0, 0.0, 0.0, 0.0, 0.0, 0.0, 0.0
32.320887088775635, 0.0, -0.042, -0.048, -0.047, -0.06, 0.738, -0.193, 0.0, -0.42, -0.48, -0.476, -0.606, -0.013, 0.336, 0.0, 0.0, 0.0, 0.0, 0.0, 0.0, 0.0
32.408198833465576, 0.0, -0.042, -0.048, -0.047, -0.06, 0.738, -0.194, 0.0, -0.42, -0.48, -0.476, -0.606, -0.011, 0.333, 0.0, 0.0, 0.0, 0.0, 0.0, 0.0, 0.0
32.49578499794006, 0.0, -0.042, -0.048, -0.047, -0.06, 0.738, -0.194, 0.0, -0.42, -0.48, -0.476, -0.606, -0.008, 0.331, 0.0, 0.0, 0.0, 0.0, 0.0, 0.0, 0.0
32.58192777633667, 0.0, -0.041, -0.048, -0.047, -0.06, 0.739, -0.194, 0.0, -0.413, -0.48, -0.476, -0.606, -0.006, 0.329, 0.0, 0.0, 0.0, 0.0, 0.0, 0.0, 0.0
32.66791486740112, 0.0, -0.037, -0.046, -0.047, -0.06, 0.738, -0.199, 0.0, -0.372, -0.462, -0.476, -0.606, -0.008, 0.282, 0.0, 0.0, 0.0, 0.0, 0.0, 0.0, 0.0
32.75428295135498, 0.0, -0.031, -0.044, -0.047, -0.06, 0.736, -0.206, 0.0, -0.313, -0.44, -0.476, -0.606, -0.035, 0.206, 0.0, 0.0, 0.0, 0.0, 0.0, 0.0, 0.0
32.84045886993408, 0.0, -0.04, -0.046, -0.047, -0.06, 0.735, -0.209, 0.0, -0.402, -0.469, -0.476, -0.606, -0.045, 0.182, 0.0, 0.0, 0.0, 0.0, 0.0, 0.0, 0.0
32.93083691596985, 0.0, -0.042, -0.047, -0.047, -0.06, 0.735, -0.209, 0.0, -0.42, -0.473, -0.476, -0.606, -0.045, 0.182, 0.0, 0.0, 0.0, 0.0, 0.0, 0.0, 0.0
33.01804280281067, 0.0, -0.033, -0.044, -0.047, -0.06, 0.735, -0.209, 0.0, -0.335, -0.447, -0.476, -0.606, -0.045, 0.182, 0.0, 0.0, 0.0, 0.0, 0.0, 0.0, 0.0
33.10454177856445, 0.0, -0.031, -0.044, -0.047, -0.06, 0.735, -0.209, 0.0, -0.317, -0.443, -0.476, -0.606, -0.045, 0.182, 0.0, 0.0, 0.0, 0.0, 0.0, 0.0, 0.0
33.19069004058838, 0.0, -0.038, -0.046, -0.047, -0.06, 0.735, -0.209, 0.0, -0.383, -0.466, -0.476, -0.606, -0.045, 0.182, 0.0, 0.0, 0.0, 0.0, 0.0, 0.0, 0.0
33.276861906051636, 0.0, -0.039, -0.046, -0.047, -0.06, 0.735, -0.209, 0.0, -0.398, -0.466, -0.476, -0.606, -0.045, 0.182, 0.0, 0.0, 0.0, 0.0, 0.0, 0.0, 0.0
33.36331796646118, 0.0, -0.034, -0.045, -0.047, -0.06, 0.735, -0.209, 0.0, -0.346, -0.451, -0.476, -0.606, -0.045, 0.182, 0.0, 0.0, 0.0, 0.0, 0.0, 0.0, 0.0
33.449627161026, 0.0, -0.034, -0.044, -0.047, -0.06, 0.735, -0.209, 0.0, -0.343, -0.447, -0.476, -0.606, -0.045, 0.182, 0.0, 0.0, 0.0, 0.0, 0.0, 0.0, 0.0
33.53998899459839, 0.0, -0.037, -0.045, -0.047, -0.06, 0.735, -0.209, 0.0, -0.376, -0.458, -0.476, -0.606, -0.045, 0.182, 0.0, 0.0, 0.0, 0.0, 0.0, 0.0, 0.0
33.62639594078064, 0.0, -0.038, -0.046, -0.047, -0.06, 0.735, -0.209, 0.0, -0.38, -0.462, -0.476, -0.606, -0.045, 0.182, 0.0, 0.0, 0.0, 0.0, 0.0, 0.0, 0.0
33.7123908996582, 0.0, -0.035, -0.045, -0.047, -0.06, 0.735, -0.209, 0.0, -0.35, -0.454, -0.476, -0.606, -0.045, 0.182, 0.0, 0.0, 0.0, 0.0, 0.0, 0.0, 0.0
33.79851698875427, 0.0, -0.035, -0.045, -0.047, -0.06, 0.735, -0.209, 0.0, -0.354, -0.458, -0.476, -0.606, -0.045, 0.182, 0.0, 0.0, 0.0, 0.0, 0.0, 0.0, 0.0
33.88494300842285, 0.0, -0.037, -0.046, -0.047, -0.06, 0.735, -0.209, 0.0, -0.372, -0.462, -0.476, -0.606, -0.045, 0.182, 0.0, 0.0, 0.0, 0.0, 0.0, 0.0, 0.0
33.971328020095825, 0.0, -0.036, -0.045, -0.047, -0.06, 0.735, -0.209, 0.0, -0.365, -0.454, -0.476, -0.606, -0.045, 0.182, 0.0, 0.0, 0.0, 0.0, 0.0, 0.0, 0.0
34.05856895446777, 0.0, -0.035, -0.045, -0.047, -0.06, 0.735, -0.209, 0.0, -0.354, -0.451, -0.476, -0.606, -0.045, 0.182, 0.0, 0.0, 0.0, 0.0, 0.0, 0.0, 0.0
34.1486599445343, 0.0, -0.036, -0.045, -0.047, -0.06, 0.735, -0.209, 0.0, -0.361, -0.458, -0.476, -0.606, -0.045, 0.182, 0.0, 0.0, 0.0, 0.0, 0.0, 0.0, 0.0
34.235060930252075, 0.0, -0.036, -0.045, -0.047, -0.06, 0.735, -0.209, 0.0, -0.369, -0.458, -0.476, -0.606, -0.045, 0.182, 0.0, 0.0, 0.0, 0.0, 0.0, 0.0, 0.0
34.321218967437744, 0.0, -0.035, -0.045, -0.047, -0.06, 0.735, -0.209, 0.0, -0.358, -0.454, -0.476, -0.606, -0.045, 0.182, 0.0, 0.0, 0.0, 0.0, 0.0, 0.0, 0.0
34.40762901306152, 0.0, -0.035, -0.045, -0.047, -0.06, 0.735, -0.209, 0.0, -0.358, -0.454, -0.476, -0.606, -0.045, 0.182, 0.0, 0.0, 0.0, 0.0, 0.0, 0.0, 0.0
34.494966983795166, 0.0, -0.036, -0.045, -0.047, -0.06, 0.735, -0.209, 0.0, -0.369, -0.458, -0.476, -0.606, -0.045, 0.182, 0.0, 0.0, 0.0, 0.0, 0.0, 0.0, 0.0
34.58006978034973, 0.0, -0.036, -0.045, -0.047, -0.06, 0.735, -0.209, 0.0, -0.365, -0.454, -0.476, -0.606, -0.045, 0.182, 0.0, 0.0, 0.0, 0.0, 0.0, 0.0, 0.0
34.66747283935547, 0.0, -0.035, -0.045, -0.047, -0.06, 0.735, -0.209, 0.0, -0.358, -0.454, -0.476, -0.606, -0.045, 0.182, 0.0, 0.0, 0.0, 0.0, 0.0, 0.0, 0.0
34.75265598297119, 0.0, -0.036, -0.045, -0.047, -0.06, 0.735, -0.209, 0.0, -0.361, -0.458, -0.476, -0.606, -0.045, 0.182, 0.0, 0.0, 0.0, 0.0, 0.0, 0.0, 0.0
34.842854738235474, 0.0, -0.036, -0.045, -0.047, -0.06, 0.735, -0.209, 0.0, -0.369, -0.458, -0.476, -0.606, -0.045, 0.182, 0.0, 0.0, 0.0, 0.0, 0.0, 0.0, 0.0
34.928199768066406, 0.0, -0.035, -0.045, -0.047, -0.06, 0.735, -0.209, 0.0, -0.358, -0.454, -0.476, -0.606, -0.045, 0.182, 0.0, 0.0, 0.0, 0.0, 0.0, 0.0, 0.0
35.015721797943115, 0.0, -0.035, -0.045, -0.047, -0.06, 0.735, -0.209, 0.0, -0.358, -0.454, -0.476, -0.606, -0.045, 0.182, 0.0, 0.0, 0.0, 0.0, 0.0, 0.0, 0.0
35.101661920547485, 0.0, -0.036, -0.045, -0.047, -0.06, 0.735, -0.209, 0.0, -0.361, -0.458, -0.476, -0.606, -0.045, 0.182, 0.0, 0.0, 0.0, 0.0, 0.0, 0.0, 0.0
35.1890869140625, 0.0, -0.036, -0.045, -0.047, -0.06, 0.735, -0.209, 0.0, -0.361, -0.458, -0.476, -0.606, -0.045, 0.182, 0.0, 0.0, 0.0, 0.0, 0.0, 0.0, 0.0
35.27534890174866, 0.0, -0.035, -0.045, -0.047, -0.06, 0.735, -0.209, 0.0, -0.358, -0.454, -0.476, -0.606, -0.045, 0.182, 0.0, 0.0, 0.0, 0.0, 0.0, 0.0, 0.0
35.361485958099365, 0.0, -0.036, -0.045, -0.047, -0.06, 0.735, -0.209, 0.0, -0.361, -0.458, -0.476, -0.606, -0.045, 0.182, 0.0, 0.0, 0.0, 0.0, 0.0, 0.0, 0.0
35.45078492164612, 0.0, -0.036, -0.045, -0.047, -0.06, 0.735, -0.209, 0.0, -0.361, -0.458, -0.476, -0.606, -0.042, 0.18, 0.0, 0.0, 0.0, 0.0, 0.0, 0.0, 0.0
35.538203954696655, 0.0, -0.036, -0.045, -0.047, -0.06, 0.735, -0.209, 0.0, -0.361, -0.458, -0.476, -0.606, -0.042, 0.18, 0.0, 0.0, 0.0, 0.0, 0.0, 0.0, 0.0
35.62539887428284, 0.0, -0.036, -0.045, -0.047, -0.06, 0.735, -0.209, 0.0, -0.361, -0.458, -0.476, -0.606, -0.042, 0.18, 0.0, 0.0, 0.0, 0.0, 0.0, 0.0, 0.0
35.71162700653076, 0.0, -0.036, -0.045, -0.047, -0.06, 0.735, -0.209, 0.0, -0.361, -0.458, -0.476, -0.606, -0.042, 0.18, 0.0, 0.0, 0.0, 0.0, 0.0, 0.0, 0.0
35.7979519367218, 0.0, -0.036, -0.045, -0.047, -0.06, 0.735, -0.209, 0.0, -0.361, -0.458, -0.476, -0.606, -0.042, 0.18, 0.0, 0.0, 0.0, 0.0, 0.0, 0.0, 0.0
35.88420796394348, 0.0, -0.036, -0.045, -0.047, -0.06, 0.735, -0.209, 0.0, -0.361, -0.458, -0.476, -0.606, -0.042, 0.18, 0.0, 0.0, 0.0, 0.0, 0.0, 0.0, 0.0
35.97161388397217, 0.0, -0.036, -0.045, -0.047, -0.06, 0.735, -0.209, 0.0, -0.361, -0.458, -0.476, -0.606, -0.042, 0.18, 0.0, 0.0, 0.0, 0.0, 0.0, 0.0, 0.0
36.06086301803589, 0.0, -0.036, -0.045, -0.047, -0.06, 0.735, -0.209, 0.0, -0.361, -0.458, -0.476, -0.606, -0.042, 0.18, 0.0, 0.0, 0.0, 0.0, 0.0, 0.0, 0.0
36.14808011054993, 0.0, -0.036, -0.045, -0.047, -0.06, 0.735, -0.209, 0.0, -0.361, -0.458, -0.476, -0.606, -0.042, 0.18, 0.0, 0.0, 0.0, 0.0, 0.0, 0.0, 0.0
36.234269857406616, 0.0, -0.036, -0.045, -0.047, -0.06, 0.735, -0.209, 0.0, -0.361, -0.458, -0.476, -0.606, -0.042, 0.18, 0.0, 0.0, 0.0, 0.0, 0.0, 0.0, 0.0
36.320720911026, 0.0, -0.036, -0.045, -0.047, -0.06, 0.735, -0.209, 0.0, -0.361, -0.458, -0.476, -0.606, -0.042, 0.18, 0.0, 0.0, 0.0, 0.0, 0.0, 0.0, 0.0
36.407954931259155, 0.0, -0.036, -0.045, -0.047, -0.06, 0.735, -0.209, 0.0, -0.361, -0.458, -0.476, -0.606, -0.042, 0.18, 0.0, 0.0, 0.0, 0.0, 0.0, 0.0, 0.0
36.493300914764404, 0.0, -0.036, -0.045, -0.047, -0.06, 0.735, -0.209, 0.0, -0.361, -0.458, -0.476, -0.606, -0.042, 0.18, 0.0, 0.0, 0.0, 0.0, 0.0, 0.0, 0.0
36.58066391944885, 0.0, -0.036, -0.045, -0.047, -0.06, 0.735, -0.209, 0.0, -0.361, -0.458, -0.476, -0.606, -0.042, 0.18, 0.0, 0.0, 0.0, 0.0, 0.0, 0.0, 0.0
36.67197108268738, 0.0, -0.036, -0.045, -0.047, -0.06, 0.735, -0.209, 0.0, -0.361, -0.458, -0.476, -0.606, -0.042, 0.18, 0.0, 0.0, 0.0, 0.0, 0.0, 0.0, 0.0
36.758118867874146, 0.0, -0.036, -0.045, -0.047, -0.06, 0.735, -0.209, 0.0, -0.361, -0.458, -0.476, -0.606, -0.042, 0.18, 0.0, 0.0, 0.0, 0.0, 0.0, 0.0, 0.0
36.8444390296936, 0.0, -0.036, -0.045, -0.047, -0.06, 0.735, -0.209, 0.0, -0.361, -0.458, -0.476, -0.606, -0.042, 0.18, 0.0, 0.0, 0.0, 0.0, 0.0, 0.0, 0.0
36.93070983886719, 0.0, -0.036, -0.045, -0.047, -0.06, 0.735, -0.209, 0.0, -0.361, -0.458, -0.476, -0.606, -0.042, 0.18, 0.0, 0.0, 0.0, 0.0, 0.0, 0.0, 0.0
37.017963886260986, 0.0, -0.036, -0.045, -0.047, -0.06, 0.735, -0.209, 0.0, -0.361, -0.458, -0.476, -0.606, -0.042, 0.18, 0.0, 0.0, 0.0, 0.0, 0.0, 0.0, 0.0
