0.03893399238586426, 0.0, 0.0, 0.0, 240.64, 241.237, -178.856, -175.771, 0.0, 0.0, 0.0, -1.894, -3.08, 0.681, -0.321
0.10509419441223145, 0.0, 0.0, 0.0, 240.64, 241.237, -178.856, -175.771, 0.0, 0.0, 0.0, -1.894, -3.08, 0.681, -0.321
0.17659807205200195, 0.0, 0.0, 0.0, 240.64, 241.237, -178.856, -175.771, 0.0, 0.0, 0.0, -1.894, -3.08, 0.681, -0.321
0.24175691604614258, 0.0, 0.0, 0.0, 240.64, 241.237, -178.856, -175.771, 0.0, 0.0, 0.0, -1.894, -3.08, 0.681, -0.321
0.30805492401123047, 0.0, 0.0, 0.0, 240.64, 241.237, -178.856, -175.771, 0.0, 0.0, 0.0, -1.894, -3.08, 0.681, -0.321
0.3743867874145508, 0.0, 0.0, 0.0, 240.64, 241.237, -178.856, -175.771, 0.0, 0.0, 0.0, -1.894, -3.08, 0.681, -0.321
0.44065403938293457, 0.0, 0.0, 0.0, 240.64, 241.237, -178.856, -175.771, 0.0, 0.0, 0.0, -1.894, -3.08, 0.681, -0.321
0.5100579261779785, 0.0, 0.0, 0.0, 240.64, 241.237, -178.856, -175.771, 0.0, 0.0, 0.0, -1.894, -3.08, 0.681, -0.321
0.5773460865020752, 0.0, 0.0, 0.0, 240.64, 241.237, -178.856, -175.771, 0.0, 0.0, 0.0, -1.894, -3.08, 0.681, -0.321
0.6427559852600098, 0.0, 0.0, 0.0, 240.64, 241.237, -178.856, -175.771, 0.0, 0.0, 0.0, -1.894, -3.08, 0.681, -0.321
0.7090559005737305, 0.0, 0.0, 0.0, 240.64, 241.237, -178.856, -175.771, 0.0, 0.0, 0.0, -1.894, -3.08, 0.681, -0.321
0.7743229866027832, 0.0, 0.0, 0.0, 240.64, 241.237, -178.856, -175.771, 0.0, 0.0, 0.0, -1.894, -3.08, 0.681, -0.321
0.8467750549316406, 0.0, 0.0, 0.0, 240.64, 241.237, -178.856, -175.771, 0.0, 0.0, 0.0, -1.894, -3.08, 0.681, -0.321
0.9119448661804199, 0.0, 0.0, 0.0, 240.64, 241.237, -178.856, -175.771, 0.0, 0.0, 0.0, -1.894, -3.08, 0.681, -0.321
0.9781827926635742, 0.0, 0.0, 0.0, 240.64, 241.237, -178.856, -175.771, 0.0, 0.0, 0.0, -1.894, -3.08, 0.681, -0.321
1.0436248779296875, 0.0, 0.0, 0.0, 240.64, 241.237, -178.856, -175.771, 0.0, 0.0, 0.0, -1.894, -3.08, 0.681, -0.321
1.110917091369629, 0.0, 0.0, 0.0, 240.64, 241.237, -178.856, -175.771, 0.0, 0.0, 0.0, -1.894, -3.08, 0.681, -0.321
1.1811981201171875, 0.0, 0.0, 0.0, 240.64, 241.237, -178.856, -175.771, 0.0, 0.0, 0.0, -1.894, -3.08, 0.681, -0.321
1.247575044631958, 0.0, 0.0, 0.0, 240.64, 241.237, -178.856, -175.771, 0.0, 0.0, 0.0, -1.894, -3.08, 0.681, -0.321
1.3139541149139404, 0.0, 0.0, 0.0, 240.64, 241.237, -178.856, -175.771, 0.0, 0.0, 0.0, -1.894, -3.08, 0.681, -0.321
1.3802189826965332, 0.0, 0.0, 0.0, 240.64, 241.237, -178.856, -175.771, 0.0, 0.0, 0.0, -1.894, -3.08, 0.681, -0.321
1.4455580711364746, 0.0, 0.0, 0.0, 240.64, 241.237, -178.856, -175.771, 0.0, 0.0, 0.0, -1.894, -3.08, 0.681, -0.321
1.5168969631195068, 0.0, 0.0, 0.0, 240.64, 241.237, -178.856, -175.771, 0.0, 0.0, 0.0, -1.894, -3.08, 0.681, -0.321
1.5831100940704346, 0.0, 0.0, 0.0, 240.64, 241.237, -178.856, -175.771, 0.0, 0.0, 0.0, -1.894, -3.08, 0.681, -0.321
1.6494781970977783, 0.0, 0.0, 0.0, 240.64, 241.237, -178.856, -175.771, 0.0, 0.0, 0.0, -1.894, -3.08, 0.681, -0.321
1.7147769927978516, 0.0, 0.0, 0.0, 240.64, 241.237, -178.856, -175.771, 0.0, 0.0, 0.0, -1.894, -3.08, 0.681, -0.321
1.7811279296875, 0.0, 0.0, 0.0, 240.64, 241.237, -178.856, -175.771, 0.0, 0.0, 0.0, -1.894, -3.08, 0.681, -0.321
1.8473420143127441, 0.0, 0.0, 0.0, 240.64, 241.237, -178.856, -175.771, 0.0, 0.0, 0.0, -1.894, -3.08, 0.681, -0.321
1.9177751541137695, 0.0, 0.0, 0.0, 240.64, 241.237, -178.856, -175.771, 0.0, 0.0, 0.0, -1.894, -3.08, 0.681, -0.321
1.9829728603363037, 0.0, 0.0, 0.0, 240.64, 241.237, -178.856, -175.771, 0.0, 0.0, 0.0, -1.894, -3.08, 0.681, -0.321
2.0492820739746094, 0.0, 0.0, 0.0, 240.64, 241.237, -178.856, -175.771, 0.0, 0.0, 0.0, -1.894, -3.08, 0.681, -0.321
2.115579128265381, 0.0, 0.0, 0.0, 240.64, 241.237, -178.856, -175.771, 0.0, 0.0, 0.0, -1.894, -3.08, 0.681, -0.321
2.181913137435913, 0.0, 0.0, 0.0, 240.64, 241.237, -178.856, -175.771, 0.0, 0.0, 0.0, -1.894, -3.08, 0.681, -0.321
2.252311944961548, 0.0, 0.0, 0.0, 240.64, 241.237, -178.856, -175.771, 0.0, 0.0, 0.0, -1.894, -3.08, 0.681, -0.321
2.3194940090179443, 0.0, 0.0, 0.0, 240.64, 241.237, -178.856, -175.771, 0.0, 0.0, 0.0, -1.894, -3.08, 0.681, -0.321
2.384845018386841, 0.0, 0.0, 0.0, 240.64, 241.237, -178.856, -175.771, 0.0, 0.0, 0.0, -1.894, -3.08, 0.681, -0.321
2.451085090637207, 0.0, 0.0, 0.0, 240.64, 241.237, -178.856, -175.771, 0.0, 0.0, 0.0, -1.894, -3.08, 0.681, -0.321
2.517427921295166, 0.0, 0.0, 0.0, 240.64, 241.237, -178.856, -175.771, 0.0, 0.0, 0.0, -1.894, -3.08, 0.681, -0.321
2.5878589153289795, 0.0, 0.0, 0.0, 240.64, 241.237, -178.856, -175.771, 0.0, 0.0, 0.0, -1.894, -3.08, 0.681, -0.321
2.653024911880493, 0.0, 0.0, 0.0, 240.64, 241.237, -178.856, -175.771, 0.0, 0.0, 0.0, -1.894, -3.08, 0.681, -0.321
2.7193729877471924, 0.0, 0.0, 0.0, 240.64, 241.237, -178.856, -175.771, 0.0, 0.0, 0.0, -1.894, -3.08, 0.681, -0.321
2.7856550216674805, 0.0, 0.0, 0.0, 240.64, 241.237, -178.856, -175.771, 0.0, 0.0, 0.0, -1.894, -3.08, 0.681, -0.321
2.852043867111206, 0.0, 0.0, 0.0, 240.64, 241.237, -178.856, -175.771, 0.0, 0.0, 0.0, -1.894, -3.08, 0.681, -0.321
2.922283887863159, 0.0, 0.0, 0.0, 240.64, 241.237, -178.856, -175.771, 0.0, 0.0, 0.0, -1.894, -3.08, 0.681, -0.321
2.9886529445648193, 0.0, 0.0, 0.0, 240.64, 241.237, -178.856, -175.771, 0.0, 0.0, 0.0, -1.894, -3.08, 0.681, -0.321
3.0549728870391846, 0.0, 0.0, 0.0, 240.64, 241.237, -178.856, -175.771, 0.0, 0.0, 0.0, -1.894, -3.08, 0.681, -0.321
3.1213219165802, 0.0, 0.0, 0.0, 240.64, 241.237, -178.856, -175.771, 0.0, 0.0, 0.0, -1.894, -3.08, 0.681, -0.321
3.186678886413574, 0.0, 0.0, 0.0, 240.64, 241.237, -178.856, -175.771, 0.0, 0.0, 0.0, -1.894, -3.08, 0.681, -0.321
3.2579569816589355, 0.0, 0.0, 0.0, 240.64, 241.237, -178.856, -175.771, 0.0, 0.0, 0.0, -1.894, -3.08, 0.681, -0.321
3.323197841644287, 0.0, 0.0, 0.0, 240.64, 241.237, -178.856, -175.771, 0.0, 0.0, 0.0, -1.894, -3.08, 0.681, -0.321
3.389500856399536, 0.0, 0.0, 0.0, 240.64, 241.237, -178.856, -175.771, 0.0, 0.0, 0.0, -1.894, -3.08, 0.681, -0.321
3.4558889865875244, 0.0, 0.0, 0.0, 240.64, 241.237, -178.856, -175.771, 0.0, 0.0, 0.0, -1.894, -3.08, 0.681, -0.321
3.5222740173339844, 0.0, 0.0, 0.0, 240.64, 241.237, -178.856, -175.771, 0.0, 0.0, 0.0, -1.894, -3.08, 0.681, -0.321
3.5936460494995117, 0.0, 0.0, 0.0, 240.792, 241.402, -178.97, -175.877, 0.0, 0.0, 0.0, -1.753, -2.986, 0.65, -0.164
3.6598708629608154, 0.0, 0.0, 0.0, 240.944, 241.568, -179.091, -175.989, 0.0, 0.0, 0.0, -1.753, -2.813, 0.65, -0.164
3.726177930831909, 0.0, 0.0, 0.0, 241.092, 241.734, -179.211, -176.1, 0.0, 0.0, 0.0, -1.737, -2.703, 0.65, -0.243
3.7924270629882812, 0.0, 0.0, 0.0, 241.25, 241.91, -179.331, -176.218, 0.0, 0.0, 0.0, -1.737, -2.578, 0.65, -0.4
3.8577959537506104, 0.0, 0.0, 0.0, 241.409, 242.065, -179.462, -176.34, 0.0, 0.0, 0.0, -1.737, -2.436, 0.65, -0.337
3.9302499294281006, 0.0, 0.0, 0.0, 241.569, 242.236, -179.583, -176.459, 0.0, 0.0, 0.0, -1.753, -2.185, 0.65, -0.117
3.995345115661621, 0.0, 0.0, 0.0, 241.729, 242.379, -179.708, -176.578, 0.0, 0.0, 0.0, -1.753, -1.604, 0.76, -0.196
4.061726808547974, 0.0, 0.0, 0.0, 241.888, 242.533, -179.828, -176.704, 0.0, 0.0, 0.0, -1.8, -1.164, 0.76, -0.353
4.128056049346924, 0.0, 0.0, 0.0, 242.045, 242.688, -179.944, -176.816, 0.0, 0.0, 0.0, -1.894, -1.117, 0.744, -0.447
4.1944098472595215, 0.0, 0.0, 0.0, 242.208, 242.85, -180.068, -176.935, 0.0, 0.0, 0.0, -1.91, -1.101, 0.744, -0.321
4.264734983444214, 0.0, 0.0, 0.0, 242.379, 243.008, -180.199, -177.055, 0.0, 0.0, 0.0, -1.973, -1.101, 0.744, -0.196
4.331026792526245, 0.0, 0.0, 0.0, 242.536, 243.156, -180.303, -177.163, 0.0, 0.0, 0.0, -1.973, -1.101, 0.744, -0.227
4.397329807281494, 0.0, 0.0, 0.0, 242.677, 243.31, -180.418, -177.27, 0.0, 0.0, 0.0, -2.052, -1.101, 0.744, -0.369
4.463701963424683, 0.0, 0.0, 0.0, 242.827, 243.462, -180.539, -177.382, 0.0, 0.0, 0.0, -2.052, -1.117, 0.744, -0.478
4.529124975204468, 0.0, 0.0, 0.0, 242.985, 243.618, -180.654, -177.501, 0.0, 0.0, 0.0, -2.052, -1.117, 0.744, -0.431
4.599398851394653, 0.0, 0.0, 0.0, 243.143, 243.773, -180.768, -177.612, 0.0, 0.0, 0.0, -2.052, -1.117, 0.744, -0.274
4.665587902069092, 0.0, 0.0, 0.0, 243.291, 243.943, -180.889, -177.74, 0.0, 0.0, 0.0, -2.052, -1.117, 0.744, -0.29
4.731831073760986, 0.0, 0.0, 0.0, 243.438, 244.104, -180.998, -177.855, 0.0, 0.0, 0.0, -2.052, -1.117, 0.744, -0.478
4.797173023223877, 0.0, 0.0, 0.0, 243.6, 244.262, -181.114, -177.971, 0.0, 0.0, 0.0, -2.083, -1.117, 0.744, -0.494
4.8644859790802, 0.0, 0.0, 0.0, 243.754, 244.434, -181.229, -178.088, 0.0, 0.0, 0.0, -2.13, -1.117, 0.744, -0.478
4.934881925582886, 0.0, 0.0, 0.0, 243.909, 244.592, -181.342, -178.202, 0.0, 0.0, 0.0, -2.146, -1.117, 0.744, -0.337
5.001086950302124, 0.0, 0.0, 0.0, 244.073, 244.756, -181.472, -178.323, 0.0, 0.0, 0.0, -2.177, -1.117, 0.744, -0.321
5.067522048950195, 0.0, 0.0, 0.0, 244.223, 244.928, -181.589, -178.437, 0.0, 0.0, 0.0, -2.256, -1.117, 0.744, -0.463
5.1338050365448, 0.0, 0.0, 0.0, 244.37, 245.087, -181.713, -178.558, 0.0, 0.0, 0.0, -2.287, -1.117, 0.744, -0.478
5.199154853820801, 0.0, 0.0, 0.0, 244.522, 245.25, -181.827, -178.677, 0.0, 0.0, 0.0, -2.303, -1.117, 0.76, -0.447
5.265439033508301, 0.0, 0.0, 0.0, 244.687, 245.408, -181.942, -178.795, 0.0, 0.0, 0.0, -2.319, -1.117, 0.76, -0.353
5.335753917694092, 0.0, 0.0, 0.0, 244.832, 245.563, -182.068, -178.918, 0.0, 0.0, 0.0, -2.319, -1.117, 0.76, -0.369
5.4020609855651855, 0.0, 0.0, 0.0, 244.994, 245.722, -182.188, -179.026, 0.0, 0.0, 0.0, -2.319, -1.117, 0.76, -0.463
5.467381954193115, 0.0, 0.0, 0.0, 245.155, 245.889, -182.299, -179.146, 0.0, 0.0, 0.0, -2.287, -1.117, 0.775, -0.478
5.5336151123046875, 0.0, 0.0, 0.0, 245.306, 246.045, -182.403, -179.258, 0.0, 0.0, 0.0, -2.271, -1.18, 0.76, -0.4
5.599873065948486, 0.0, 0.0, 0.0, 245.473, 246.211, -182.519, -179.379, 0.0, 0.0, 0.0, -2.209, -1.4, 0.744, -0.321
5.671264886856079, 0.0, 0.0, 0.0, 245.627, 246.376, -182.641, -179.503, 0.0, 0.0, 0.0, -2.177, -1.619, 0.744, -0.321
5.736578941345215, 0.0, 0.0, 0.0, 245.78, 246.528, -182.759, -179.631, 0.0, 0.0, 0.0, -2.146, -1.902, 0.728, -0.416
5.803030014038086, 0.0, 0.0, 0.0, 245.941, 246.682, -182.869, -179.748, 0.0, 0.0, 0.0, -2.067, -2.044, 0.728, -0.416
5.869272947311401, 0.0, 0.0, 0.0, 246.087, 246.836, -182.984, -179.862, 0.0, 0.0, 0.0, -1.989, -2.185, 0.728, -0.29
5.9355151653289795, 0.0, 0.0, 0.0, 246.23, 246.986, -183.094, -179.974, 0.0, 0.0, 0.0, -1.989, -2.263, 0.728, -0.243
6.004849910736084, 0.0, 0.0, 0.0, 246.389, 247.147, -183.22, -180.101, 0.0, 0.0, 0.0, -1.926, -2.342, 0.728, -0.29
6.071192979812622, 0.0, 0.0, 0.0, 246.545, 247.308, -183.348, -180.206, 0.0, 0.0, 0.0, -1.879, -2.389, 0.634, -0.337
6.137499809265137, 0.0, 0.0, 0.0, 246.693, 247.48, -183.465, -180.312, 0.0, 0.0, 0.0, -1.879, -2.389, 0.618, -0.306
6.203794956207275, 0.0, 0.0, 0.0, 246.836, 247.633, -183.573, -180.423, 0.0, 0.0, 0.0, -1.863, -2.389, 0.618, -0.196
6.269119024276733, 0.0, 0.0, 0.0, 246.995, 247.777, -183.693, -180.538, 0.0, 0.0, 0.0, -1.847, -2.373, 0.618, -0.149
6.3404541015625, 0.0, 0.0, 0.0, 247.158, 247.947, -183.817, -180.657, 0.0, 0.0, 0.0, -1.832, -2.185, 0.603, -0.133
6.4067771434783936, 0.0, 0.0, 0.0, 247.315, 248.101, -183.936, -180.768, 0.0, 0.0, 0.0, -1.816, -1.918, 0.603, -0.211
6.473259925842285, 0.0, 0.0, 0.0, 247.456, 248.27, -184.051, -180.878, 0.0, 0.0, 0.0, -1.816, -1.572, 0.603, -0.196
6.539469003677368, 0.0, 0.0, 0.0, 247.604, 248.44, -184.168, -181.002, 0.0, 0.0, 0.0, -1.816, -1.415, 0.603, -0.086
6.604838848114014, 0.0, 0.0, 0.0, 247.75, 248.576, -184.285, -181.126, 0.0, 0.0, 0.0, -1.816, -1.415, 0.587, -0.133
6.676126956939697, 0.0, 0.0, 0.0, 247.932, 248.752, -184.409, -181.248, 0.0, 0.0, 0.0, -1.847, -1.352, 0.477, -0.227
6.742503881454468, 0.0, 0.0, 0.0, 248.077, 248.906, -184.529, -181.359, 0.0, 0.0, 0.0, -1.894, -1.321, 0.461, -0.227
6.808807849884033, 0.0, 0.0, 0.0, 248.236, 249.064, -184.655, -181.481, 0.0, 0.0, 0.0, -1.894, -1.321, 0.461, -0.07
6.874955892562866, 0.0, 0.0, 0.0, 248.382, 249.212, -184.777, -181.603, 0.0, 0.0, 0.0, -1.894, -1.321, 0.477, 0.055
6.925020933151245, 0.0, 0.0, 0.0, 248.532, 249.376, -184.888, -181.719, 0.0, 0.0, 0.0, -1.926, -1.321, 0.477, 0.007
7.011686086654663, 0.0, 0.0, 0.0, 248.681, 249.544, -185.012, -181.847, 0.0, 0.0, 0.0, -1.926, -1.321, 0.461, -0.149
7.077975034713745, 0.0, 0.0, 0.0, 248.824, 249.709, -185.13, -181.973, 0.0, 0.0, 0.0, -2.02, -1.321, 0.461, -0.164
7.128535032272339, 0.0, 0.0, 0.0, 248.975, 249.866, -185.246, -182.096, 0.0, 0.0, 0.0, -2.036, -1.321, 0.461, 0.007
7.209604024887085, 0.0, 0.0, 0.0, 249.121, 250.025, -185.375, -182.224, 0.0, 0.0, 0.0, -2.036, -1.321, 0.461, 0.07
7.275814771652222, 0.0, 0.0, 0.0, 249.264, 250.18, -185.494, -182.343, 0.0, 0.0, 0.0, -2.036, -1.321, 0.43, 0.039
7.346193790435791, 0.0, 0.0, 0.0, 249.441, 250.358, -185.626, -182.466, 0.0, 0.0, 0.0, -2.146, -1.321, 0.43, -0.149
7.412569046020508, 0.0, 0.0, 0.0, 249.59, 250.527, -185.744, -182.597, 0.0, 0.0, 0.0, -2.146, -1.321, 0.414, -0.023
7.477734088897705, 0.0, 0.0, 0.0, 249.735, 250.679, -185.866, -182.714, 0.0, 0.0, 0.0, -2.146, -1.258, 0.414, 0.149
7.545193910598755, 0.0, 0.0, 0.0, 249.894, 250.84, -185.987, -182.818, 0.0, 0.0, 0.0, -2.224, -1.258, 0.414, 0.165
7.610439777374268, 0.0, 0.0, 0.0, 250.051, 251.001, -186.113, -182.931, 0.0, 0.0, 0.0, -2.381, -1.258, 0.398, 0.055
7.6817779541015625, 0.0, 0.0, 0.0, 250.227, 251.173, -186.235, -183.058, 0.0, 0.0, 0.0, -2.413, -1.258, 0.398, -0.149
7.748003959655762, 0.0, 0.0, 0.0, 250.38, 251.336, -186.354, -183.177, 0.0, 0.0, 0.0, -2.413, -1.258, 0.398, -0.07
7.8142991065979, 0.0, 0.0, 0.0, 250.537, 251.488, -186.475, -183.296, 0.0, 0.0, 0.0, -2.429, -1.258, 0.398, 0.149
7.879565954208374, 0.0, 0.0, 0.0, 250.699, 251.642, -186.594, -183.415, 0.0, 0.0, 0.0, -2.429, -1.258, 0.163, 0.149
7.946030139923096, 0.0, 0.0, 0.0, 250.851, 251.781, -186.721, -183.534, 0.0, 0.0, 0.0, -2.413, -1.258, 0.163, -0.117
8.016258955001831, 0.0, 0.0, 0.0, 251.023, 251.927, -186.843, -183.65, 0.0, 0.0, 0.0, -2.35, -1.258, 0.163, -0.196
8.082619190216064, 0.0, 0.0, 0.0, 251.194, 252.112, -186.979, -183.763, 0.0, 0.0, 0.0, -2.319, -1.258, 0.163, -0.054
8.148806095123291, 0.0, 0.0, 0.0, 251.341, 252.264, -187.09, -183.885, 0.0, 0.0, 0.0, -2.303, -1.258, 0.163, 0.149
8.215280055999756, 0.0, 0.0, 0.0, 251.489, 252.424, -187.2, -184.004, 0.0, 0.0, 0.0, -2.303, -1.258, 0.163, 0.165
8.280499935150146, 0.0, 0.0, 0.0, 251.624, 252.575, -187.316, -184.111, 0.0, 0.0, 0.0, -2.303, -1.242, 0.163, -0.101
8.351778984069824, 0.0, 0.0, 0.0, 251.763, 252.73, -187.438, -184.224, 0.0, 0.0, 0.0, -2.256, -1.242, 0.163, -0.18
8.41815185546875, 0.0, 0.0, 0.0, 251.933, 252.896, -187.558, -184.352, 0.0, 0.0, 0.0, -2.177, -1.242, 0.163, -0.086
8.484486818313599, 0.0, 0.0, 0.0, 252.069, 253.06, -187.679, -184.467, 0.0, 0.0, 0.0, -2.177, -1.227, 0.163, 0.07
8.549783945083618, 0.0, 0.0, 0.0, 252.21, 253.223, -187.807, -184.57, 0.0, 0.0, 0.0, -2.099, -1.227, 0.163, 0.102
8.617172956466675, 0.0, 0.0, 0.0, 252.37, 253.379, -187.927, -184.689, 0.0, 0.0, 0.0, -2.067, -1.227, 0.163, -0.07
8.68246603012085, 0.0, 0.0, 0.0, 252.512, 253.545, -188.045, -184.811, 0.0, 0.0, 0.0, -2.052, -1.227, 0.163, -0.086
8.752779960632324, 0.0, 0.0, 0.0, 252.662, 253.711, -188.174, -184.925, 0.0, 0.0, 0.0, -2.004, -1.227, 0.163, -0.039
8.80303406715393, 0.0, 0.0, 0.0, 252.811, 253.871, -188.3, -185.044, 0.0, 0.0, 0.0, -1.973, -1.211, 0.163, 0.007
8.885470867156982, 0.0, 0.0, 0.0, 252.958, 254.024, -188.422, -185.164, 0.0, 0.0, 0.0, -1.957, -1.211, 0.163, 0.086
8.951609134674072, 0.0, 0.0, 0.0, 253.186, 254.262, -188.59, -185.351, 0.0, 0.0, 0.0, -1.863, -1.211, 0.163, -0.023
9.018059015274048, 0.0, 0.0, 0.0, 253.499, 254.551, -188.8, -185.562, 0.0, 0.0, 0.0, -1.863, -1.211, 0.131, -0.007
9.089370012283325, 0.0, 0.0, 0.0, 253.821, 254.865, -189.03, -185.799, 0.0, 0.0, 0.0, -1.863, -1.18, 0.131, 0.039
9.155749082565308, 0.0, 0.0, 0.0, 254.117, 255.155, -189.255, -186.014, 0.0, 0.0, 0.0, -1.894, -1.18, 0.131, 0.102
9.205868005752563, 0.0, 0.0, 0.0, 254.4, 255.456, -189.482, -186.236, 0.0, 0.0, 0.0, -1.989, -1.18, 0.069, 0.055
9.287245035171509, 0.0, 0.0, 0.0, 254.696, 255.748, -189.705, -186.455, 0.0, 0.0, 0.0, -2.099, -1.18, 0.069, -0.054
9.338064193725586, 0.0, 0.0, 0.0, 255.006, 256.046, -189.938, -186.662, 0.0, 0.0, 0.0, -2.099, -1.18, 0.069, 0.086
9.423868894577026, 0.0, 0.0, 0.0, 255.301, 256.355, -190.165, -186.896, 0.0, 0.0, 0.0, -2.099, -1.18, 0.069, -0.039
9.48925495147705, 0.0, 0.0, 0.0, 255.605, 256.659, -190.38, -187.126, 0.0, 0.0, 0.0, -2.24, -1.18, 0.084, -0.117
9.54070496559143, 0.0, 0.0, 0.0, 255.898, 256.947, -190.584, -187.333, 0.0, 0.0, 0.0, -2.381, -1.321, 0.084, 0.086
9.621957063674927, 0.0, 0.0, 0.0, 256.201, 257.238, -190.796, -187.555, 0.0, 0.0, 0.0, -2.381, -1.824, 0.084, -0.164
9.68830680847168, 0.0, 0.0, 0.0, 256.477, 257.533, -191.008, -187.777, 0.0, 0.0, 0.0, -2.46, -2.53, 0.116, 0.102
9.759628057479858, 0.0, 0.0, 0.0, 256.789, 257.835, -191.239, -188.004, 0.0, 0.0, 0.0, -2.429, -3.049, 0.1, 0.117
9.825922012329102, 0.0, 0.0, 0.0, 257.083, 258.128, -191.448, -188.225, 0.0, 0.0, 0.0, -2.319, -3.473, 0.1, -0.149
9.891196966171265, 0.0, 0.0, 0.0, 257.382, 258.415, -191.659, -188.434, 0.0, 0.0, 0.0, -2.24, -3.819, 0.1, 0.227
9.958370923995972, 0.0, 0.0, 0.0, 257.663, 258.712, -191.868, -188.645, 0.0, 0.0, 0.0, -2.209, -4.023, 0.1, 0.039
10.00821590423584, 0.0, 0.0, 0.0, 257.93, 259.011, -192.091, -188.857, 0.0, 0.0, 0.0, -2.209, -4.196, 0.1, 0.007
10.094041109085083, 0.0, 0.0, 0.0, 258.247, 259.3, -192.307, -189.088, 0.0, 0.0, 0.0, -2.114, -4.353, 0.1, 0.196
10.160318851470947, 0.0, 0.0, 0.0, 258.547, 259.588, -192.524, -189.309, 0.0, 0.0, 0.0, -2.036, -4.478, 0.1, -0.054
10.22670316696167, 0.0, 0.0, 0.0, 258.832, 259.89, -192.745, -189.534, 0.0, 0.0, 0.0, -2.052, -4.651, 0.1, 0.055
10.292080163955688, 0.0, 0.0, 0.0, 259.137, 260.186, -192.967, -189.756, 0.0, 0.0, 0.0, -1.957, -4.573, 0.1, 0.055
10.358299970626831, 0.0, 0.0, 0.0, 259.409, 260.479, -193.184, -189.959, 0.0, 0.0, 0.0, -1.973, -4.258, 0.1, -0.007
10.429714918136597, 0.0, 0.0, 0.0, 259.706, 260.783, -193.425, -190.181, 0.0, 0.0, 0.0, -1.942, -3.85, 0.1, -0.101
10.495848894119263, 0.0, 0.0, 0.0, 259.95, 261.084, -193.65, -190.396, 0.0, 0.0, 0.0, -1.91, -3.426, 0.1, -0.007
10.562305927276611, 0.0, 0.0, 0.0, 260.252, 261.399, -193.873, -190.613, 0.0, 0.0, 0.0, -1.894, -2.169, 0.1, -0.039
10.62766695022583, 0.0, 0.0, 0.0, 260.51, 261.691, -194.09, -190.822, 0.0, 0.0, 0.0, -1.91, -1.776, 0.1, -0.101
10.693977117538452, 0.0, 0.0, 0.0, 260.805, 262.005, -194.3, -191.045, 0.0, 0.0, 0.0, -1.926, -1.148, 0.1, -0.07
10.764210939407349, 0.0, 0.0, 0.0, 261.105, 262.319, -194.514, -191.275, 0.0, 0.0, 0.0, -1.989, -1.117, 0.1, -0.164
10.830549001693726, 0.0, 0.0, 0.0, 261.401, 262.614, -194.741, -191.5, 0.0, 0.0, 0.0, -2.146, -1.117, 0.1, -0.133
10.896776914596558, 0.0, 0.0, 0.0, 261.694, 262.901, -194.958, -191.71, 0.0, 0.0, 0.0, -2.366, -1.117, 0.367, -0.039
10.962143898010254, 0.0, 0.0, 0.0, 261.988, 263.197, -195.177, -191.928, 0.0, 0.0, 0.0, -2.366, -1.101, 0.367, -0.07
11.028482913970947, 0.0, 0.0, 0.0, 262.282, 263.503, -195.389, -192.155, 0.0, 0.0, 0.0, -2.366, -1.085, 0.383, -0.149
11.099853038787842, 0.0, 0.0, 0.0, 262.604, 263.812, -195.615, -192.387, 0.0, 0.0, 0.0, -2.366, -1.085, 0.398, -0.07
11.166222095489502, 0.0, 0.0, 0.0, 262.886, 264.094, -195.836, -192.6, 0.0, 0.0, 0.0, -2.35, -1.085, 0.398, -0.196
11.231574058532715, 0.0, 0.0, 0.0, 263.179, 264.391, -196.054, -192.818, 0.0, 0.0, 0.0, -2.319, -1.085, 0.398, -0.133
11.298763990402222, 0.0, 0.0, 0.0, 263.444, 264.672, -196.268, -193.034, 0.0, 0.0, 0.0, -2.256, -1.211, 0.398, 0.039
11.364134788513184, 0.0, 0.0, 0.0, 263.734, 264.985, -196.499, -193.26, 0.0, 0.0, 0.0, -2.24, -1.478, 0.398, -0.243
11.434412956237793, 0.0, 0.0, 0.0, 264.026, 265.272, -196.721, -193.466, 0.0, 0.0, 0.0, -2.24, -1.792, 0.383, -0.023
11.500885009765625, 0.0, 0.0, 0.0, 264.324, 265.573, -196.937, -193.684, 0.0, 0.0, 0.0, -2.24, -2.248, 0.383, 0.023
11.567165851593018, 0.0, 0.0, 0.0, 264.602, 265.884, -197.151, -193.886, 0.0, 0.0, 0.0, -2.224, -2.578, 0.383, -0.274
11.63247799873352, 0.0, 0.0, 0.0, 264.898, 266.175, -197.365, -194.102, 0.0, 0.0, 0.0, -2.146, -2.907, 0.383, -0.007
11.698827981948853, 0.0, 0.0, 0.0, 265.178, 266.473, -197.571, -194.313, 0.0, 0.0, 0.0, -2.146, -2.86, 0.383, -0.149
11.770067930221558, 0.0, 0.0, 0.0, 265.463, 266.752, -197.783, -194.534, 0.0, 0.0, 0.0, -2.052, -2.468, 0.383, -0.29
11.836467981338501, 0.0, 0.0, 0.0, 265.761, 267.044, -198.008, -194.768, 0.0, 0.0, 0.0, -1.91, -1.667, 0.383, -0.117
11.901620864868164, 0.0, 0.0, 0.0, 266.04, 267.346, -198.215, -194.99, 0.0, 0.0, 0.0, -1.847, -1.242, 0.603, -0.337
11.968955039978027, 0.0, 0.0, 0.0, 266.358, 267.646, -198.43, -195.193, 0.0, 0.0, 0.0, -1.847, -1.085, 0.603, -0.18
12.034279823303223, 0.0, 0.0, 0.0, 266.664, 267.94, -198.634, -195.407, 0.0, 0.0, 0.0, -1.863, -1.085, 0.603, -0.211
12.100470066070557, 0.0, 0.0, 0.0, 266.93, 268.203, -198.856, -195.628, 0.0, 0.0, 0.0, -1.894, -1.085, 0.603, -0.29
12.171725034713745, 0.0, 0.0, 0.0, 267.222, 268.524, -199.095, -195.851, 0.0, 0.0, 0.0, -2.114, -1.085, 0.603, -0.196
12.23809003829956, 0.0, 0.0, 0.0, 267.508, 268.827, -199.312, -196.075, 0.0, 0.0, 0.0, -2.287, -1.085, 0.901, -0.321
12.303419828414917, 0.0, 0.0, 0.0, 267.789, 269.1, -199.531, -196.288, 0.0, 0.0, 0.0, -2.303, -1.085, 0.901, -0.18
12.369733095169067, 0.0, 0.0, 0.0, 268.088, 269.393, -199.744, -196.501, 0.0, 0.0, 0.0, -2.303, -1.085, 0.885, -0.227
12.436036109924316, 0.0, 0.0, 0.0, 268.38, 269.697, -199.958, -196.718, 0.0, 0.0, 0.0, -2.303, -1.085, 0.901, -0.337
12.507402896881104, 0.0, 0.0, 0.0, 268.695, 269.991, -200.185, -196.94, 0.0, 0.0, 0.0, -2.303, -1.085, 0.901, -0.18
12.572657823562622, 0.0, 0.0, 0.0, 268.988, 270.282, -200.397, -197.16, 0.0, 0.0, 0.0, -2.303, -1.07, 0.87, -0.431
12.639064073562622, 0.0, 0.0, 0.0, 269.285, 270.588, -200.62, -197.366, 0.0, 0.0, 0.0, -2.319, -1.07, 0.98, -0.353
12.705299854278564, 0.0, 0.0, 0.0, 269.557, 270.898, -200.827, -197.58, 0.0, 0.0, 0.0, -2.303, -1.4, 0.98, -0.18
12.771546125411987, 0.0, 0.0, 0.0, 269.814, 271.206, -201.05, -197.783, 0.0, 0.0, 0.0, -2.271, -1.714, 1.011, -0.494
12.840878009796143, 0.0, 0.0, 0.0, 270.143, 271.526, -201.287, -197.999, 0.0, 0.0, 0.0, -2.287, -2.216, 1.042, -0.259
12.90824294090271, 0.0, 0.0, 0.0, 270.421, 271.843, -201.49, -198.208, 0.0, 0.0, 0.0, -2.35, -2.672, 0.948, -0.259
12.973588943481445, 0.0, 0.0, 0.0, 270.704, 272.147, -201.703, -198.43, 0.0, 0.0, 0.0, -2.287, -2.892, 0.948, -0.463
13.039896011352539, 0.0, 0.0, 0.0, 270.976, 272.417, -201.901, -198.649, 0.0, 0.0, 0.0, -2.271, -2.939, 0.964, -0.164
13.106240034103394, 0.0, 0.0, 0.0, 271.252, 272.713, -202.12, -198.86, 0.0, 0.0, 0.0, -2.162, -2.735, 0.932, -0.369
13.177670001983643, 0.0, 0.0, 0.0, 271.577, 273.029, -202.359, -199.106, 0.0, 0.0, 0.0, -2.004, -2.311, 0.932, -0.29
13.242872953414917, 0.0, 0.0, 0.0, 271.868, 273.336, -202.59, -199.321, 0.0, 0.0, 0.0, -1.894, -1.698, 0.744, -0.149
13.309257984161377, 0.0, 0.0, 0.0, 272.15, 273.637, -202.81, -199.527, 0.0, 0.0, 0.0, -1.863, -1.211, 0.744, -0.4
13.37555980682373, 0.0, 0.0, 0.0, 272.431, 273.917, -203.029, -199.755, 0.0, 0.0, 0.0, -1.847, -1.101, 0.728, -0.164
13.44179391860962, 0.0, 0.0, 0.0, 272.715, 274.212, -203.243, -199.971, 0.0, 0.0, 0.0, -1.832, -1.101, 0.713, -0.18
13.511199951171875, 0.0, 0.0, 0.0, 273.02, 274.503, -203.485, -200.215, 0.0, 0.0, 0.0, -1.957, -1.101, 0.713, -0.29
13.578427791595459, 0.0, 0.0, 0.0, 273.301, 274.782, -203.689, -200.435, 0.0, 0.0, 0.0, -2.146, -1.101, 0.697, -0.18
13.643779993057251, 0.0, 0.0, 0.0, 273.576, 275.078, -203.91, -200.646, 0.0, 0.0, 0.0, -2.146, -1.101, 0.697, -0.306
13.710021018981934, 0.0, 0.0, 0.0, 273.863, 275.375, -204.131, -200.871, 0.0, 0.0, 0.0, -2.256, -1.101, 0.681, -0.117
13.77627682685852, 0.0, 0.0, 0.0, 274.151, 275.653, -204.345, -201.092, 0.0, 0.0, 0.0, -2.256, -1.101, 0.65, -0.164
13.847811937332153, 0.0, 0.0, 0.0, 274.465, 275.949, -204.568, -201.307, 0.0, 0.0, 0.0, -2.256, -1.101, 0.65, -0.149
13.912919998168945, 0.0, 0.0, 0.0, 274.744, 276.232, -204.784, -201.533, 0.0, 0.0, 0.0, -2.256, -1.101, 0.555, -0.133
13.980343103408813, 0.0, 0.0, 0.0, 275.049, 276.519, -205.001, -201.75, 0.0, 0.0, 0.0, -2.256, -1.101, 0.54, -0.29
14.045620918273926, 0.0, 0.0, 0.0, 275.334, 276.805, -205.224, -201.967, 0.0, 0.0, 0.0, -2.303, -1.101, 0.54, -0.007
14.111962080001831, 0.0, 0.0, 0.0, 275.606, 277.08, -205.435, -202.187, 0.0, 0.0, 0.0, -2.319, -1.101, 0.524, -0.086
14.182379007339478, 0.0, 0.0, 0.0, 275.92, 277.41, -205.669, -202.421, 0.0, 0.0, 0.0, -2.334, -1.101, 0.54, -0.196
14.24843692779541, 0.0, 0.0, 0.0, 276.201, 277.681, -205.887, -202.63, 0.0, 0.0, 0.0, -2.334, -1.101, 0.524, 0.039
14.31486988067627, 0.0, 0.0, 0.0, 276.551, 278.024, -206.17, -202.893, 0.0, 0.0, 0.0, -2.334, -1.101, 0.524, -0.243
14.381209135055542, 0.0, 0.0, 0.0, 276.947, 278.391, -206.462, -203.18, 0.0, 0.0, 0.0, -2.334, -1.164, 0.446, 0.023
14.447490930557251, 0.0, 0.0, 0.0, 277.353, 278.788, -206.775, -203.47, 0.0, 0.0, 0.0, -2.099, -1.227, 0.43, -0.211
14.518779039382935, 0.0, 0.0, 0.0, 277.762, 279.24, -207.09, -203.784, 0.0, 0.0, 0.0, -1.973, -1.227, 0.383, -0.054
14.584110975265503, 0.0, 0.0, 0.0, 278.164, 279.626, -207.38, -204.084, 0.0, 0.0, 0.0, -1.894, -1.101, 0.367, -0.196
14.63518476486206, 0.0, 0.0, 0.0, 278.564, 280.004, -207.669, -204.374, 0.0, 0.0, 0.0, -1.847, -1.054, 0.367, 0.007
14.716761112213135, 0.0, 0.0, 0.0, 278.959, 280.398, -207.97, -204.663, 0.0, 0.0, 0.0, -1.91, -1.054, 0.336, -0.164
14.783021926879883, 0.0, 0.0, 0.0, 279.354, 280.776, -208.257, -204.962, 0.0, 0.0, 0.0, -2.036, -1.054, 0.257, 0.023
14.853485107421875, 0.0, 0.0, 0.0, 279.761, 281.149, -208.563, -205.259, 0.0, 0.0, 0.0, -2.114, -1.054, 0.226, -0.133
14.919664144515991, 0.0, 0.0, 0.0, 280.209, 281.55, -208.87, -205.577, 0.0, 0.0, 0.0, -2.114, -1.054, 0.194, 0.023
14.98604702949524, 0.0, 0.0, 0.0, 280.596, 281.963, -209.162, -205.877, 0.0, 0.0, 0.0, -2.162, -1.054, 0.194, -0.054
15.052354097366333, 0.0, 0.0, 0.0, 280.984, 282.365, -209.469, -206.167, 0.0, 0.0, 0.0, -2.162, -1.038, 0.131, -0.086
15.11870789527893, 0.0, 0.0, 0.0, 281.375, 282.739, -209.747, -206.444, 0.0, 0.0, 0.0, -2.256, -1.038, 0.131, -0.086
15.173465013504028, 0.0, 0.0, 0.0, 281.738, 283.121, -210.043, -206.728, 0.0, 0.0, 0.0, -2.319, -1.038, 0.037, 0.039
15.239192008972168, 0.0, 0.0, 0.0, 282.173, 283.538, -210.355, -207.044, 0.0, 0.0, 0.0, -2.35, -1.038, 0.037, -0.007
15.30561089515686, 0.0, 0.0, 0.0, 282.574, 283.957, -210.629, -207.336, 0.0, 0.0, 0.0, -2.334, -1.305, 0.006, -0.023
15.371451139450073, 0.0, 0.0, 0.0, 282.97, 284.351, -210.929, -207.623, 0.0, 0.0, 0.0, -2.334, -1.619, 0.006, 0.149
15.437751054763794, 0.0, 0.0, 0.0, 283.348, 284.744, -211.232, -207.898, 0.0, 0.0, 0.0, -2.162, -1.698, 0.021, 0.055
15.519427061080933, 0.0, 0.0, 0.0, 283.729, 285.15, -211.551, -208.184, 0.0, 0.0, 0.0, -2.036, -1.824, 0.021, 0.196
15.574395895004272, 0.0, 0.0, 0.0, 284.15, 285.546, -211.848, -208.48, 0.0, 0.0, 0.0, -1.926, -1.635, 0.021, 0.07
15.655224084854126, 0.0, 0.0, 0.0, 284.538, 285.939, -212.137, -208.779, 0.0, 0.0, 0.0, -1.863, -1.494, 0.021, 0.196
15.721520185470581, 0.0, 0.0, 0.0, 284.913, 286.349, -212.421, -209.065, 0.0, 0.0, 0.0, -1.863, -1.164, 0.021, -0.023
15.772192001342773, 0.0, 0.0, 0.0, 285.305, 286.744, -212.709, -209.36, 0.0, 0.0, 0.0, -1.894, -1.07, 0.021, 0.086
15.852352857589722, 0.0, 0.0, 0.0, 285.7, 287.148, -212.995, -209.652, 0.0, 0.0, 0.0, -1.942, -1.07, 0.084, 0.007
15.916550159454346, 0.0, 0.0, 0.0, 286.147, 287.589, -213.313, -209.976, 0.0, 0.0, 0.0, -2.004, -1.07, 0.084, 0.007
15.974754095077515, 0.0, 0.0, 0.0, 286.526, 287.979, -213.611, -210.25, 0.0, 0.0, 0.0, -2.004, -1.07, 0.194, 0.007
16.056073904037476, 0.0, 0.0, 0.0, 286.911, 288.383, -213.933, -210.54, 0.0, 0.0, 0.0, -2.146, -1.07, 0.178, 0.039
16.122459888458252, 0.0, 0.0, 0.0, 287.31, 288.775, -214.225, -210.833, 0.0, 0.0, 0.0, -2.224, -1.07, 0.178, 0.039
16.18857502937317, 0.0, 0.0, 0.0, 287.719, 289.144, -214.515, -211.126, 0.0, 0.0, 0.0, -2.397, -1.07, 0.178, 0.07
16.25895404815674, 0.0, 0.0, 0.0, 288.11, 289.564, -214.832, -211.45, 0.0, 0.0, 0.0, -2.413, -1.085, 0.194, 0.055
16.324262857437134, 0.0, 0.0, 0.0, 288.507, 289.963, -215.124, -211.742, 0.0, 0.0, 0.0, -2.413, -1.619, 0.194, 0.117
16.39063000679016, 0.0, 0.0, 0.0, 288.908, 290.348, -215.405, -212.026, 0.0, 0.0, 0.0, -2.35, -2.201, 0.21, 0.023
16.456979990005493, 0.0, 0.0, 0.0, 289.348, 290.729, -215.702, -212.304, 0.0, 0.0, 0.0, -2.256, -2.483, 0.304, 0.07
16.523270845413208, 0.0, 0.0, 0.0, 289.765, 291.111, -216.004, -212.587, 0.0, 0.0, 0.0, -2.162, -2.358, 0.383, -0.039
16.59260582923889, 0.0, 0.0, 0.0, 290.18, 291.52, -216.325, -212.902, 0.0, 0.0, 0.0, -2.02, -2.075, 0.383, 0.055
16.658756971359253, 0.0, 0.0, 0.0, 290.587, 291.914, -216.62, -213.19, 0.0, 0.0, 0.0, -1.973, -1.824, 0.383, -0.117
16.725148916244507, 0.0, 0.0, 0.0, 290.991, 292.318, -216.909, -213.484, 0.0, 0.0, 0.0, -1.942, -1.211, 0.383, 0.07
16.791451930999756, 0.0, 0.0, 0.0, 291.378, 292.715, -217.199, -213.776, 0.0, 0.0, 0.0, -1.942, -1.117, 0.367, -0.149
16.85678195953369, 0.0, 0.0, 0.0, 291.773, 293.122, -217.49, -214.066, 0.0, 0.0, 0.0, -1.926, -1.117, 0.367, -0.039
16.928267002105713, 0.0, 0.0, 0.0, 292.17, 293.537, -217.794, -214.361, 0.0, 0.0, 0.0, -1.957, -1.117, 0.367, -0.164
16.993481874465942, 0.0, 0.0, 0.0, 292.565, 293.914, -218.082, -214.656, 0.0, 0.0, 0.0, -2.052, -1.117, 0.367, -0.086
17.05984902381897, 0.0, 0.0, 0.0, 292.94, 294.307, -218.374, -214.944, 0.0, 0.0, 0.0, -2.177, -1.117, 0.367, -0.196
17.12618112564087, 0.0, 0.0, 0.0, 293.339, 294.698, -218.67, -215.245, 0.0, 0.0, 0.0, -2.287, -1.117, 0.524, -0.117
17.192436933517456, 0.0, 0.0, 0.0, 293.725, 295.097, -218.96, -215.537, 0.0, 0.0, 0.0, -2.397, -1.384, 0.524, -0.227
17.262874126434326, 0.0, 0.0, 0.0, 294.202, 295.514, -219.285, -215.85, 0.0, 0.0, 0.0, -2.507, -1.824, 0.854, -0.259
17.329052925109863, 0.0, 0.0, 0.0, 294.603, 295.92, -219.584, -216.138, 0.0, 0.0, 0.0, -2.507, -2.499, 0.838, -0.259
17.395378828048706, 0.0, 0.0, 0.0, 294.99, 296.322, -219.886, -216.437, 0.0, 0.0, 0.0, -2.413, -2.939, 0.838, -0.384
17.461654901504517, 0.0, 0.0, 0.0, 295.397, 296.706, -220.189, -216.723, 0.0, 0.0, 0.0, -2.319, -3.222, 0.807, -0.29
17.52701497077942, 0.0, 0.0, 0.0, 295.789, 297.077, -220.473, -217.012, 0.0, 0.0, 0.0, -2.193, -3.442, 0.901, -0.447
17.598291873931885, 0.0, 0.0, 0.0, 296.203, 297.489, -220.773, -217.327, 0.0, 0.0, 0.0, -2.13, -3.614, 0.901, -0.29
17.664546012878418, 0.0, 0.0, 0.0, 296.579, 297.899, -221.075, -217.63, 0.0, 0.0, 0.0, -2.146, -3.567, 1.074, -0.478
17.730875968933105, 0.0, 0.0, 0.0, 296.977, 298.272, -221.373, -217.925, 0.0, 0.0, 0.0, -2.052, -3.033, 0.917, -0.211
17.796305179595947, 0.0, 0.0, 0.0, 297.373, 298.646, -221.664, -218.215, 0.0, 0.0, 0.0, -1.894, -2.059, 0.917, -0.447
17.862650156021118, 0.0, 0.0, 0.0, 297.806, 299.025, -221.966, -218.493, 0.0, 0.0, 0.0, -1.863, -1.195, 0.901, -0.117
17.934003829956055, 0.0, 0.0, 0.0, 298.212, 299.465, -222.278, -218.815, 0.0, 0.0, 0.0, -1.863, -1.085, 0.901, -0.416
18.000195026397705, 0.0, 0.0, 0.0, 298.589, 299.823, -222.577, -219.105, 0.0, 0.0, 0.0, -1.957, -1.085, 0.713, -0.039
18.06551504135132, 0.0, 0.0, 0.0, 298.973, 300.221, -222.859, -219.396, 0.0, 0.0, 0.0, -2.114, -1.085, 0.713, -0.384
18.131987810134888, 0.0, 0.0, 0.0, 299.367, 300.604, -223.147, -219.696, 0.0, 0.0, 0.0, -2.287, -1.085, 0.65, -0.054
18.198264122009277, 0.0, 0.0, 0.0, 299.791, 301.002, -223.446, -220.002, 0.0, 0.0, 0.0, -2.303, -1.085, 0.634, -0.321
18.268449068069458, 0.0, 0.0, 0.0, 300.195, 301.371, -223.755, -220.286, 0.0, 0.0, 0.0, -2.476, -1.085, 0.587, -0.117
18.334758758544922, 0.0, 0.0, 0.0, 300.617, 301.786, -224.074, -220.594, 0.0, 0.0, 0.0, -2.523, -1.085, 0.571, -0.243
18.40108585357666, 0.0, 0.0, 0.0, 301.019, 302.169, -224.363, -220.878, 0.0, 0.0, 0.0, -2.444, -1.085, 0.571, -0.133
18.46636199951172, 0.0, 0.0, 0.0, 301.403, 302.582, -224.659, -221.17, 0.0, 0.0, 0.0, -2.381, -1.085, 0.555, -0.196
18.53274393081665, 0.0, 0.0, 0.0, 301.796, 302.968, -224.94, -221.45, 0.0, 0.0, 0.0, -2.287, -1.085, 0.555, -0.18
18.60408902168274, 0.0, 0.0, 0.0, 302.206, 303.36, -225.24, -221.741, 0.0, 0.0, 0.0, -2.271, -1.132, 0.367, -0.133
18.670347929000854, 0.0, 0.0, 0.0, 302.623, 303.816, -225.56, -222.056, 0.0, 0.0, 0.0, -2.177, -1.195, 0.383, -0.18
18.73559284210205, 0.0, 0.0, 0.0, 303.036, 304.205, -225.855, -222.345, 0.0, 0.0, 0.0, -2.083, -1.164, 0.383, -0.07
18.80299210548401, 0.0, 0.0, 0.0, 303.438, 304.6, -226.129, -222.638, 0.0, 0.0, 0.0, -1.863, -1.085, 0.398, -0.196
18.86829686164856, 0.0, 0.0, 0.0, 303.836, 305.025, -226.429, -222.94, 0.0, 0.0, 0.0, -1.8, -1.054, 0.398, -0.07
18.93456792831421, 0.0, 0.0, 0.0, 304.215, 305.404, -226.728, -223.22, 0.0, 0.0, 0.0, -1.8, -1.038, 0.398, -0.211
19.004908084869385, 0.0, 0.0, 0.0, 304.622, 305.804, -227.04, -223.518, 0.0, 0.0, 0.0, -1.926, -1.038, 0.383, 0.023
19.071424961090088, 0.0, 0.0, 0.0, 305.021, 306.181, -227.342, -223.8, 0.0, 0.0, 0.0, -2.13, -1.038, 0.336, -0.054
19.136600971221924, 0.0, 0.0, 0.0, 305.439, 306.59, -227.632, -224.088, 0.0, 0.0, 0.0, -2.146, -1.038, 0.32, 0.023
19.20386505126953, 0.0, 0.0, 0.0, 305.822, 306.972, -227.917, -224.375, 0.0, 0.0, 0.0, -2.429, -1.054, 0.32, -0.007
19.269140005111694, 0.0, 0.0, 0.0, 306.216, 307.368, -228.214, -224.663, 0.0, 0.0, 0.0, -2.554, -1.054, 0.241, 0.149
19.340471982955933, 0.0, 0.0, 0.0, 306.651, 307.763, -228.519, -224.993, 0.0, 0.0, 0.0, -2.554, -1.054, 0.226, 0.086
19.406768798828125, 0.0, 0.0, 0.0, 307.034, 308.16, -228.812, -225.288, 0.0, 0.0, 0.0, -2.523, -1.211, 0.178, 0.212
19.473200798034668, 0.0, 0.0, 0.0, 307.422, 308.541, -229.116, -225.571, 0.0, 0.0, 0.0, -2.397, -2.091, 0.163, 0.165
19.538406133651733, 0.0, 0.0, 0.0, 307.843, 308.949, -229.415, -225.859, 0.0, 0.0, 0.0, -2.381, -3.284, 0.116, 0.196
19.58986806869507, 0.0, 0.0, 0.0, 308.22, 309.35, -229.705, -226.173, 0.0, 0.0, 0.0, -2.507, -4.18, 0.069, 0.055
19.676167964935303, 0.0, 0.0, 0.0, 308.789, 309.931, -230.121, -226.584, 0.0, 0.0, 0.0, -2.287, -4.353, 0.069, 0.133
19.726656913757324, 0.0, 0.0, 0.0, 309.435, 310.532, -230.516, -227.015, 0.0, 0.0, 0.0, -1.957, -3.316, 0.069, 0.055
19.80765700340271, 0.0, 0.0, 0.0, 310.036, 311.106, -231.036, -227.475, 0.0, 0.0, 0.0, -1.847, -1.667, 0.1, 0.086
19.87410306930542, 0.0, 0.0, 0.0, 310.678, 311.702, -231.448, -227.886, 0.0, 0.0, 0.0, -1.973, -1.07, 0.163, -0.07
19.940396070480347, 0.0, 0.0, 0.0, 311.252, 312.319, -231.926, -228.349, 0.0, 0.0, 0.0, -2.146, -1.07, 0.257, -0.117
20.011762857437134, 0.0, 0.0, 0.0, 311.906, 312.964, -232.374, -228.85, 0.0, 0.0, 0.0, -2.413, -1.07, 0.257, -0.023
20.07701802253723, 0.0, 0.0, 0.0, 312.494, 313.526, -232.821, -229.321, 0.0, 0.0, 0.0, -2.413, -1.321, 0.163, 0.023
20.144325017929077, 0.0, 0.0, 0.0, 313.126, 314.17, -233.23, -229.744, 0.0, 0.0, 0.0, -2.491, -2.091, 0.163, -0.086
20.209604024887085, 0.0, 0.0, 0.0, 313.774, 314.799, -233.662, -230.21, 0.0, 0.0, 0.0, -2.491, -2.106, 0.163, -0.07
20.275907039642334, 0.0, 0.0, 0.0, 314.39, 315.408, -234.138, -230.649, 0.0, 0.0, 0.0, -2.523, -2.609, 0.178, -0.039
20.346293926239014, 0.0, 0.0, 0.0, 315.09, 316.057, -234.637, -231.101, 0.0, 0.0, 0.0, -2.146, -2.829, 0.194, 0.023
20.412575006484985, 0.0, 0.0, 0.0, 315.691, 316.664, -235.103, -231.526, 0.0, 0.0, 0.0, -1.989, -2.703, 0.226, 0.07
20.477908849716187, 0.0, 0.0, 0.0, 316.315, 317.329, -235.547, -231.979, 0.0, 0.0, 0.0, -1.91, -1.949, 0.257, 0.055
20.528748989105225, 0.0, 0.0, 0.0, 317.023, 317.967, -236.005, -232.402, 0.0, 0.0, 0.0, -1.973, -1.4, 0.257, 0.007
20.610418796539307, 0.0, 0.0, 0.0, 317.628, 318.573, -236.413, -232.818, 0.0, 0.0, 0.0, -2.209, -1.4, 0.273, 0.07
20.680772066116333, 0.0, 0.0, 0.0, 318.32, 319.234, -236.883, -233.274, 0.0, 0.0, 0.0, -2.366, -1.368, 0.257, 0.133
20.74626398086548, 0.0, 0.0, 0.0, 318.979, 319.9, -237.355, -233.734, 0.0, 0.0, 0.0, -2.397, -1.321, 0.477, 0.055
20.812430143356323, 0.0, 0.0, 0.0, 319.591, 320.509, -237.788, -234.219, 0.0, 0.0, 0.0, -2.633, -1.211, 0.493, -0.117
20.878875970840454, 0.0, 0.0, 0.0, 320.177, 321.198, -238.283, -234.645, 0.0, 0.0, 0.0, -2.601, -1.18, 0.681, -0.259
20.945049047470093, 0.0, 0.0, 0.0, 320.801, 321.732, -238.712, -235.077, 0.0, 0.0, 0.0, -2.381, -1.572, 0.681, -0.117
21.015455961227417, 0.0, 0.0, 0.0, 321.495, 322.372, -239.216, -235.554, 0.0, 0.0, 0.0, -2.114, -2.279, 0.775, -0.101
21.081815004348755, 0.0, 0.0, 0.0, 322.115, 322.952, -239.688, -235.981, 0.0, 0.0, 0.0, -2.02, -2.389, 0.76, -0.211
21.147071838378906, 0.0, 0.0, 0.0, 322.709, 323.575, -240.156, -236.387, 0.0, 0.0, 0.0, -1.973, -1.808, 0.775, -0.321
21.214282989501953, 0.0, 0.0, 0.0, 323.329, 324.131, -240.577, -236.864, 0.0, 0.0, 0.0, -2.099, -1.148, 0.744, -0.369
21.279643058776855, 0.0, 0.0, 0.0, 323.966, 324.799, -241.045, -237.29, 0.0, 0.0, 0.0, -2.209, -1.148, 0.838, -0.196
21.35104203224182, 0.0, 0.0, 0.0, 324.636, 325.499, -241.533, -237.793, 0.0, 0.0, 0.0, -2.303, -1.148, 0.823, -0.149
21.41737174987793, 0.0, 0.0, 0.0, 325.263, 326.124, -241.962, -238.204, 0.0, 0.0, 0.0, -2.476, -1.148, 0.807, -0.274
21.483625888824463, 0.0, 0.0, 0.0, 325.899, 326.732, -242.392, -238.654, 0.0, 0.0, 0.0, -2.664, -1.148, 0.807, -0.447
21.548938989639282, 0.0, 0.0, 0.0, 326.519, 327.336, -242.804, -239.142, 0.0, 0.0, 0.0, -2.507, -1.148, 0.807, -0.321
21.615283966064453, 0.0, 0.0, 0.0, 327.109, 327.937, -243.29, -239.559, 0.0, 0.0, 0.0, -2.46, -1.164, 0.744, -0.086
21.685604095458984, 0.0, 0.0, 0.0, 327.728, 328.58, -243.758, -240.06, 0.0, 0.0, 0.0, -2.177, -1.164, 0.728, -0.164
21.751835107803345, 0.0, 0.0, 0.0, 328.358, 329.223, -244.266, -240.556, 0.0, 0.0, 0.0, -2.114, -1.18, 0.728, -0.337
21.817145109176636, 0.0, 0.0, 0.0, 328.946, 329.841, -244.728, -240.972, 0.0, 0.0, 0.0, -2.004, -1.132, 0.713, -0.306
21.883476972579956, 0.0, 0.0, 0.0, 329.555, 330.437, -245.158, -241.453, 0.0, 0.0, 0.0, -2.052, -1.054, 0.508, -0.369
21.949794054031372, 0.0, 0.0, 0.0, 330.204, 331.023, -245.571, -241.875, 0.0, 0.0, 0.0, -2.271, -1.054, 0.508, -0.29
22.021171808242798, 0.0, 0.0, 0.0, 330.87, 331.64, -246.063, -242.3, 0.0, 0.0, 0.0, -2.366, -1.054, 0.54, -0.196
22.086448907852173, 0.0, 0.0, 0.0, 331.54, 332.303, -246.529, -242.79, 0.0, 0.0, 0.0, -2.633, -1.07, 0.571, -0.101
22.152806043624878, 0.0, 0.0, 0.0, 332.145, 332.946, -246.977, -243.245, 0.0, 0.0, 0.0, -2.601, -2.263, 0.477, -0.29
22.219142198562622, 0.0, 0.0, 0.0, 332.781, 333.592, -247.45, -243.644, 0.0, 0.0, 0.0, -2.476, -3.41, 0.43, -0.117
22.28535795211792, 0.0, 0.0, 0.0, 333.413, 334.23, -247.862, -244.059, 0.0, 0.0, 0.0, -2.397, -4.101, 0.383, 0.102
22.350571870803833, 0.0, 0.0, 0.0, 333.927, 334.911, -248.341, -244.46, 0.0, 0.0, 0.0, -2.24, -4.4, 0.367, -0.023
22.421926021575928, 0.0, 0.0, 0.0, 334.618, 335.541, -248.792, -244.916, 0.0, 0.0, 0.0, -2.13, -4.667, 0.226, -0.164
22.487305879592896, 0.0, 0.0, 0.0, 335.245, 336.217, -249.245, -245.382, 0.0, 0.0, 0.0, -2.099, -4.258, 0.194, -0.023
22.553639888763428, 0.0, 0.0, 0.0, 335.866, 336.864, -249.672, -245.798, 0.0, 0.0, 0.0, -2.114, -1.557, 0.194, 0.102
22.619922876358032, 0.0, 0.0, 0.0, 336.484, 337.459, -250.098, -246.249, 0.0, 0.0, 0.0, -2.209, -1.132, 0.178, 0.023
22.686226844787598, 0.0, 0.0, 0.0, 337.095, 338.078, -250.558, -246.693, 0.0, 0.0, 0.0, -2.633, -1.132, 0.021, -0.149
22.756566047668457, 0.0, 0.0, 0.0, 337.77, 338.725, -251.013, -247.165, 0.0, 0.0, 0.0, -2.633, -1.117, 0.273, -0.101
22.822726011276245, 0.0, 0.0, 0.0, 338.435, 339.303, -251.498, -247.635, 0.0, 0.0, 0.0, -2.554, -1.085, 0.163, -0.07
22.87335705757141, 0.0, 0.0, 0.0, 339.052, 339.966, -251.986, -248.05, 0.0, 0.0, 0.0, -2.476, -1.085, 0.116, 0.007
22.955456018447876, 0.0, 0.0, 0.0, 339.66, 340.574, -252.446, -248.505, 0.0, 0.0, 0.0, -2.476, -1.509, 0.116, 0.039
23.020680904388428, 0.0, 0.0, 0.0, 340.297, 341.182, -252.919, -248.948, 0.0, 0.0, 0.0, -2.35, -2.263, 0.147, -0.149
23.09118103981018, 0.0, 0.0, 0.0, 340.983, 341.827, -253.382, -249.403, 0.0, 0.0, 0.0, -2.177, -2.546, 0.131, -0.196
23.1574490070343, 0.0, 0.0, 0.0, 341.668, 342.413, -253.789, -249.852, 0.0, 0.0, 0.0, -2.052, -1.792, 0.131, 0.07
23.22365689277649, 0.0, 0.0, 0.0, 342.274, 343.016, -254.253, -250.286, 0.0, 0.0, 0.0, -2.099, -1.07, 0.131, 0.133
23.28908896446228, 0.0, 0.0, 0.0, 342.935, 343.61, -254.743, -250.725, 0.0, 0.0, 0.0, -2.523, -1.023, 0.131, 0.023
23.3403959274292, 0.0, 0.0, 0.0, 343.53, 344.183, -255.185, -251.113, 0.0, 0.0, 0.0, -2.601, -1.023, 0.131, 0.007
23.425663948059082, 0.0, 0.0, 0.0, 344.163, 344.822, -255.705, -251.569, 0.0, 0.0, 0.0, -2.57, -1.023, 0.131, 0.117
23.49203896522522, 0.0, 0.0, 0.0, 344.748, 345.402, -256.103, -252.022, 0.0, 0.0, 0.0, -2.539, -1.023, 0.131, -0.007
23.542278051376343, 0.0, 0.0, 0.0, 345.395, 346.055, -256.553, -252.471, 0.0, 0.0, 0.0, -2.444, -1.117, 0.147, 0.007
23.6246919631958, 0.0, 0.0, 0.0, 346.045, 346.687, -257.062, -252.901, 0.0, 0.0, 0.0, -2.507, -1.761, 0.336, 0.055
23.689865827560425, 0.0, 0.0, 0.0, 346.667, 347.263, -257.498, -253.332, 0.0, 0.0, 0.0, -2.334, -2.625, 0.336, -0.133
23.76032304763794, 0.0, 0.0, 0.0, 347.301, 347.941, -257.927, -253.848, 0.0, 0.0, 0.0, -2.036, -2.656, 0.446, -0.211
23.826560020446777, 0.0, 0.0, 0.0, 347.944, 348.568, -258.351, -254.277, 0.0, 0.0, 0.0, -1.973, -1.698, 0.446, -0.07
23.892853021621704, 0.0, 0.0, 0.0, 348.577, 349.189, -258.807, -254.775, 0.0, 0.0, 0.0, -2.413, -1.18, 0.43, -0.117
23.958213090896606, 0.0, 0.0, 0.0, 349.199, 349.841, -259.27, -255.267, 0.0, 0.0, 0.0, -2.429, -0.975, 0.461, -0.18
24.024479866027832, 0.0, 0.0, 0.0, 349.772, 350.461, -259.727, -255.697, 0.0, 0.0, 0.0, -2.429, -0.975, 0.461, -0.321
24.095941066741943, 0.0, 0.0, 0.0, 350.389, 351.11, -260.27, -256.189, 0.0, 0.0, 0.0, -2.429, -0.975, 0.571, -0.29
24.16220211982727, 0.0, 0.0, 0.0, 351.047, 351.763, -260.725, -256.657, 0.0, 0.0, 0.0, -2.523, -0.975, 0.555, -0.227
24.228485107421875, 0.0, 0.0, 0.0, 351.66, 352.361, -261.155, -257.107, 0.0, 0.0, 0.0, -2.476, -0.975, 0.634, -0.337
24.294795989990234, 0.0, 0.0, 0.0, 352.255, 352.975, -261.622, -257.537, 0.0, 0.0, 0.0, -2.491, -0.975, 0.681, -0.274
24.36017608642578, 0.0, 0.0, 0.0, 352.847, 353.589, -262.116, -257.993, 0.0, 0.0, 0.0, -2.209, -0.991, 0.728, -0.353
24.430439949035645, 0.0, 0.0, 0.0, 353.463, 354.304, -262.588, -258.468, 0.0, 0.0, 0.0, -2.067, -1.038, 0.791, -0.369
24.496719121932983, 0.0, 0.0, 0.0, 354.102, 354.929, -263.036, -258.909, 0.0, 0.0, 0.0, -2.02, -1.007, 0.791, -0.196
24.563076972961426, 0.0, 0.0, 0.0, 354.723, 355.574, -263.512, -259.313, 0.0, 0.0, 0.0, -2.24, -0.96, 0.775, -0.101
24.629455089569092, 0.0, 0.0, 0.0, 355.325, 356.199, -263.928, -259.805, 0.0, 0.0, 0.0, -2.319, -0.96, 0.728, -0.274
24.69564390182495, 0.0, 0.0, 0.0, 355.95, 356.854, -264.411, -260.26, 0.0, 0.0, 0.0, -2.319, -0.96, 0.713, -0.416
24.76600694656372, 0.0, 0.0, 0.0, 356.609, 357.574, -264.9, -260.735, 0.0, 0.0, 0.0, -2.334, -0.96, 0.697, -0.384
24.83234405517578, 0.0, 0.0, 0.0, 357.215, 358.208, -265.364, -261.152, 0.0, 0.0, 0.0, -2.491, -0.96, 0.634, -0.18
24.89860510826111, 0.0, 0.0, 0.0, 357.808, 358.823, -265.801, -261.599, 0.0, 0.0, 0.0, -2.476, -0.96, 0.603, -0.18
24.964809894561768, 0.0, 0.0, 0.0, 358.449, 359.399, -266.265, -262.015, 0.0, 0.0, 0.0, -2.476, -1.07, 0.555, -0.196
25.031193017959595, 0.0, 0.0, 0.0, 358.642, 359.554, -266.397, -262.135, 0.0, 0.0, 0.0, -2.24, -1.195, 0.555, -0.117
25.101664066314697, 0.0, 0.0, 0.0, 358.642, 359.554, -266.397, -262.135, 0.0, 0.0, 0.0, -2.24, -1.195, 0.555, -0.117
25.16794991493225, 0.0, 0.0, 0.0, 358.642, 359.554, -266.397, -262.135, 0.0, 0.0, 0.0, -2.24, -1.195, 0.555, -0.117
25.23420786857605, 0.0, 0.0, 0.0, 358.642, 359.554, -266.397, -262.135, 0.0, 0.0, 0.0, -2.24, -1.195, 0.555, -0.117
25.299493074417114, 0.0, 0.0, 0.0, 358.642, 359.554, -266.397, -262.135, 0.0, 0.0, 0.0, -2.24, -1.195, 0.555, -0.117
25.365814924240112, 0.0, 0.0, 0.0, 358.642, 359.554, -266.397, -262.135, 0.0, 0.0, 0.0, -2.24, -1.195, 0.555, -0.117
25.437175035476685, 0.0, 0.0, 0.0, 358.642, 359.554, -266.397, -262.135, 0.0, 0.0, 0.0, -2.24, -1.195, 0.555, -0.117
25.50347113609314, 0.0, 0.0, 0.0, 358.642, 359.554, -266.397, -262.135, 0.0, 0.0, 0.0, -2.24, -1.195, 0.555, -0.117
25.569828033447266, 0.0, 0.0, 0.0, 358.642, 359.554, -266.397, -262.135, 0.0, 0.0, 0.0, -2.24, -1.195, 0.555, -0.117
25.63618302345276, 0.0, 0.0, 0.0, 358.642, 359.554, -266.397, -262.135, 0.0, 0.0, 0.0, -2.24, -1.195, 0.555, -0.117
25.701292037963867, 0.0, 0.0, 0.0, 358.642, 359.554, -266.397, -262.135, 0.0, 0.0, 0.0, -2.24, -1.195, 0.555, -0.117
25.767620086669922, 0.0, 0.0, 0.0, 358.642, 359.554, -266.397, -262.135, 0.0, 0.0, 0.0, -2.24, -1.195, 0.555, -0.117
25.839121103286743, 0.0, 0.0, 0.0, 358.642, 359.554, -266.397, -262.135, 0.0, 0.0, 0.0, -2.24, -1.195, 0.555, -0.117
25.90544104576111, 0.0, 0.0, 0.0, 358.642, 359.554, -266.397, -262.135, 0.0, 0.0, 0.0, -2.24, -1.195, 0.555, -0.117
25.970603942871094, 0.0, 0.0, 0.0, 358.642, 359.554, -266.397, -262.135, 0.0, 0.0, 0.0, -2.24, -1.195, 0.555, -0.117
26.037992000579834, 0.0, 0.0, 0.0, 358.642, 359.554, -266.397, -262.135, 0.0, 0.0, 0.0, -2.24, -1.195, 0.555, -0.117
26.103255033493042, 0.0, 0.0, 0.0, 358.642, 359.554, -266.397, -262.135, 0.0, 0.0, 0.0, -2.24, -1.195, 0.555, -0.117
26.174572944641113, 0.0, 0.0, 0.0, 358.642, 359.554, -266.397, -262.135, 0.0, 0.0, 0.0, -2.24, -1.195, 0.555, -0.117
26.241020917892456, 0.0, 0.0, 0.0, 358.642, 359.554, -266.397, -262.135, 0.0, 0.0, 0.0, -2.24, -1.195, 0.555, -0.117
26.3072669506073, 0.0, 0.0, 0.0, 358.642, 359.554, -266.397, -262.135, 0.0, 0.0, 0.0, -2.24, -1.195, 0.555, -0.117
26.3725528717041, 0.0, 0.0, 0.0, 358.642, 359.554, -266.397, -262.135, 0.0, 0.0, 0.0, -2.24, -1.195, 0.555, -0.117
26.43874716758728, 0.0, 0.0, 0.0, 358.642, 359.554, -266.397, -262.135, 0.0, 0.0, 0.0, -2.24, -1.195, 0.555, -0.117
26.50923490524292, 0.0, 0.0, 0.0, 358.642, 359.554, -266.397, -262.135, 0.0, 0.0, 0.0, -2.24, -1.195, 0.555, -0.117
26.57560396194458, 0.0, 0.0, 0.0, 358.642, 359.554, -266.397, -262.135, 0.0, 0.0, 0.0, -2.24, -1.195, 0.555, -0.117
26.640751123428345, 0.0, 0.0, 0.0, 358.642, 359.554, -266.397, -262.135, 0.0, 0.0, 0.0, -2.24, -1.195, 0.555, -0.117
26.707207918167114, 0.0, 0.0, 0.0, 358.642, 359.554, -266.397, -262.135, 0.0, 0.0, 0.0, -2.24, -1.195, 0.555, -0.117
26.773455142974854, 0.0, 0.0, 0.0, 358.642, 359.554, -266.397, -262.135, 0.0, 0.0, 0.0, -2.24, -1.195, 0.555, -0.117
26.844825983047485, 0.0, 0.0, 0.0, 358.642, 359.554, -266.397, -262.135, 0.0, 0.0, 0.0, -2.24, -1.195, 0.555, -0.117
26.910009145736694, 0.0, 0.0, 0.0, 358.642, 359.554, -266.397, -262.135, 0.0, 0.0, 0.0, -2.24, -1.195, 0.555, -0.117
26.97633719444275, 0.0, 0.0, 0.0, 358.642, 359.554, -266.397, -262.135, 0.0, 0.0, 0.0, -2.24, -1.195, 0.555, -0.117
27.042780876159668, 0.0, 0.0, 0.0, 358.642, 359.554, -266.397, -262.135, 0.0, 0.0, 0.0, -2.24, -1.195, 0.555, -0.117
27.109046936035156, 0.0, 0.0, 0.0, 358.642, 359.554, -266.397, -262.135, 0.0, 0.0, 0.0, -2.24, -1.195, 0.555, -0.117
27.17941403388977, 0.0, 0.0, 0.0, 358.642, 359.554, -266.397, -262.135, 0.0, 0.0, 0.0, -2.24, -1.195, 0.555, -0.117
27.245667934417725, 0.0, 0.0, 0.0, 358.642, 359.554, -266.397, -262.135, 0.0, 0.0, 0.0, -2.24, -1.195, 0.555, -0.117
27.31101679801941, 0.0, 0.0, 0.0, 358.642, 359.554, -266.397, -262.135, 0.0, 0.0, 0.0, -2.24, -1.195, 0.555, -0.133
27.377284049987793, 0.0, 0.0, 0.0, 358.642, 359.554, -266.397, -262.135, 0.0, 0.0, 0.0, -2.24, -1.195, 0.555, -0.133
27.443685054779053, 0.0, 0.0, 0.0, 358.642, 359.554, -266.397, -262.135, 0.0, 0.0, 0.0, -2.24, -1.195, 0.555, -0.133
27.514885187149048, 0.0, 0.0, 0.0, 358.642, 359.554, -266.397, -262.135, 0.0, 0.0, 0.0, -2.24, -1.195, 0.555, -0.133
27.581221103668213, 0.0, 0.0, 0.0, 358.642, 359.554, -266.397, -262.135, 0.0, 0.0, 0.0, -2.24, -1.195, 0.555, -0.133
27.647547006607056, 0.0, 0.0, 0.0, 358.642, 359.554, -266.397, -262.135, 0.0, 0.0, 0.0, -2.24, -1.195, 0.555, -0.133
