0.037595272064208984, -0.26, 0.0, 0.0, 0.0, 0.0, 0.0, 0.0, 0.376, 0.376, -0.376, 0.376, -0.376, 0.0, 0.719
0.08575320243835449, -0.26, 0.0, 0.0, 0.0, 0.0, 0.0, 0.0, 0.376, 0.376, -0.376, 0.376, -0.376, 0.0, 0.719
0.13398003578186035, -0.26, 0.0, 0.0, 0.0, 0.0, 0.0, 0.0, 0.376, 0.376, -0.376, 0.376, -0.376, 0.0, 0.719
0.18228936195373535, -0.26, 0.0, 0.0, 0.0, 0.0, 0.0, 0.0, 0.376, 0.376, -0.376, 0.376, -0.376, 0.0, 0.719
0.23049211502075195, -0.26, 0.0, 0.0, 0.0, 0.0, 0.0, 0.0, 0.376, 0.376, -0.376, 0.376, -0.376, 0.0, 0.719
0.29480409622192383, -0.26, 0.0, 0.0, 0.0, 0.0, 0.0, 0.0, 0.376, 0.376, -0.376, 0.376, -0.376, 0.0, 0.719
0.34294605255126953, -0.26, 0.0, 0.0, 0.0, 0.0, 0.0, 0.0, 0.376, 0.376, -0.376, 0.376, -0.376, 0.0, 0.719
0.3912062644958496, -0.26, 0.0, 0.0, 0.0, 0.0, 0.0, 0.0, 0.376, 0.376, -0.376, 0.376, -0.376, 0.0, 0.719
0.4394071102142334, -0.26, 0.0, 0.0, 0.0, 0.0, 0.0, 0.0, 0.376, 0.376, -0.376, 0.376, -0.376, 0.0, 0.719
0.48769521713256836, -0.26, 0.0, 0.0, 0.0, 0.0, 0.0, 0.0, 0.376, 0.376, -0.376, 0.376, -0.376, 0.0, 0.719
0.5531940460205078, -0.26, 0.0, 0.0, 0.0, 0.0, 0.0, 0.0, 0.376, 0.376, -0.376, 0.376, -0.376, 0.0, 0.719
0.6001691818237305, -0.26, 0.0, 0.0, 0.0, 0.0, 0.0, 0.0, 0.376, 0.376, -0.376, 0.376, -0.376, 0.0, 0.719
0.6491920948028564, -0.26, 0.0, 0.0, 0.0, 0.0, 0.0, 0.0, 0.376, 0.376, -0.376, 0.376, -0.376, 0.0, 0.719
0.6990489959716797, -0.26, 0.0, 0.0, 0.0, 0.0, 0.0, 0.0, 0.376, 0.376, -0.376, 0.376, -0.376, 0.0, 0.719
0.7447681427001953, -0.26, 0.0, 0.0, 0.0, 0.0, 0.0, 0.0, 0.376, 0.376, -0.376, 0.376, -0.376, 0.0, 0.719
0.8091170787811279, -0.26, 0.0, 0.0, 0.0, 0.0, 0.0, 0.0, 0.376, 0.376, -0.376, 0.376, -0.376, 0.0, 0.719
0.8575880527496338, -0.26, 0.0, 0.0, 0.0, 0.0, 0.0, 0.0, 0.376, 0.376, -0.376, 0.376, -0.376, 0.0, 0.719
0.9067411422729492, -0.26, 0.0, 0.0, 0.0, 0.0, 0.0, 0.0, 0.376, 0.376, -0.376, 0.376, -0.376, 0.0, 0.719
0.954150915145874, -0.26, 0.0, 0.0, 0.0, 0.0, 0.0, 0.0, 0.376, 0.376, -0.376, 0.376, -0.376, 0.0, 0.719
1.0040452480316162, -0.26, 0.0, 0.0, 0.0, 0.0, 0.0, 0.0, 0.376, 0.376, -0.376, 0.376, -0.376, 0.0, 0.719
1.0637271404266357, -0.26, 0.0, 0.0, 0.0, 0.0, 0.0, 0.0, 0.376, 0.376, -0.376, 0.376, -0.376, 0.0, 0.719
1.1286580562591553, -0.26, 0.0, 0.0, 0.0, 0.0, 0.0, 0.0, 0.376, 0.376, -0.376, 0.376, -0.376, 0.0, 0.719
1.202397108078003, -0.26, 0.0, 0.0, 0.0, 0.0, 0.0, 0.0, 0.376, 0.376, -0.376, 0.376, -0.376, 0.0, 0.719
1.2190992832183838, -0.26, 0.0, 0.0, 0.0, 0.0, 0.0, 0.0, 0.376, 0.376, -0.376, 0.376, -0.376, 0.0, 0.719
1.2842280864715576, -0.26, 0.0, 0.0, 0.0, 0.0, 0.0, 0.0, 0.376, 0.376, -0.376, 0.376, -0.376, 0.0, 0.719
1.3287711143493652, -0.26, 0.0, 0.0, 0.0, 0.0, 0.0, 0.0, 0.376, 0.376, -0.376, 0.376, -0.376, 0.0, 0.719
1.3764920234680176, -0.26, 0.0, 0.0, 0.0, 0.0, 0.0, 0.0, 0.376, 0.376, -0.376, 0.376, -0.376, 0.0, 0.719
1.4203801155090332, -0.26, 0.0, 0.0, 0.0, 0.0, 0.0, 0.0, 0.376, 0.376, -0.376, 0.376, -0.376, 0.0, 0.719
1.4680070877075195, -0.26, 0.0, 0.0, 0.0, 0.0, 0.0, 0.0, 0.376, 0.376, -0.376, 0.376, -0.376, 0.0, 0.719
1.516158103942871, -0.26, 0.0, 0.0, 0.0, 0.0, 0.0, 0.0, 0.376, 0.376, -0.376, 0.376, -0.376, 0.0, 0.719
1.5643432140350342, -0.26, 0.0, 0.0, 0.0, 0.0, 0.0, 0.0, 0.376, 0.376, -0.376, 0.376, -0.376, 0.0, 0.719
1.6286180019378662, -0.26, 0.0, 0.0, 0.0, 0.0, 0.0, 0.0, 0.376, 0.376, -0.376, 0.376, -0.376, 0.0, 0.719
1.6768500804901123, -0.26, 0.0, 0.0, 0.0, 0.0, 0.0, 0.0, 0.376, 0.376, -0.376, 0.376, -0.376, 0.0, 0.719
1.7250401973724365, -0.26, 0.0, 0.0, 0.0, 0.0, 0.0, 0.0, 0.376, 0.376, -0.376, 0.376, -0.376, 0.0, 0.719
1.7732601165771484, -0.26, 0.0, 0.0, 0.0, 0.0, 0.0, 0.0, 0.376, 0.376, -0.376, 0.376, -0.376, 0.0, 0.719
1.8214631080627441, -0.26, 0.0, 0.0, 0.0, 0.0, 0.0, 0.0, 0.376, 0.376, -0.376, 0.376, -0.376, 0.0, 0.719
1.8695790767669678, -0.26, 0.0, 0.0, 0.0, 0.0, 0.0, 0.0, 0.376, 0.376, -0.376, 0.376, -0.376, 0.0, 0.719
1.9339783191680908, -0.26, 0.0, 0.0, 0.0, 0.0, 0.0, 0.0, 0.376, 0.376, -0.376, 0.376, -0.376, 0.0, 0.717
1.9820830821990967, -0.26, 0.0, 0.0, 0.0, 0.0, 0.0, 0.0, 0.376, 0.376, -0.376, 0.376, -0.376, 0.0, 0.717
2.0302679538726807, -0.26, 0.0, 0.0, 0.0, 0.0, 0.0, 0.0, 0.376, 0.376, -0.376, 0.376, -0.376, 0.0, 0.714
2.0785880088806152, -0.26, 0.0, 0.0, 0.0, 0.0, 0.0, 0.0, 0.376, 0.376, -0.376, 0.376, -0.376, 0.0, 0.711
5.8073410987854, 0.0, 0.0, 0.0, 0.0, 0.0, 0.0, 0.0, 0.0, 0.0, 0.0, 0.0, 0.0, 0.0, 0.0
5.807546138763428, -0.002, 0.0, 0.0, 0.0, 0.0, 0.0, 0.0, 0.03, 0.394, -0.394, 0.394, -0.394, 0.0, 0.696
5.855530023574829, -0.002, 0.0, 0.0, 0.0, 0.0, 0.0, 0.0, 0.03, 0.394, -0.394, 0.394, -0.394, 0.0, 0.696
5.903809070587158, -0.002, 0.0, 0.0, 0.0, 0.0, 0.0, 0.0, 0.03, 0.394, -0.394, 0.394, -0.394, 0.0, 0.696
5.952003240585327, -0.002, 0.0, 0.0, 0.0, 0.0, 0.0, 0.0, 0.03, 0.394, -0.394, 0.394, -0.394, 0.0, 0.696
6.000112295150757, -0.002, 0.0, 0.0, 0.0, 0.0, 0.0, 0.0, 0.03, 0.394, -0.394, 0.394, -0.394, 0.0, 0.696
6.0644752979278564, -0.002, 0.0, 0.0, 0.0, 0.0, 0.0, 0.0, 0.03, 0.394, -0.394, 0.394, -0.394, 0.0, 0.696
6.112612247467041, -0.002, 0.0, 0.0, 0.0, 0.0, 0.0, 0.0, 0.03, 0.394, -0.394, 0.394, -0.394, 0.0, 0.696
6.160962104797363, -0.002, 0.0, 0.0, 0.0, 0.0, 0.0, 0.0, 0.03, 0.394, -0.394, 0.394, -0.394, 0.0, 0.696
6.209052085876465, -0.002, 0.0, 0.0, 0.0, 0.0, 0.0, 0.0, 0.03, 0.394, -0.394, 0.394, -0.394, 0.0, 0.696
6.257389068603516, -0.002, 0.0, 0.0, 0.0, 0.0, 0.0, 0.0, 0.03, 0.394, -0.394, 0.394, -0.394, 0.0, 0.696
6.305427074432373, -0.002, 0.0, 0.0, 0.0, 0.0, 0.0, 0.0, 0.03, 0.394, -0.394, 0.394, -0.394, 0.0, 0.696
6.36972713470459, -0.002, 0.0, 0.0, 0.0, 0.0, 0.0, 0.0, 0.03, 0.394, -0.394, 0.394, -0.394, 0.0, 0.696
6.41802716255188, -0.002, 0.0, 0.0, 0.0, 0.0, 0.0, 0.0, 0.03, 0.394, -0.394, 0.394, -0.394, 0.0, 0.696
6.466224193572998, -0.002, 0.0, 0.0, 0.0, 0.0, 0.0, 0.0, 0.03, 0.394, -0.394, 0.394, -0.394, 0.0, 0.696
6.514333009719849, -0.002, 0.0, 0.0, 0.0, 0.0, 0.0, 0.0, 0.03, 0.394, -0.394, 0.394, -0.394, 0.0, 0.696
6.562584161758423, -0.002, 0.0, 0.0, 0.0, 0.0, 0.0, 0.0, 0.03, 0.394, -0.394, 0.394, -0.394, 0.0, 0.696
6.626901149749756, -0.002, 0.0, 0.0, 0.0, 0.0, 0.0, 0.0, 0.03, 0.394, -0.394, 0.394, -0.394, 0.0, 0.696
6.674983024597168, 0.812, 0.0, 0.0, 0.0, 0.0, 0.0, 0.0, 0.03, 0.394, -0.394, 0.394, -0.394, 0.0, 0.415
6.723217248916626, 1.208, 0.0, 0.0, 0.0, 0.0, 0.0, 0.0, 0.03, 0.394, -0.394, 0.394, -0.394, 0.0, 0.277
6.771298170089722, 1.508, 0.0, 0.0, 0.0, 0.0, 0.0, 0.0, 0.03, 0.394, -0.394, 0.394, -0.394, 0.0, 0.176
6.8195672035217285, 1.818, 0.0, 0.0, 0.0, 0.0, 0.0, 0.0, 0.03, 0.394, -0.394, 0.394, -0.394, 0.0, 0.069
6.883795976638794, 2.105, 0.0, 0.0, 0.0, 0.0, 0.0, 0.0, 0.03, 0.394, -0.394, 0.394, -0.394, 0.0, -0.017
6.931980133056641, 2.356, 0.0, 0.0, 0.0, 0.0, 0.0, 0.0, 0.03, 0.394, -0.394, 0.394, -0.394, 0.0, -0.09
6.980098247528076, 2.642, 0.0, 0.0, 0.0, 0.0, 0.0, 0.0, 0.03, 0.394, -0.394, 0.394, -0.394, 0.0, -0.173
7.028242111206055, 2.92, 0.0, 0.0, 0.0, 0.0, 0.0, 0.0, 0.03, 0.394, -0.394, 0.394, -0.394, 0.0, -0.255
7.076434135437012, 3.209, 0.0, 0.0, 0.0, 0.0, 0.0, 0.0, 0.03, 0.394, -0.394, 0.394, -0.394, 0.0, -0.341
7.140656232833862, 3.498, 0.0, 0.0, 0.0, 0.0, 0.0, 0.0, 0.03, 0.394, -0.394, 0.394, -0.394, 0.0, -0.419
7.18889307975769, 3.768, 0.0, 0.0, 0.0, 0.0, 0.0, 0.0, 0.03, 0.394, -0.394, 0.394, -0.394, 0.0, -0.488
7.237128973007202, 4.038, 0.0, 0.0, 0.0, 0.0, 0.0, 0.0, 0.03, 0.394, -0.394, 0.394, -0.394, 0.0, -0.546
7.285320043563843, 4.322, 0.0, 0.0, 0.0, 0.0, 0.0, 0.0, 0.03, 0.394, -0.394, 0.394, -0.394, 0.0, -0.6
7.333515167236328, 4.636, 0.0, 0.0, 0.0, 0.0, 0.0, 0.0, 0.03, 0.394, -0.394, 0.394, -0.394, 0.0, -0.653
7.381676197052002, 4.963, 0.0, 0.0, 0.0, 0.0, 0.0, 0.0, 0.03, 0.394, -0.394, 0.394, -0.394, 0.0, -0.717
7.429858207702637, 5.214, 0.0, 0.0, 0.0, 0.0, 0.0, 0.0, 0.03, 0.394, -0.394, 0.394, -0.394, 0.0, -0.771
7.49419903755188, 5.456, 0.0, 0.0, 0.0, 0.0, 0.0, 0.0, 0.03, 0.394, -0.394, 0.394, -0.394, 0.0, -0.831
7.542241096496582, 5.456, 0.0, 0.0, 0.0, 0.0, 0.0, 0.0, 0.03, 0.394, -0.394, 0.394, -0.394, 0.0, -0.831
7.5904741287231445, 5.456, 0.0, 0.0, 0.0, 0.0, 0.0, 0.0, 0.03, 0.394, -0.394, 0.394, -0.394, 0.0, -0.831
7.638601064682007, 5.456, 0.0, 0.0, 0.0, 0.0, 0.0, 0.0, 0.03, 0.394, -0.394, 0.394, -0.394, 0.0, -0.83
7.703001260757446, 5.456, 0.0, 0.0, 0.0, 0.0, 0.0, 0.0, 0.03, 0.394, -0.394, 0.394, -0.394, 0.0, -0.83
7.751096248626709, 5.456, 0.0, 0.0, 0.0, 0.0, 0.0, 0.0, 0.03, 0.394, -0.394, 0.394, -0.394, 0.0, -0.83
7.799220085144043, 5.456, 0.0, 0.0, 0.0, 0.0, 0.0, 0.0, 0.03, 0.394, -0.394, 0.394, -0.394, 0.0, -0.83
7.847425222396851, 5.456, 0.0, 0.0, 0.0, 0.0, 0.0, 0.0, 0.03, 0.394, -0.394, 0.394, -0.394, 0.0, -0.828
7.895649194717407, 5.456, 0.0, 0.0, 0.0, 0.0, 0.0, 0.0, 0.03, 0.394, -0.394, 0.394, -0.394, 0.0, -0.828
7.94386100769043, 5.456, 0.0, 0.0, 0.0, 0.0, 0.0, 0.0, 0.03, 0.394, -0.394, 0.394, -0.394, 0.0, -0.828
8.008031129837036, 5.456, 0.0, 0.0, 0.0, 0.0, 0.0, 0.0, 0.03, 0.394, -0.394, 0.394, -0.394, 0.0, -0.827
8.056200981140137, 5.456, 0.0, 0.0, 0.0, 0.0, 0.0, 0.0, 0.03, 0.394, -0.394, 0.394, -0.394, 0.0, -0.827
8.104373216629028, 5.456, 0.0, 0.0, 0.0, 0.0, 0.0, 0.0, 0.03, 0.394, -0.394, 0.394, -0.394, 0.0, -0.827
8.15266728401184, 5.456, 0.0, 0.0, 0.0, 0.0, 0.0, 0.0, 0.03, 0.394, -0.394, 0.394, -0.394, 0.0, -0.827
8.200829982757568, 5.456, 0.0, 0.0, 0.0, 0.0, 0.0, 0.0, 0.03, 0.394, -0.394, 0.394, -0.394, 0.0, -0.825
8.249053955078125, 5.456, 0.0, 0.0, 0.0, 0.0, 0.0, 0.0, 0.03, 0.394, -0.394, 0.394, -0.394, 0.0, -0.825
8.313176155090332, 5.456, 0.0, 0.0, 0.0, 0.0, 0.0, 0.0, 0.03, 0.394, -0.394, 0.394, -0.394, 0.0, -0.825
8.361448049545288, 4.745, 0.0, 0.0, 0.0, 0.0, 0.0, 0.0, 0.03, 0.394, -0.394, 0.394, -0.394, 0.0, -0.604
8.409543991088867, 4.319, 0.0, 0.0, 0.0, 0.0, 0.0, 0.0, 0.03, 0.394, -0.394, 0.394, -0.394, 0.0, -0.476
8.457731246948242, 4.006, 0.0, 0.0, 0.0, 0.0, 0.0, 0.0, 0.03, 0.394, -0.394, 0.394, -0.394, 0.0, -0.385
8.521997213363647, 3.678, 0.0, 0.0, 0.0, 0.0, 0.0, 0.0, 0.03, 0.394, -0.394, 0.394, -0.394, 0.0, -0.295
8.570180177688599, 3.408, 0.0, 0.0, 0.0, 0.0, 0.0, 0.0, 0.03, 0.394, -0.394, 0.394, -0.394, 0.0, -0.223
8.618544340133667, 3.163, 0.0, 0.0, 0.0, 0.0, 0.0, 0.0, 0.03, 0.394, -0.394, 0.394, -0.394, 0.0, -0.16
8.6666100025177, 2.926, 0.0, 0.0, 0.0, 0.0, 0.0, 0.0, 0.03, 0.394, -0.394, 0.394, -0.394, 0.0, -0.104
8.71481204032898, 2.675, 0.0, 0.0, 0.0, 0.0, 0.0, 0.0, 0.03, 0.394, -0.394, 0.394, -0.394, 0.0, -0.044
8.763082027435303, 2.413, 0.0, 0.0, 0.0, 0.0, 0.0, 0.0, 0.03, 0.394, -0.394, 0.394, -0.394, 0.0, 0.012
8.827292919158936, 2.154, 0.0, 0.0, 0.0, 0.0, 0.0, 0.0, 0.03, 0.394, -0.394, 0.394, -0.394, 0.0, 0.073
8.875438213348389, 1.876, 0.0, 0.0, 0.0, 0.0, 0.0, 0.0, 0.03, 0.394, -0.394, 0.394, -0.394, 0.0, 0.134
8.923574209213257, 1.576, 0.0, 0.0, 0.0, 0.0, 0.0, 0.0, 0.03, 0.394, -0.394, 0.394, -0.394, 0.0, 0.215
8.971794128417969, 1.298, 0.0, 0.0, 0.0, 0.0, 0.0, 0.0, 0.03, 0.394, -0.394, 0.394, -0.394, 0.0, 0.292
9.020030975341797, 1.047, 0.0, 0.0, 0.0, 0.0, 0.0, 0.0, 0.03, 0.394, -0.394, 0.394, -0.394, 0.0, 0.366
9.068218231201172, 0.788, 0.0, 0.0, 0.0, 0.0, 0.0, 0.0, 0.03, 0.394, -0.394, 0.394, -0.394, 0.0, 0.441
9.132440090179443, 0.542, 0.0, 0.0, 0.0, 0.0, 0.0, 0.0, 0.03, 0.394, -0.394, 0.394, -0.394, 0.0, 0.52
9.180662155151367, 0.245, 0.0, 0.0, 0.0, 0.0, 0.0, 0.0, 0.03, 0.394, -0.394, 0.394, -0.394, 0.0, 0.617
9.228997230529785, 0.196, 0.0, 0.0, 0.0, 0.0, 0.0, 0.0, 0.03, 0.394, -0.394, 0.394, -0.394, 0.0, 0.634
9.277076005935669, 0.196, 0.0, 0.0, 0.0, 0.0, 0.0, 0.0, 0.03, 0.394, -0.394, 0.394, -0.394, 0.0, 0.634
9.325332164764404, 0.196, 0.0, 0.0, 0.0, 0.0, 0.0, 0.0, 0.03, 0.394, -0.394, 0.394, -0.394, 0.0, 0.634
9.389626264572144, 0.196, 0.0, 0.0, 0.0, 0.0, 0.0, 0.0, 0.03, 0.394, -0.394, 0.394, -0.394, 0.0, 0.634
9.43770718574524, 0.196, 0.0, 0.0, 0.0, 0.0, 0.0, 0.0, 0.03, 0.394, -0.394, 0.394, -0.394, 0.0, 0.634
9.485956192016602, 0.196, 0.0, 0.0, 0.0, 0.0, 0.0, 0.0, 0.03, 0.394, -0.394, 0.394, -0.394, 0.0, 0.634
9.534199237823486, 0.196, 0.0, 0.0, 0.0, 0.0, 0.0, 0.0, 0.03, 0.394, -0.394, 0.394, -0.394, 0.0, 0.634
9.582374334335327, 0.196, 0.0, 0.0, 0.0, 0.0, 0.0, 0.0, 0.03, 0.394, -0.394, 0.394, -0.394, 0.0, 0.634
9.63053011894226, 0.196, 0.0, 0.0, 0.0, 0.0, 0.0, 0.0, 0.03, 0.394, -0.394, 0.394, -0.394, 0.0, 0.634
9.694847106933594, 0.196, 0.0, 0.0, 0.0, 0.0, 0.0, 0.0, 0.03, 0.394, -0.394, 0.394, -0.394, 0.0, 0.634
9.742967128753662, 0.196, 0.0, 0.0, 0.0, 0.0, 0.0, 0.0, 0.03, 0.394, -0.394, 0.394, -0.394, 0.0, 0.634
9.791152954101562, 0.196, 0.0, 0.0, 0.0, 0.0, 0.0, 0.0, 0.03, 0.394, -0.394, 0.394, -0.394, 0.0, 0.634
9.839341163635254, 0.196, 0.0, 0.0, 0.0, 0.0, 0.0, 0.0, 0.03, 0.394, -0.394, 0.394, -0.394, 0.0, 0.634
9.887661218643188, 0.196, 0.0, 0.0, 0.0, 0.0, 0.0, 0.0, 0.03, 0.394, -0.394, 0.394, -0.394, 0.0, 0.634
9.935817003250122, 0.196, 0.0, 0.0, 0.0, 0.0, 0.0, 0.0, 0.03, 0.394, -0.394, 0.394, -0.394, 0.0, 0.634
10.000094175338745, 0.196, 0.0, 0.0, 0.0, 0.0, 0.0, 0.0, 0.03, 0.394, -0.394, 0.394, -0.394, 0.0, 0.634
10.04830002784729, 0.583, 0.0, 0.0, 0.0, 0.0, 0.0, 0.0, 0.03, 0.394, -0.394, 0.394, -0.394, 0.0, 0.504
10.096487998962402, 1.118, 0.0, 0.0, 0.0, 0.0, 0.0, 0.0, 0.03, 0.394, -0.394, 0.394, -0.394, 0.0, 0.32
10.144626140594482, 1.464, 0.0, 0.0, 0.0, 0.0, 0.0, 0.0, 0.03, 0.394, -0.394, 0.394, -0.394, 0.0, 0.203
10.192833185195923, 1.728, 0.0, 0.0, 0.0, 0.0, 0.0, 0.0, 0.03, 0.394, -0.394, 0.394, -0.394, 0.0, 0.115
10.257155179977417, 2.02, 0.0, 0.0, 0.0, 0.0, 0.0, 0.0, 0.03, 0.394, -0.394, 0.394, -0.394, 0.0, 0.023
10.305223941802979, 2.35, 0.0, 0.0, 0.0, 0.0, 0.0, 0.0, 0.03, 0.394, -0.394, 0.394, -0.394, 0.0, -0.071
10.35351014137268, 2.639, 0.0, 0.0, 0.0, 0.0, 0.0, 0.0, 0.03, 0.394, -0.394, 0.394, -0.394, 0.0, -0.153
10.401638269424438, 2.915, 0.0, 0.0, 0.0, 0.0, 0.0, 0.0, 0.03, 0.394, -0.394, 0.394, -0.394, 0.0, -0.236
10.449857234954834, 3.207, 0.0, 0.0, 0.0, 0.0, 0.0, 0.0, 0.03, 0.394, -0.394, 0.394, -0.394, 0.0, -0.32
10.514058113098145, 3.477, 0.0, 0.0, 0.0, 0.0, 0.0, 0.0, 0.03, 0.394, -0.394, 0.394, -0.394, 0.0, -0.395
10.562319278717041, 3.779, 0.0, 0.0, 0.0, 0.0, 0.0, 0.0, 0.03, 0.394, -0.394, 0.394, -0.394, 0.0, -0.473
10.610525131225586, 4.076, 0.0, 0.0, 0.0, 0.0, 0.0, 0.0, 0.03, 0.394, -0.394, 0.394, -0.394, 0.0, -0.539
10.658693313598633, 4.434, 0.0, 0.0, 0.0, 0.0, 0.0, 0.0, 0.03, 0.394, -0.394, 0.394, -0.394, 0.0, -0.603
10.706910133361816, 4.717, 0.0, 0.0, 0.0, 0.0, 0.0, 0.0, 0.03, 0.394, -0.394, 0.394, -0.394, 0.0, -0.653
10.7551109790802, 4.987, 0.0, 0.0, 0.0, 0.0, 0.0, 0.0, 0.03, 0.394, -0.394, 0.394, -0.394, 0.0, -0.709
10.819293975830078, 5.279, 0.0, 0.0, 0.0, 0.0, 0.0, 0.0, 0.03, 0.394, -0.394, 0.394, -0.394, 0.0, -0.774
10.86748719215393, 5.527, 0.0, 0.0, 0.0, 0.0, 0.0, 0.0, 0.03, 0.394, -0.394, 0.394, -0.394, 0.0, -0.836
10.91568899154663, 5.634, 0.0, 0.0, 0.0, 0.0, 0.0, 0.0, 0.03, 0.394, -0.394, 0.394, -0.394, 0.0, -0.866
10.963887214660645, 5.634, 0.0, 0.0, 0.0, 0.0, 0.0, 0.0, 0.03, 0.394, -0.394, 0.394, -0.394, 0.0, -0.866
11.028083086013794, 5.634, 0.0, 0.0, 0.0, 0.0, 0.0, 0.0, 0.03, 0.394, -0.394, 0.394, -0.394, 0.0, -0.866
11.076380014419556, 5.634, 0.0, 0.0, 0.0, 0.0, 0.0, 0.0, 0.03, 0.394, -0.394, 0.394, -0.394, 0.0, -0.866
11.124606132507324, 5.634, 0.0, 0.0, 0.0, 0.0, 0.0, 0.0, 0.03, 0.394, -0.394, 0.394, -0.394, 0.0, -0.866
11.172812223434448, 5.634, 0.0, 0.0, 0.0, 0.0, 0.0, 0.0, 0.03, 0.394, -0.394, 0.394, -0.394, 0.0, -0.866
11.221006155014038, 5.634, 0.0, 0.0, 0.0, 0.0, 0.0, 0.0, 0.03, 0.394, -0.394, 0.394, -0.394, 0.0, -0.865
11.269188165664673, 5.634, 0.0, 0.0, 0.0, 0.0, 0.0, 0.0, 0.03, 0.394, -0.394, 0.394, -0.394, 0.0, -0.865
11.333457231521606, 5.634, 0.0, 0.0, 0.0, 0.0, 0.0, 0.0, 0.03, 0.394, -0.394, 0.394, -0.394, 0.0, -0.865
11.381710290908813, 5.634, 0.0, 0.0, 0.0, 0.0, 0.0, 0.0, 0.03, 0.394, -0.394, 0.394, -0.394, 0.0, -0.865
11.429851293563843, 5.634, 0.0, 0.0, 0.0, 0.0, 0.0, 0.0, 0.03, 0.394, -0.394, 0.394, -0.394, 0.0, -0.865
11.477981090545654, 5.634, 0.0, 0.0, 0.0, 0.0, 0.0, 0.0, 0.03, 0.394, -0.394, 0.394, -0.394, 0.0, -0.865
11.526204109191895, 5.634, 0.0, 0.0, 0.0, 0.0, 0.0, 0.0, 0.03, 0.394, -0.394, 0.394, -0.394, 0.0, -0.863
11.590541124343872, 5.634, 0.0, 0.0, 0.0, 0.0, 0.0, 0.0, 0.03, 0.394, -0.394, 0.394, -0.394, 0.0, -0.863
11.638750076293945, 5.634, 0.0, 0.0, 0.0, 0.0, 0.0, 0.0, 0.03, 0.394, -0.394, 0.394, -0.394, 0.0, -0.863
11.686941146850586, 5.634, 0.0, 0.0, 0.0, 0.0, 0.0, 0.0, 0.03, 0.394, -0.394, 0.394, -0.394, 0.0, -0.863
11.735059976577759, 5.634, 0.0, 0.0, 0.0, 0.0, 0.0, 0.0, 0.03, 0.394, -0.394, 0.394, -0.394, 0.0, -0.863
11.78330397605896, 4.723, 0.0, 0.0, 0.0, 0.0, 0.0, 0.0, 0.03, 0.394, -0.394, 0.394, -0.394, 0.0, -0.588
11.847604036331177, 4.357, 0.0, 0.0, 0.0, 0.0, 0.0, 0.0, 0.03, 0.394, -0.394, 0.394, -0.394, 0.0, -0.48
11.89569616317749, 4.046, 0.0, 0.0, 0.0, 0.0, 0.0, 0.0, 0.03, 0.394, -0.394, 0.394, -0.394, 0.0, -0.392
11.943908214569092, 3.776, 0.0, 0.0, 0.0, 0.0, 0.0, 0.0, 0.03, 0.394, -0.394, 0.394, -0.394, 0.0, -0.319
11.99213695526123, 3.515, 0.0, 0.0, 0.0, 0.0, 0.0, 0.0, 0.03, 0.394, -0.394, 0.394, -0.394, 0.0, -0.249
12.04023814201355, 3.275, 0.0, 0.0, 0.0, 0.0, 0.0, 0.0, 0.03, 0.394, -0.394, 0.394, -0.394, 0.0, -0.187
12.088568210601807, 3.016, 0.0, 0.0, 0.0, 0.0, 0.0, 0.0, 0.03, 0.394, -0.394, 0.394, -0.394, 0.0, -0.123
12.152798175811768, 2.762, 0.0, 0.0, 0.0, 0.0, 0.0, 0.0, 0.03, 0.394, -0.394, 0.394, -0.394, 0.0, -0.063
12.201041221618652, 2.495, 0.0, 0.0, 0.0, 0.0, 0.0, 0.0, 0.03, 0.394, -0.394, 0.394, -0.394, 0.0, -0.004
12.249219179153442, 2.219, 0.0, 0.0, 0.0, 0.0, 0.0, 0.0, 0.03, 0.394, -0.394, 0.394, -0.394, 0.0, 0.057
12.297407150268555, 1.941, 0.0, 0.0, 0.0, 0.0, 0.0, 0.0, 0.03, 0.394, -0.394, 0.394, -0.394, 0.0, 0.125
12.345510959625244, 1.655, 0.0, 0.0, 0.0, 0.0, 0.0, 0.0, 0.03, 0.394, -0.394, 0.394, -0.394, 0.0, 0.203
12.409765243530273, 1.317, 0.0, 0.0, 0.0, 0.0, 0.0, 0.0, 0.03, 0.394, -0.394, 0.394, -0.394, 0.0, 0.296
12.457958221435547, 1.0, 0.0, 0.0, 0.0, 0.0, 0.0, 0.0, 0.03, 0.394, -0.394, 0.394, -0.394, 0.0, 0.38
12.50623106956482, 0.739, 0.0, 0.0, 0.0, 0.0, 0.0, 0.0, 0.03, 0.394, -0.394, 0.394, -0.394, 0.0, 0.461
12.55448603630066, 0.447, 0.0, 0.0, 0.0, 0.0, 0.0, 0.0, 0.03, 0.394, -0.394, 0.394, -0.394, 0.0, 0.557
12.602657079696655, 0.204, 0.0, 0.0, 0.0, 0.0, 0.0, 0.0, 0.03, 0.394, -0.394, 0.394, -0.394, 0.0, 0.636
12.6669282913208, 0.204, 0.0, 0.0, 0.0, 0.0, 0.0, 0.0, 0.03, 0.394, -0.394, 0.394, -0.394, 0.0, 0.636
12.715071201324463, 0.204, 0.0, 0.0, 0.0, 0.0, 0.0, 0.0, 0.03, 0.394, -0.394, 0.394, -0.394, 0.0, 0.636
12.76324725151062, 0.204, 0.0, 0.0, 0.0, 0.0, 0.0, 0.0, 0.03, 0.394, -0.394, 0.394, -0.394, 0.0, 0.636
12.811415195465088, 0.204, 0.0, 0.0, 0.0, 0.0, 0.0, 0.0, 0.03, 0.394, -0.394, 0.394, -0.394, 0.0, 0.636
12.859724044799805, 0.204, 0.0, 0.0, 0.0, 0.0, 0.0, 0.0, 0.03, 0.394, -0.394, 0.394, -0.394, 0.0, 0.636
12.907928228378296, 0.204, 0.0, 0.0, 0.0, 0.0, 0.0, 0.0, 0.03, 0.394, -0.394, 0.394, -0.394, 0.0, 0.636
12.972235202789307, 0.204, 0.0, 0.0, 0.0, 0.0, 0.0, 0.0, 0.03, 0.394, -0.394, 0.394, -0.394, 0.0, 0.636
13.020401954650879, 0.204, 0.0, 0.0, 0.0, 0.0, 0.0, 0.0, 0.03, 0.394, -0.394, 0.394, -0.394, 0.0, 0.636
13.068575143814087, 0.204, 0.0, 0.0, 0.0, 0.0, 0.0, 0.0, 0.03, 0.394, -0.394, 0.394, -0.394, 0.0, 0.636
13.116856098175049, 0.204, 0.0, 0.0, 0.0, 0.0, 0.0, 0.0, 0.03, 0.394, -0.394, 0.394, -0.394, 0.0, 0.636
13.165025234222412, 0.204, 0.0, 0.0, 0.0, 0.0, 0.0, 0.0, 0.03, 0.394, -0.394, 0.394, -0.394, 0.0, 0.636
13.213208198547363, 0.204, 0.0, 0.0, 0.0, 0.0, 0.0, 0.0, 0.03, 0.394, -0.394, 0.394, -0.394, 0.0, 0.636
13.277486085891724, 0.204, 0.0, 0.0, 0.0, 0.0, 0.0, 0.0, 0.03, 0.394, -0.394, 0.394, -0.394, 0.0, 0.636
13.325798273086548, 0.204, 0.0, 0.0, 0.0, 0.0, 0.0, 0.0, 0.03, 0.394, -0.394, 0.394, -0.394, 0.0, 0.636
13.373894214630127, 0.204, 0.0, 0.0, 0.0, 0.0, 0.0, 0.0, 0.03, 0.394, -0.394, 0.394, -0.394, 0.0, 0.634
13.422105312347412, 0.204, 0.0, 0.0, 0.0, 0.0, 0.0, 0.0, 0.03, 0.394, -0.394, 0.394, -0.394, 0.0, 0.634
13.486378192901611, 0.812, 0.0, 0.0, 0.0, 0.0, 0.0, 0.0, 0.03, 0.394, -0.394, 0.394, -0.394, 0.0, 0.433
13.534638166427612, 1.289, 0.0, 0.0, 0.0, 0.0, 0.0, 0.0, 0.03, 0.394, -0.394, 0.394, -0.394, 0.0, 0.268
13.582762002944946, 1.658, 0.0, 0.0, 0.0, 0.0, 0.0, 0.0, 0.03, 0.394, -0.394, 0.394, -0.394, 0.0, 0.146
13.631036043167114, 2.001, 0.0, 0.0, 0.0, 0.0, 0.0, 0.0, 0.03, 0.394, -0.394, 0.394, -0.394, 0.0, 0.036
13.679184198379517, 2.285, 0.0, 0.0, 0.0, 0.0, 0.0, 0.0, 0.03, 0.394, -0.394, 0.394, -0.394, 0.0, -0.047
13.727375268936157, 2.574, 0.0, 0.0, 0.0, 0.0, 0.0, 0.0, 0.03, 0.394, -0.394, 0.394, -0.394, 0.0, -0.128
13.791681051254272, 2.844, 0.0, 0.0, 0.0, 0.0, 0.0, 0.0, 0.03, 0.394, -0.394, 0.394, -0.394, 0.0, -0.209
13.839897155761719, 3.141, 0.0, 0.0, 0.0, 0.0, 0.0, 0.0, 0.03, 0.394, -0.394, 0.394, -0.394, 0.0, -0.296
13.888130187988281, 3.433, 0.0, 0.0, 0.0, 0.0, 0.0, 0.0, 0.03, 0.394, -0.394, 0.394, -0.394, 0.0, -0.377
13.936309099197388, 3.689, 0.0, 0.0, 0.0, 0.0, 0.0, 0.0, 0.03, 0.394, -0.394, 0.394, -0.394, 0.0, -0.444
13.984522104263306, 3.962, 0.0, 0.0, 0.0, 0.0, 0.0, 0.0, 0.03, 0.394, -0.394, 0.394, -0.394, 0.0, -0.507
14.032621145248413, 4.243, 0.0, 0.0, 0.0, 0.0, 0.0, 0.0, 0.03, 0.394, -0.394, 0.394, -0.394, 0.0, -0.565
14.09691333770752, 4.524, 0.0, 0.0, 0.0, 0.0, 0.0, 0.0, 0.03, 0.394, -0.394, 0.394, -0.394, 0.0, -0.615
14.14503812789917, 4.821, 0.0, 0.0, 0.0, 0.0, 0.0, 0.0, 0.03, 0.394, -0.394, 0.394, -0.394, 0.0, -0.673
14.193264245986938, 5.121, 0.0, 0.0, 0.0, 0.0, 0.0, 0.0, 0.03, 0.394, -0.394, 0.394, -0.394, 0.0, -0.736
14.241538047790527, 5.415, 0.0, 0.0, 0.0, 0.0, 0.0, 0.0, 0.03, 0.394, -0.394, 0.394, -0.394, 0.0, -0.806
14.305774211883545, 5.754, 0.0, 0.0, 0.0, 0.0, 0.0, 0.0, 0.03, 0.394, -0.394, 0.394, -0.394, 0.0, -0.896
14.35389494895935, 5.811, 0.0, 0.0, 0.0, 0.0, 0.0, 0.0, 0.03, 0.394, -0.394, 0.394, -0.394, 0.0, -0.914
14.402148246765137, 5.811, 0.0, 0.0, 0.0, 0.0, 0.0, 0.0, 0.03, 0.394, -0.394, 0.394, -0.394, 0.0, -0.914
14.450275182723999, 5.811, 0.0, 0.0, 0.0, 0.0, 0.0, 0.0, 0.03, 0.394, -0.394, 0.394, -0.394, 0.0, -0.914
14.498520135879517, 5.811, 0.0, 0.0, 0.0, 0.0, 0.0, 0.0, 0.03, 0.394, -0.394, 0.394, -0.394, 0.0, -0.912
14.546653032302856, 5.811, 0.0, 0.0, 0.0, 0.0, 0.0, 0.0, 0.03, 0.394, -0.394, 0.394, -0.394, 0.0, -0.912
14.610900163650513, 5.811, 0.0, 0.0, 0.0, 0.0, 0.0, 0.0, 0.03, 0.394, -0.394, 0.394, -0.394, 0.0, -0.912
14.659109115600586, 5.811, 0.0, 0.0, 0.0, 0.0, 0.0, 0.0, 0.03, 0.394, -0.394, 0.394, -0.394, 0.0, -0.912
14.707343101501465, 5.811, 0.0, 0.0, 0.0, 0.0, 0.0, 0.0, 0.03, 0.394, -0.394, 0.394, -0.394, 0.0, -0.912
14.755622148513794, 5.811, 0.0, 0.0, 0.0, 0.0, 0.0, 0.0, 0.03, 0.394, -0.394, 0.394, -0.394, 0.0, -0.912
14.803855180740356, 5.811, 0.0, 0.0, 0.0, 0.0, 0.0, 0.0, 0.03, 0.394, -0.394, 0.394, -0.394, 0.0, -0.912
14.852063179016113, 5.811, 0.0, 0.0, 0.0, 0.0, 0.0, 0.0, 0.03, 0.394, -0.394, 0.394, -0.394, 0.0, -0.912
14.91627025604248, 5.811, 0.0, 0.0, 0.0, 0.0, 0.0, 0.0, 0.03, 0.394, -0.394, 0.394, -0.394, 0.0, -0.911
14.964561223983765, 5.811, 0.0, 0.0, 0.0, 0.0, 0.0, 0.0, 0.03, 0.394, -0.394, 0.394, -0.394, 0.0, -0.911
15.012726068496704, 5.811, 0.0, 0.0, 0.0, 0.0, 0.0, 0.0, 0.03, 0.394, -0.394, 0.394, -0.394, 0.0, -0.911
15.06103515625, 5.811, 0.0, 0.0, 0.0, 0.0, 0.0, 0.0, 0.03, 0.394, -0.394, 0.394, -0.394, 0.0, -0.911
15.109070301055908, 5.811, 0.0, 0.0, 0.0, 0.0, 0.0, 0.0, 0.03, 0.394, -0.394, 0.394, -0.394, 0.0, -0.911
15.173428058624268, 5.312, 0.0, 0.0, 0.0, 0.0, 0.0, 0.0, 0.03, 0.394, -0.394, 0.394, -0.394, 0.0, -0.758
15.22163724899292, 4.816, 0.0, 0.0, 0.0, 0.0, 0.0, 0.0, 0.03, 0.394, -0.394, 0.394, -0.394, 0.0, -0.606
15.269788026809692, 4.461, 0.0, 0.0, 0.0, 0.0, 0.0, 0.0, 0.03, 0.394, -0.394, 0.394, -0.394, 0.0, -0.498
15.318026065826416, 4.098, 0.0, 0.0, 0.0, 0.0, 0.0, 0.0, 0.03, 0.394, -0.394, 0.394, -0.394, 0.0, -0.393
15.366206169128418, 3.763, 0.0, 0.0, 0.0, 0.0, 0.0, 0.0, 0.03, 0.394, -0.394, 0.394, -0.394, 0.0, -0.303
15.414284229278564, 3.479, 0.0, 0.0, 0.0, 0.0, 0.0, 0.0, 0.03, 0.394, -0.394, 0.394, -0.394, 0.0, -0.23
15.478610038757324, 3.204, 0.0, 0.0, 0.0, 0.0, 0.0, 0.0, 0.03, 0.394, -0.394, 0.394, -0.394, 0.0, -0.158
15.526751041412354, 2.945, 0.0, 0.0, 0.0, 0.0, 0.0, 0.0, 0.03, 0.394, -0.394, 0.394, -0.394, 0.0, -0.098
15.575021266937256, 2.628, 0.0, 0.0, 0.0, 0.0, 0.0, 0.0, 0.03, 0.394, -0.394, 0.394, -0.394, 0.0, -0.022
15.623213052749634, 2.337, 0.0, 0.0, 0.0, 0.0, 0.0, 0.0, 0.03, 0.394, -0.394, 0.394, -0.394, 0.0, 0.039
15.671411037445068, 2.061, 0.0, 0.0, 0.0, 0.0, 0.0, 0.0, 0.03, 0.394, -0.394, 0.394, -0.394, 0.0, 0.106
15.735632181167603, 1.786, 0.0, 0.0, 0.0, 0.0, 0.0, 0.0, 0.03, 0.394, -0.394, 0.394, -0.394, 0.0, 0.168
15.783751964569092, 1.527, 0.0, 0.0, 0.0, 0.0, 0.0, 0.0, 0.03, 0.394, -0.394, 0.394, -0.394, 0.0, 0.236
15.832019090652466, 1.24, 0.0, 0.0, 0.0, 0.0, 0.0, 0.0, 0.03, 0.394, -0.394, 0.394, -0.394, 0.0, 0.315
15.880258083343506, 1.022, 0.0, 0.0, 0.0, 0.0, 0.0, 0.0, 0.03, 0.394, -0.394, 0.394, -0.394, 0.0, 0.379
15.928539991378784, 0.769, 0.0, 0.0, 0.0, 0.0, 0.0, 0.0, 0.03, 0.394, -0.394, 0.394, -0.394, 0.0, 0.453
15.976722002029419, 0.504, 0.0, 0.0, 0.0, 0.0, 0.0, 0.0, 0.03, 0.394, -0.394, 0.394, -0.394, 0.0, 0.539
16.040991067886353, 0.392, 0.0, 0.0, 0.0, 0.0, 0.0, 0.0, 0.03, 0.394, -0.394, 0.394, -0.394, 0.0, 0.577
16.08929204940796, 0.392, 0.0, 0.0, 0.0, 0.0, 0.0, 0.0, 0.03, 0.394, -0.394, 0.394, -0.394, 0.0, 0.577
16.137354135513306, 0.392, 0.0, 0.0, 0.0, 0.0, 0.0, 0.0, 0.03, 0.394, -0.394, 0.394, -0.394, 0.0, 0.577
16.185595989227295, 0.392, 0.0, 0.0, 0.0, 0.0, 0.0, 0.0, 0.03, 0.394, -0.394, 0.394, -0.394, 0.0, 0.577
16.233858108520508, 0.392, 0.0, 0.0, 0.0, 0.0, 0.0, 0.0, 0.03, 0.394, -0.394, 0.394, -0.394, 0.0, 0.577
16.298182249069214, 0.392, 0.0, 0.0, 0.0, 0.0, 0.0, 0.0, 0.03, 0.394, -0.394, 0.394, -0.394, 0.0, 0.577
16.346346139907837, 0.392, 0.0, 0.0, 0.0, 0.0, 0.0, 0.0, 0.03, 0.394, -0.394, 0.394, -0.394, 0.0, 0.577
16.394594192504883, 0.392, 0.0, 0.0, 0.0, 0.0, 0.0, 0.0, 0.03, 0.394, -0.394, 0.394, -0.394, 0.0, 0.577
16.44283413887024, 0.392, 0.0, 0.0, 0.0, 0.0, 0.0, 0.0, 0.03, 0.394, -0.394, 0.394, -0.394, 0.0, 0.577
16.491044282913208, 0.392, 0.0, 0.0, 0.0, 0.0, 0.0, 0.0, 0.03, 0.394, -0.394, 0.394, -0.394, 0.0, 0.577
16.555273056030273, 0.392, 0.0, 0.0, 0.0, 0.0, 0.0, 0.0, 0.03, 0.394, -0.394, 0.394, -0.394, 0.0, 0.577
16.603448152542114, 0.392, 0.0, 0.0, 0.0, 0.0, 0.0, 0.0, 0.03, 0.394, -0.394, 0.394, -0.394, 0.0, 0.577
16.651718139648438, 0.392, 0.0, 0.0, 0.0, 0.0, 0.0, 0.0, 0.03, 0.394, -0.394, 0.394, -0.394, 0.0, 0.577
16.699998140335083, 0.392, 0.0, 0.0, 0.0, 0.0, 0.0, 0.0, 0.03, 0.394, -0.394, 0.394, -0.394, 0.0, 0.577
16.748029947280884, 0.392, 0.0, 0.0, 0.0, 0.0, 0.0, 0.0, 0.03, 0.394, -0.394, 0.394, -0.394, 0.0, 0.577
16.79635524749756, 0.392, 0.0, 0.0, 0.0, 0.0, 0.0, 0.0, 0.03, 0.394, -0.394, 0.394, -0.394, 0.0, 0.577
16.86063313484192, 0.392, 0.0, 0.0, 0.0, 0.0, 0.0, 0.0, 0.03, 0.394, -0.394, 0.394, -0.394, 0.0, 0.577
16.908820152282715, 1.213, 0.0, 0.0, 0.0, 0.0, 0.0, 0.0, 0.03, 0.394, -0.394, 0.394, -0.394, 0.0, 0.3
16.957021951675415, 1.581, 0.0, 0.0, 0.0, 0.0, 0.0, 0.0, 0.03, 0.394, -0.394, 0.394, -0.394, 0.0, 0.176
17.005213022232056, 1.898, 0.0, 0.0, 0.0, 0.0, 0.0, 0.0, 0.03, 0.394, -0.394, 0.394, -0.394, 0.0, 0.071
17.053341150283813, 2.189, 0.0, 0.0, 0.0, 0.0, 0.0, 0.0, 0.03, 0.394, -0.394, 0.394, -0.394, 0.0, -0.014
17.11766815185547, 2.481, 0.0, 0.0, 0.0, 0.0, 0.0, 0.0, 0.03, 0.394, -0.394, 0.394, -0.394, 0.0, -0.096
17.165843963623047, 2.795, 0.0, 0.0, 0.0, 0.0, 0.0, 0.0, 0.03, 0.394, -0.394, 0.394, -0.394, 0.0, -0.187
17.21408224105835, 3.106, 0.0, 0.0, 0.0, 0.0, 0.0, 0.0, 0.03, 0.394, -0.394, 0.394, -0.394, 0.0, -0.28
17.262216091156006, 3.427, 0.0, 0.0, 0.0, 0.0, 0.0, 0.0, 0.03, 0.394, -0.394, 0.394, -0.394, 0.0, -0.371
17.31043815612793, 3.752, 0.0, 0.0, 0.0, 0.0, 0.0, 0.0, 0.03, 0.394, -0.394, 0.394, -0.394, 0.0, -0.455
17.374656200408936, 4.071, 0.0, 0.0, 0.0, 0.0, 0.0, 0.0, 0.03, 0.394, -0.394, 0.394, -0.394, 0.0, -0.525
17.422925233840942, 4.396, 0.0, 0.0, 0.0, 0.0, 0.0, 0.0, 0.03, 0.394, -0.394, 0.394, -0.394, 0.0, -0.585
17.47106623649597, 4.698, 0.0, 0.0, 0.0, 0.0, 0.0, 0.0, 0.03, 0.394, -0.394, 0.394, -0.394, 0.0, -0.641
17.519245147705078, 4.952, 0.0, 0.0, 0.0, 0.0, 0.0, 0.0, 0.03, 0.394, -0.394, 0.394, -0.394, 0.0, -0.69
17.567492246627808, 5.203, 0.0, 0.0, 0.0, 0.0, 0.0, 0.0, 0.03, 0.394, -0.394, 0.394, -0.394, 0.0, -0.744
17.615703105926514, 5.47, 0.0, 0.0, 0.0, 0.0, 0.0, 0.0, 0.03, 0.394, -0.394, 0.394, -0.394, 0.0, -0.811
17.67993712425232, 5.773, 0.0, 0.0, 0.0, 0.0, 0.0, 0.0, 0.03, 0.394, -0.394, 0.394, -0.394, 0.0, -0.893
17.728204250335693, 5.934, 0.0, 0.0, 0.0, 0.0, 0.0, 0.0, 0.03, 0.394, -0.394, 0.394, -0.394, 0.0, -0.939
17.776358366012573, 5.934, 0.0, 0.0, 0.0, 0.0, 0.0, 0.0, 0.03, 0.394, -0.394, 0.394, -0.394, 0.0, -0.939
17.824586153030396, 5.934, 0.0, 0.0, 0.0, 0.0, 0.0, 0.0, 0.03, 0.394, -0.394, 0.394, -0.394, 0.0, -0.939
17.872815132141113, 5.934, 0.0, 0.0, 0.0, 0.0, 0.0, 0.0, 0.03, 0.394, -0.394, 0.394, -0.394, 0.0, -0.939
17.937101125717163, 5.934, 0.0, 0.0, 0.0, 0.0, 0.0, 0.0, 0.03, 0.394, -0.394, 0.394, -0.394, 0.0, -0.939
17.985300064086914, 5.934, 0.0, 0.0, 0.0, 0.0, 0.0, 0.0, 0.03, 0.394, -0.394, 0.394, -0.394, 0.0, -0.939
18.033507108688354, 5.934, 0.0, 0.0, 0.0, 0.0, 0.0, 0.0, 0.03, 0.394, -0.394, 0.394, -0.394, 0.0, -0.938
18.081838130950928, 5.934, 0.0, 0.0, 0.0, 0.0, 0.0, 0.0, 0.03, 0.394, -0.394, 0.394, -0.394, 0.0, -0.938
18.130036115646362, 5.934, 0.0, 0.0, 0.0, 0.0, 0.0, 0.0, 0.03, 0.394, -0.394, 0.394, -0.394, 0.0, -0.938
18.19433617591858, 5.934, 0.0, 0.0, 0.0, 0.0, 0.0, 0.0, 0.03, 0.394, -0.394, 0.394, -0.394, 0.0, -0.938
18.242431163787842, 5.934, 0.0, 0.0, 0.0, 0.0, 0.0, 0.0, 0.03, 0.394, -0.394, 0.394, -0.394, 0.0, -0.938
18.290771007537842, 5.934, 0.0, 0.0, 0.0, 0.0, 0.0, 0.0, 0.03, 0.394, -0.394, 0.394, -0.394, 0.0, -0.938
18.339024305343628, 5.934, 0.0, 0.0, 0.0, 0.0, 0.0, 0.0, 0.03, 0.394, -0.394, 0.394, -0.394, 0.0, -0.938
18.387161254882812, 5.934, 0.0, 0.0, 0.0, 0.0, 0.0, 0.0, 0.03, 0.394, -0.394, 0.394, -0.394, 0.0, -0.938
18.43537211418152, 5.934, 0.0, 0.0, 0.0, 0.0, 0.0, 0.0, 0.03, 0.394, -0.394, 0.394, -0.394, 0.0, -0.938
18.499659061431885, 5.934, 0.0, 0.0, 0.0, 0.0, 0.0, 0.0, 0.03, 0.394, -0.394, 0.394, -0.394, 0.0, -0.938
18.547856330871582, 5.934, 0.0, 0.0, 0.0, 0.0, 0.0, 0.0, 0.03, 0.394, -0.394, 0.394, -0.394, 0.0, -0.938
18.596065044403076, 5.165, 0.0, 0.0, 0.0, 0.0, 0.0, 0.0, 0.03, 0.394, -0.394, 0.394, -0.394, 0.0, -0.709
18.644159078598022, 4.756, 0.0, 0.0, 0.0, 0.0, 0.0, 0.0, 0.03, 0.394, -0.394, 0.394, -0.394, 0.0, -0.582
18.692419290542603, 4.426, 0.0, 0.0, 0.0, 0.0, 0.0, 0.0, 0.03, 0.394, -0.394, 0.394, -0.394, 0.0, -0.485
18.756794214248657, 4.09, 0.0, 0.0, 0.0, 0.0, 0.0, 0.0, 0.03, 0.394, -0.394, 0.394, -0.394, 0.0, -0.388
18.804816246032715, 3.79, 0.0, 0.0, 0.0, 0.0, 0.0, 0.0, 0.03, 0.394, -0.394, 0.394, -0.394, 0.0, -0.307
18.853068113327026, 3.507, 0.0, 0.0, 0.0, 0.0, 0.0, 0.0, 0.03, 0.394, -0.394, 0.394, -0.394, 0.0, -0.233
18.901288986206055, 3.256, 0.0, 0.0, 0.0, 0.0, 0.0, 0.0, 0.03, 0.394, -0.394, 0.394, -0.394, 0.0, -0.171
18.949458122253418, 3.048, 0.0, 0.0, 0.0, 0.0, 0.0, 0.0, 0.03, 0.394, -0.394, 0.394, -0.394, 0.0, -0.122
19.01360511779785, 2.822, 0.0, 0.0, 0.0, 0.0, 0.0, 0.0, 0.03, 0.394, -0.394, 0.394, -0.394, 0.0, -0.068
19.06187129020691, 2.577, 0.0, 0.0, 0.0, 0.0, 0.0, 0.0, 0.03, 0.394, -0.394, 0.394, -0.394, 0.0, -0.011
19.110051155090332, 2.293, 0.0, 0.0, 0.0, 0.0, 0.0, 0.0, 0.03, 0.394, -0.394, 0.394, -0.394, 0.0, 0.05
19.158323049545288, 2.039, 0.0, 0.0, 0.0, 0.0, 0.0, 0.0, 0.03, 0.394, -0.394, 0.394, -0.394, 0.0, 0.111
19.20644521713257, 1.802, 0.0, 0.0, 0.0, 0.0, 0.0, 0.0, 0.03, 0.394, -0.394, 0.394, -0.394, 0.0, 0.171
19.27059006690979, 1.505, 0.0, 0.0, 0.0, 0.0, 0.0, 0.0, 0.03, 0.394, -0.394, 0.394, -0.394, 0.0, 0.25
19.318902015686035, 1.213, 0.0, 0.0, 0.0, 0.0, 0.0, 0.0, 0.03, 0.394, -0.394, 0.394, -0.394, 0.0, 0.331
19.367095232009888, 0.927, 0.0, 0.0, 0.0, 0.0, 0.0, 0.0, 0.03, 0.394, -0.394, 0.394, -0.394, 0.0, 0.409
19.41520619392395, 0.627, 0.0, 0.0, 0.0, 0.0, 0.0, 0.0, 0.03, 0.394, -0.394, 0.394, -0.394, 0.0, 0.506
19.46340012550354, 0.586, 0.0, 0.0, 0.0, 0.0, 0.0, 0.0, 0.03, 0.394, -0.394, 0.394, -0.394, 0.0, 0.522
19.51170325279236, 0.586, 0.0, 0.0, 0.0, 0.0, 0.0, 0.0, 0.03, 0.394, -0.394, 0.394, -0.394, 0.0, 0.522
19.57595705986023, 0.586, 0.0, 0.0, 0.0, 0.0, 0.0, 0.0, 0.03, 0.394, -0.394, 0.394, -0.394, 0.0, 0.522
19.62416696548462, 0.586, 0.0, 0.0, 0.0, 0.0, 0.0, 0.0, 0.03, 0.394, -0.394, 0.394, -0.394, 0.0, 0.522
19.67239022254944, 0.586, 0.0, 0.0, 0.0, 0.0, 0.0, 0.0, 0.03, 0.394, -0.394, 0.394, -0.394, 0.0, 0.52
19.720657348632812, 0.586, 0.0, 0.0, 0.0, 0.0, 0.0, 0.0, 0.03, 0.394, -0.394, 0.394, -0.394, 0.0, 0.52
19.76900005340576, 0.586, 0.0, 0.0, 0.0, 0.0, 0.0, 0.0, 0.03, 0.394, -0.394, 0.394, -0.394, 0.0, 0.52
19.833181142807007, 0.586, 0.0, 0.0, 0.0, 0.0, 0.0, 0.0, 0.03, 0.394, -0.394, 0.394, -0.394, 0.0, 0.52
19.881445169448853, 0.586, 0.0, 0.0, 0.0, 0.0, 0.0, 0.0, 0.03, 0.394, -0.394, 0.394, -0.394, 0.0, 0.52
19.929716110229492, 0.586, 0.0, 0.0, 0.0, 0.0, 0.0, 0.0, 0.03, 0.394, -0.394, 0.394, -0.394, 0.0, 0.52
19.97791600227356, 0.586, 0.0, 0.0, 0.0, 0.0, 0.0, 0.0, 0.03, 0.394, -0.394, 0.394, -0.394, 0.0, 0.52
20.026111125946045, 0.586, 0.0, 0.0, 0.0, 0.0, 0.0, 0.0, 0.03, 0.394, -0.394, 0.394, -0.394, 0.0, 0.52
20.07428526878357, 0.586, 0.0, 0.0, 0.0, 0.0, 0.0, 0.0, 0.03, 0.394, -0.394, 0.394, -0.394, 0.0, 0.52
20.122601985931396, 0.586, 0.0, 0.0, 0.0, 0.0, 0.0, 0.0, 0.03, 0.394, -0.394, 0.394, -0.394, 0.0, 0.52
20.18693709373474, 0.586, 0.0, 0.0, 0.0, 0.0, 0.0, 0.0, 0.03, 0.394, -0.394, 0.394, -0.394, 0.0, 0.52
20.235148191452026, 0.586, 0.0, 0.0, 0.0, 0.0, 0.0, 0.0, 0.03, 0.394, -0.394, 0.394, -0.394, 0.0, 0.52
20.28326916694641, 0.968, 0.0, 0.0, 0.0, 0.0, 0.0, 0.0, 0.03, 0.394, -0.394, 0.394, -0.394, 0.0, 0.393
20.331534147262573, 1.557, 0.0, 0.0, 0.0, 0.0, 0.0, 0.0, 0.03, 0.394, -0.394, 0.394, -0.394, 0.0, 0.198
20.395750284194946, 1.925, 0.0, 0.0, 0.0, 0.0, 0.0, 0.0, 0.03, 0.394, -0.394, 0.394, -0.394, 0.0, 0.076
20.443905115127563, 2.241, 0.0, 0.0, 0.0, 0.0, 0.0, 0.0, 0.03, 0.394, -0.394, 0.394, -0.394, 0.0, -0.015
20.49203610420227, 2.56, 0.0, 0.0, 0.0, 0.0, 0.0, 0.0, 0.03, 0.394, -0.394, 0.394, -0.394, 0.0, -0.107
20.540220022201538, 2.92, 0.0, 0.0, 0.0, 0.0, 0.0, 0.0, 0.03, 0.394, -0.394, 0.394, -0.394, 0.0, -0.217
20.588481187820435, 3.247, 0.0, 0.0, 0.0, 0.0, 0.0, 0.0, 0.03, 0.394, -0.394, 0.394, -0.394, 0.0, -0.314
20.652708292007446, 3.507, 0.0, 0.0, 0.0, 0.0, 0.0, 0.0, 0.03, 0.394, -0.394, 0.394, -0.394, 0.0, -0.382
20.700862169265747, 3.766, 0.0, 0.0, 0.0, 0.0, 0.0, 0.0, 0.03, 0.394, -0.394, 0.394, -0.394, 0.0, -0.447
20.749032974243164, 4.025, 0.0, 0.0, 0.0, 0.0, 0.0, 0.0, 0.03, 0.394, -0.394, 0.394, -0.394, 0.0, -0.506
20.79723024368286, 4.273, 0.0, 0.0, 0.0, 0.0, 0.0, 0.0, 0.03, 0.394, -0.394, 0.394, -0.394, 0.0, -0.557
20.84538507461548, 4.576, 0.0, 0.0, 0.0, 0.0, 0.0, 0.0, 0.03, 0.394, -0.394, 0.394, -0.394, 0.0, -0.614
20.893572092056274, 4.856, 0.0, 0.0, 0.0, 0.0, 0.0, 0.0, 0.03, 0.394, -0.394, 0.394, -0.394, 0.0, -0.666
20.957829236984253, 5.088, 0.0, 0.0, 0.0, 0.0, 0.0, 0.0, 0.03, 0.394, -0.394, 0.394, -0.394, 0.0, -0.715
21.00594997406006, 5.377, 0.0, 0.0, 0.0, 0.0, 0.0, 0.0, 0.03, 0.394, -0.394, 0.394, -0.394, 0.0, -0.788
21.054140090942383, 5.661, 0.0, 0.0, 0.0, 0.0, 0.0, 0.0, 0.03, 0.394, -0.394, 0.394, -0.394, 0.0, -0.869
21.102299213409424, 5.945, 0.0, 0.0, 0.0, 0.0, 0.0, 0.0, 0.03, 0.394, -0.394, 0.394, -0.394, 0.0, -0.952
21.150475025177002, 6.075, 0.0, 0.0, 0.0, 0.0, 0.0, 0.0, 0.03, 0.394, -0.394, 0.394, -0.394, 0.0, -0.99
21.21472430229187, 6.075, 0.0, 0.0, 0.0, 0.0, 0.0, 0.0, 0.03, 0.394, -0.394, 0.394, -0.394, 0.0, -0.99
21.26304531097412, 6.075, 0.0, 0.0, 0.0, 0.0, 0.0, 0.0, 0.03, 0.394, -0.394, 0.394, -0.394, 0.0, -0.99
21.311131954193115, 6.075, 0.0, 0.0, 0.0, 0.0, 0.0, 0.0, 0.03, 0.394, -0.394, 0.394, -0.394, 0.0, -0.99
21.359379053115845, 6.075, 0.0, 0.0, 0.0, 0.0, 0.0, 0.0, 0.03, 0.394, -0.394, 0.394, -0.394, 0.0, -0.988
21.40754222869873, 6.075, 0.0, 0.0, 0.0, 0.0, 0.0, 0.0, 0.03, 0.394, -0.394, 0.394, -0.394, 0.0, -0.988
21.471819162368774, 6.075, 0.0, 0.0, 0.0, 0.0, 0.0, 0.0, 0.03, 0.394, -0.394, 0.394, -0.394, 0.0, -0.988
21.520113945007324, 6.075, 0.0, 0.0, 0.0, 0.0, 0.0, 0.0, 0.03, 0.394, -0.394, 0.394, -0.394, 0.0, -0.988
21.568364143371582, 6.075, 0.0, 0.0, 0.0, 0.0, 0.0, 0.0, 0.03, 0.394, -0.394, 0.394, -0.394, 0.0, -0.988
21.616413116455078, 6.075, 0.0, 0.0, 0.0, 0.0, 0.0, 0.0, 0.03, 0.394, -0.394, 0.394, -0.394, 0.0, -0.987
21.664690017700195, 6.075, 0.0, 0.0, 0.0, 0.0, 0.0, 0.0, 0.03, 0.394, -0.394, 0.394, -0.394, 0.0, -0.984
21.712794303894043, 6.075, 0.0, 0.0, 0.0, 0.0, 0.0, 0.0, 0.03, 0.394, -0.394, 0.394, -0.394, 0.0, -0.982
21.776990175247192, 6.075, 0.0, 0.0, 0.0, 0.0, 0.0, 0.0, 0.03, 0.394, -0.394, 0.394, -0.394, 0.0, -0.982
21.82530903816223, 6.075, 0.0, 0.0, 0.0, 0.0, 0.0, 0.0, 0.03, 0.394, -0.394, 0.394, -0.394, 0.0, -0.98
21.873483180999756, 6.075, 0.0, 0.0, 0.0, 0.0, 0.0, 0.0, 0.03, 0.394, -0.394, 0.394, -0.394, 0.0, -0.979
21.921722173690796, 6.075, 0.0, 0.0, 0.0, 0.0, 0.0, 0.0, 0.03, 0.394, -0.394, 0.394, -0.394, 0.0, -0.977
21.969890117645264, 6.075, 0.0, 0.0, 0.0, 0.0, 0.0, 0.0, 0.03, 0.394, -0.394, 0.394, -0.394, 0.0, -0.977
22.034096240997314, 5.17, 0.0, 0.0, 0.0, 0.0, 0.0, 0.0, 0.03, 0.394, -0.394, 0.394, -0.394, 0.0, -0.69
22.082231044769287, 4.799, 0.0, 0.0, 0.0, 0.0, 0.0, 0.0, 0.03, 0.394, -0.394, 0.394, -0.394, 0.0, -0.573
22.13049817085266, 4.507, 0.0, 0.0, 0.0, 0.0, 0.0, 0.0, 0.03, 0.394, -0.394, 0.394, -0.394, 0.0, -0.487
22.178635120391846, 4.207, 0.0, 0.0, 0.0, 0.0, 0.0, 0.0, 0.03, 0.394, -0.394, 0.394, -0.394, 0.0, -0.401
22.226861238479614, 3.932, 0.0, 0.0, 0.0, 0.0, 0.0, 0.0, 0.03, 0.394, -0.394, 0.394, -0.394, 0.0, -0.328
22.29110813140869, 3.665, 0.0, 0.0, 0.0, 0.0, 0.0, 0.0, 0.03, 0.394, -0.394, 0.394, -0.394, 0.0, -0.257
22.33928418159485, 3.389, 0.0, 0.0, 0.0, 0.0, 0.0, 0.0, 0.03, 0.394, -0.394, 0.394, -0.394, 0.0, -0.187
22.387430906295776, 3.114, 0.0, 0.0, 0.0, 0.0, 0.0, 0.0, 0.03, 0.394, -0.394, 0.394, -0.394, 0.0, -0.122
22.43565011024475, 2.825, 0.0, 0.0, 0.0, 0.0, 0.0, 0.0, 0.03, 0.394, -0.394, 0.394, -0.394, 0.0, -0.057
22.483773946762085, 2.549, 0.0, 0.0, 0.0, 0.0, 0.0, 0.0, 0.03, 0.394, -0.394, 0.394, -0.394, 0.0, 0.001
22.53203320503235, 2.26, 0.0, 0.0, 0.0, 0.0, 0.0, 0.0, 0.03, 0.394, -0.394, 0.394, -0.394, 0.0, 0.065
22.580077171325684, 1.985, 0.0, 0.0, 0.0, 0.0, 0.0, 0.0, 0.03, 0.394, -0.394, 0.394, -0.394, 0.0, 0.133
22.64430522918701, 1.677, 0.0, 0.0, 0.0, 0.0, 0.0, 0.0, 0.03, 0.394, -0.394, 0.394, -0.394, 0.0, 0.212
22.69259214401245, 1.352, 0.0, 0.0, 0.0, 0.0, 0.0, 0.0, 0.03, 0.394, -0.394, 0.394, -0.394, 0.0, 0.298
22.74066996574402, 1.047, 0.0, 0.0, 0.0, 0.0, 0.0, 0.0, 0.03, 0.394, -0.394, 0.394, -0.394, 0.0, 0.38
22.78903603553772, 0.758, 0.0, 0.0, 0.0, 0.0, 0.0, 0.0, 0.03, 0.394, -0.394, 0.394, -0.394, 0.0, 0.469
22.853126287460327, 0.564, 0.0, 0.0, 0.0, 0.0, 0.0, 0.0, 0.03, 0.394, -0.394, 0.394, -0.394, 0.0, 0.533
22.901340007781982, 0.564, 0.0, 0.0, 0.0, 0.0, 0.0, 0.0, 0.03, 0.394, -0.394, 0.394, -0.394, 0.0, 0.533
22.94947624206543, 0.564, 0.0, 0.0, 0.0, 0.0, 0.0, 0.0, 0.03, 0.394, -0.394, 0.394, -0.394, 0.0, 0.533
22.997749090194702, 0.564, 0.0, 0.0, 0.0, 0.0, 0.0, 0.0, 0.03, 0.394, -0.394, 0.394, -0.394, 0.0, 0.533
23.045942068099976, 0.564, 0.0, 0.0, 0.0, 0.0, 0.0, 0.0, 0.03, 0.394, -0.394, 0.394, -0.394, 0.0, 0.533
23.094155073165894, 0.564, 0.0, 0.0, 0.0, 0.0, 0.0, 0.0, 0.03, 0.394, -0.394, 0.394, -0.394, 0.0, 0.533
23.158406257629395, 0.564, 0.0, 0.0, 0.0, 0.0, 0.0, 0.0, 0.03, 0.394, -0.394, 0.394, -0.394, 0.0, 0.533
23.206632137298584, 0.564, 0.0, 0.0, 0.0, 0.0, 0.0, 0.0, 0.03, 0.394, -0.394, 0.394, -0.394, 0.0, 0.531
23.25479817390442, 0.564, 0.0, 0.0, 0.0, 0.0, 0.0, 0.0, 0.03, 0.394, -0.394, 0.394, -0.394, 0.0, 0.531
23.303014993667603, 0.564, 0.0, 0.0, 0.0, 0.0, 0.0, 0.0, 0.03, 0.394, -0.394, 0.394, -0.394, 0.0, 0.531
23.35108995437622, 0.564, 0.0, 0.0, 0.0, 0.0, 0.0, 0.0, 0.03, 0.394, -0.394, 0.394, -0.394, 0.0, 0.531
23.399307012557983, 0.564, 0.0, 0.0, 0.0, 0.0, 0.0, 0.0, 0.03, 0.394, -0.394, 0.394, -0.394, 0.0, 0.531
23.463691234588623, 0.564, 0.0, 0.0, 0.0, 0.0, 0.0, 0.0, 0.03, 0.394, -0.394, 0.394, -0.394, 0.0, 0.531
23.511759281158447, 0.564, 0.0, 0.0, 0.0, 0.0, 0.0, 0.0, 0.03, 0.394, -0.394, 0.394, -0.394, 0.0, 0.531
23.56004309654236, 0.564, 0.0, 0.0, 0.0, 0.0, 0.0, 0.0, 0.03, 0.394, -0.394, 0.394, -0.394, 0.0, 0.531
23.608263969421387, 0.564, 0.0, 0.0, 0.0, 0.0, 0.0, 0.0, 0.03, 0.394, -0.394, 0.394, -0.394, 0.0, 0.531
23.656423091888428, 0.564, 0.0, 0.0, 0.0, 0.0, 0.0, 0.0, 0.03, 0.394, -0.394, 0.394, -0.394, 0.0, 0.531
23.720689058303833, 1.164, 0.0, 0.0, 0.0, 0.0, 0.0, 0.0, 0.03, 0.394, -0.394, 0.394, -0.394, 0.0, 0.33
23.768906116485596, 1.584, 0.0, 0.0, 0.0, 0.0, 0.0, 0.0, 0.03, 0.394, -0.394, 0.394, -0.394, 0.0, 0.192
23.817017078399658, 1.908, 0.0, 0.0, 0.0, 0.0, 0.0, 0.0, 0.03, 0.394, -0.394, 0.394, -0.394, 0.0, 0.084
23.865300178527832, 2.228, 0.0, 0.0, 0.0, 0.0, 0.0, 0.0, 0.03, 0.394, -0.394, 0.394, -0.394, 0.0, -0.011
23.913389205932617, 2.525, 0.0, 0.0, 0.0, 0.0, 0.0, 0.0, 0.03, 0.394, -0.394, 0.394, -0.394, 0.0, -0.095
23.977646112442017, 2.787, 0.0, 0.0, 0.0, 0.0, 0.0, 0.0, 0.03, 0.394, -0.394, 0.394, -0.394, 0.0, -0.171
24.025951147079468, 3.076, 0.0, 0.0, 0.0, 0.0, 0.0, 0.0, 0.03, 0.394, -0.394, 0.394, -0.394, 0.0, -0.258
24.074127197265625, 3.329, 0.0, 0.0, 0.0, 0.0, 0.0, 0.0, 0.03, 0.394, -0.394, 0.394, -0.394, 0.0, -0.331
24.122257947921753, 3.572, 0.0, 0.0, 0.0, 0.0, 0.0, 0.0, 0.03, 0.394, -0.394, 0.394, -0.394, 0.0, -0.393
24.17048192024231, 3.845, 0.0, 0.0, 0.0, 0.0, 0.0, 0.0, 0.03, 0.394, -0.394, 0.394, -0.394, 0.0, -0.463
24.218610048294067, 4.104, 0.0, 0.0, 0.0, 0.0, 0.0, 0.0, 0.03, 0.394, -0.394, 0.394, -0.394, 0.0, -0.519
24.28285026550293, 4.423, 0.0, 0.0, 0.0, 0.0, 0.0, 0.0, 0.03, 0.394, -0.394, 0.394, -0.394, 0.0, -0.585
24.331135034561157, 4.712, 0.0, 0.0, 0.0, 0.0, 0.0, 0.0, 0.03, 0.394, -0.394, 0.394, -0.394, 0.0, -0.634
24.379332304000854, 4.99, 0.0, 0.0, 0.0, 0.0, 0.0, 0.0, 0.03, 0.394, -0.394, 0.394, -0.394, 0.0, -0.688
24.427547931671143, 5.257, 0.0, 0.0, 0.0, 0.0, 0.0, 0.0, 0.03, 0.394, -0.394, 0.394, -0.394, 0.0, -0.747
24.475722074508667, 5.552, 0.0, 0.0, 0.0, 0.0, 0.0, 0.0, 0.03, 0.394, -0.394, 0.394, -0.394, 0.0, -0.822
24.539952278137207, 5.871, 0.0, 0.0, 0.0, 0.0, 0.0, 0.0, 0.03, 0.394, -0.394, 0.394, -0.394, 0.0, -0.903
24.5882351398468, 5.939, 0.0, 0.0, 0.0, 0.0, 0.0, 0.0, 0.03, 0.394, -0.394, 0.394, -0.394, 0.0, -0.925
24.636393070220947, 5.939, 0.0, 0.0, 0.0, 0.0, 0.0, 0.0, 0.03, 0.394, -0.394, 0.394, -0.394, 0.0, -0.923
24.68451714515686, 5.939, 0.0, 0.0, 0.0, 0.0, 0.0, 0.0, 0.03, 0.394, -0.394, 0.394, -0.394, 0.0, -0.923
24.732803106307983, 5.939, 0.0, 0.0, 0.0, 0.0, 0.0, 0.0, 0.03, 0.394, -0.394, 0.394, -0.394, 0.0, -0.923
24.797179222106934, 5.939, 0.0, 0.0, 0.0, 0.0, 0.0, 0.0, 0.03, 0.394, -0.394, 0.394, -0.394, 0.0, -0.923
24.84530735015869, 5.939, 0.0, 0.0, 0.0, 0.0, 0.0, 0.0, 0.03, 0.394, -0.394, 0.394, -0.394, 0.0, -0.923
24.893500089645386, 5.939, 0.0, 0.0, 0.0, 0.0, 0.0, 0.0, 0.03, 0.394, -0.394, 0.394, -0.394, 0.0, -0.922
24.941744327545166, 5.939, 0.0, 0.0, 0.0, 0.0, 0.0, 0.0, 0.03, 0.394, -0.394, 0.394, -0.394, 0.0, -0.922
24.989973068237305, 5.939, 0.0, 0.0, 0.0, 0.0, 0.0, 0.0, 0.03, 0.394, -0.394, 0.394, -0.394, 0.0, -0.922
25.038028240203857, 5.939, 0.0, 0.0, 0.0, 0.0, 0.0, 0.0, 0.03, 0.394, -0.394, 0.394, -0.394, 0.0, -0.922
25.102375030517578, 5.939, 0.0, 0.0, 0.0, 0.0, 0.0, 0.0, 0.03, 0.394, -0.394, 0.394, -0.394, 0.0, -0.922
25.15057110786438, 5.939, 0.0, 0.0, 0.0, 0.0, 0.0, 0.0, 0.03, 0.394, -0.394, 0.394, -0.394, 0.0, -0.922
25.1987361907959, 5.939, 0.0, 0.0, 0.0, 0.0, 0.0, 0.0, 0.03, 0.394, -0.394, 0.394, -0.394, 0.0, -0.922
25.246944189071655, 5.939, 0.0, 0.0, 0.0, 0.0, 0.0, 0.0, 0.03, 0.394, -0.394, 0.394, -0.394, 0.0, -0.92
25.295257091522217, 5.939, 0.0, 0.0, 0.0, 0.0, 0.0, 0.0, 0.03, 0.394, -0.394, 0.394, -0.394, 0.0, -0.92
25.35953116416931, 5.939, 0.0, 0.0, 0.0, 0.0, 0.0, 0.0, 0.03, 0.394, -0.394, 0.394, -0.394, 0.0, -0.92
25.407742977142334, 5.402, 0.0, 0.0, 0.0, 0.0, 0.0, 0.0, 0.03, 0.394, -0.394, 0.394, -0.394, 0.0, -0.752
25.45594310760498, 4.884, 0.0, 0.0, 0.0, 0.0, 0.0, 0.0, 0.03, 0.394, -0.394, 0.394, -0.394, 0.0, -0.598
25.50415325164795, 4.496, 0.0, 0.0, 0.0, 0.0, 0.0, 0.0, 0.03, 0.394, -0.394, 0.394, -0.394, 0.0, -0.482
25.55225133895874, 4.196, 0.0, 0.0, 0.0, 0.0, 0.0, 0.0, 0.03, 0.394, -0.394, 0.394, -0.394, 0.0, -0.398
25.61653423309326, 3.91, 0.0, 0.0, 0.0, 0.0, 0.0, 0.0, 0.03, 0.394, -0.394, 0.394, -0.394, 0.0, -0.322
25.664791107177734, 3.667, 0.0, 0.0, 0.0, 0.0, 0.0, 0.0, 0.03, 0.394, -0.394, 0.394, -0.394, 0.0, -0.26
25.712958097457886, 3.441, 0.0, 0.0, 0.0, 0.0, 0.0, 0.0, 0.03, 0.394, -0.394, 0.394, -0.394, 0.0, -0.204
25.76123809814453, 3.212, 0.0, 0.0, 0.0, 0.0, 0.0, 0.0, 0.03, 0.394, -0.394, 0.394, -0.394, 0.0, -0.147
25.809319972991943, 2.937, 0.0, 0.0, 0.0, 0.0, 0.0, 0.0, 0.03, 0.394, -0.394, 0.394, -0.394, 0.0, -0.08
25.873614072799683, 2.631, 0.0, 0.0, 0.0, 0.0, 0.0, 0.0, 0.03, 0.394, -0.394, 0.394, -0.394, 0.0, -0.011
25.92189908027649, 2.345, 0.0, 0.0, 0.0, 0.0, 0.0, 0.0, 0.03, 0.394, -0.394, 0.394, -0.394, 0.0, 0.049
25.970118284225464, 2.08, 0.0, 0.0, 0.0, 0.0, 0.0, 0.0, 0.03, 0.394, -0.394, 0.394, -0.394, 0.0, 0.114
26.01821494102478, 1.799, 0.0, 0.0, 0.0, 0.0, 0.0, 0.0, 0.03, 0.394, -0.394, 0.394, -0.394, 0.0, 0.176
26.06644916534424, 1.499, 0.0, 0.0, 0.0, 0.0, 0.0, 0.0, 0.03, 0.394, -0.394, 0.394, -0.394, 0.0, 0.255
26.114665031433105, 1.191, 0.0, 0.0, 0.0, 0.0, 0.0, 0.0, 0.03, 0.394, -0.394, 0.394, -0.394, 0.0, 0.342
26.178964138031006, 0.88, 0.0, 0.0, 0.0, 0.0, 0.0, 0.0, 0.03, 0.394, -0.394, 0.394, -0.394, 0.0, 0.431
26.227118253707886, 0.613, 0.0, 0.0, 0.0, 0.0, 0.0, 0.0, 0.03, 0.394, -0.394, 0.394, -0.394, 0.0, 0.517
26.27526617050171, 0.496, 0.0, 0.0, 0.0, 0.0, 0.0, 0.0, 0.03, 0.394, -0.394, 0.394, -0.394, 0.0, 0.555
26.32343816757202, 0.496, 0.0, 0.0, 0.0, 0.0, 0.0, 0.0, 0.03, 0.394, -0.394, 0.394, -0.394, 0.0, 0.555
26.387757062911987, 0.496, 0.0, 0.0, 0.0, 0.0, 0.0, 0.0, 0.03, 0.394, -0.394, 0.394, -0.394, 0.0, 0.555
26.43602728843689, 0.496, 0.0, 0.0, 0.0, 0.0, 0.0, 0.0, 0.03, 0.394, -0.394, 0.394, -0.394, 0.0, 0.555
26.4841730594635, 0.496, 0.0, 0.0, 0.0, 0.0, 0.0, 0.0, 0.03, 0.394, -0.394, 0.394, -0.394, 0.0, 0.555
26.53242015838623, 0.496, 0.0, 0.0, 0.0, 0.0, 0.0, 0.0, 0.03, 0.394, -0.394, 0.394, -0.394, 0.0, 0.555
26.58064317703247, 0.496, 0.0, 0.0, 0.0, 0.0, 0.0, 0.0, 0.03, 0.394, -0.394, 0.394, -0.394, 0.0, 0.555
26.628894090652466, 0.496, 0.0, 0.0, 0.0, 0.0, 0.0, 0.0, 0.03, 0.394, -0.394, 0.394, -0.394, 0.0, 0.555
26.6932213306427, 0.496, 0.0, 0.0, 0.0, 0.0, 0.0, 0.0, 0.03, 0.394, -0.394, 0.394, -0.394, 0.0, 0.555
26.74141216278076, 0.496, 0.0, 0.0, 0.0, 0.0, 0.0, 0.0, 0.03, 0.394, -0.394, 0.394, -0.394, 0.0, 0.555
26.789658308029175, 0.496, 0.0, 0.0, 0.0, 0.0, 0.0, 0.0, 0.03, 0.394, -0.394, 0.394, -0.394, 0.0, 0.553
26.837823152542114, 0.496, 0.0, 0.0, 0.0, 0.0, 0.0, 0.0, 0.03, 0.394, -0.394, 0.394, -0.394, 0.0, 0.553
26.885977268218994, 0.496, 0.0, 0.0, 0.0, 0.0, 0.0, 0.0, 0.03, 0.394, -0.394, 0.394, -0.394, 0.0, 0.553
26.93425416946411, 0.496, 0.0, 0.0, 0.0, 0.0, 0.0, 0.0, 0.03, 0.394, -0.394, 0.394, -0.394, 0.0, 0.553
26.998443126678467, 0.496, 0.0, 0.0, 0.0, 0.0, 0.0, 0.0, 0.03, 0.394, -0.394, 0.394, -0.394, 0.0, 0.553
27.046611070632935, 0.496, 0.0, 0.0, 0.0, 0.0, 0.0, 0.0, 0.03, 0.394, -0.394, 0.394, -0.394, 0.0, 0.553
27.094831228256226, 0.496, 0.0, 0.0, 0.0, 0.0, 0.0, 0.0, 0.03, 0.394, -0.394, 0.394, -0.394, 0.0, 0.553
27.14303708076477, 1.259, 0.0, 0.0, 0.0, 0.0, 0.0, 0.0, 0.03, 0.394, -0.394, 0.394, -0.394, 0.0, 0.298
27.207247257232666, 1.671, 0.0, 0.0, 0.0, 0.0, 0.0, 0.0, 0.03, 0.394, -0.394, 0.394, -0.394, 0.0, 0.161
27.255383253097534, 2.028, 0.0, 0.0, 0.0, 0.0, 0.0, 0.0, 0.03, 0.394, -0.394, 0.394, -0.394, 0.0, 0.046
27.30369210243225, 2.345, 0.0, 0.0, 0.0, 0.0, 0.0, 0.0, 0.03, 0.394, -0.394, 0.394, -0.394, 0.0, -0.044
27.351789236068726, 2.647, 0.0, 0.0, 0.0, 0.0, 0.0, 0.0, 0.03, 0.394, -0.394, 0.394, -0.394, 0.0, -0.13
27.40008521080017, 2.939, 0.0, 0.0, 0.0, 0.0, 0.0, 0.0, 0.03, 0.394, -0.394, 0.394, -0.394, 0.0, -0.217
27.448240280151367, 3.288, 0.0, 0.0, 0.0, 0.0, 0.0, 0.0, 0.03, 0.394, -0.394, 0.394, -0.394, 0.0, -0.32
27.512429237365723, 3.594, 0.0, 0.0, 0.0, 0.0, 0.0, 0.0, 0.03, 0.394, -0.394, 0.394, -0.394, 0.0, -0.401
27.560739278793335, 3.88, 0.0, 0.0, 0.0, 0.0, 0.0, 0.0, 0.03, 0.394, -0.394, 0.394, -0.394, 0.0, -0.471
27.60883116722107, 4.177, 0.0, 0.0, 0.0, 0.0, 0.0, 0.0, 0.03, 0.394, -0.394, 0.394, -0.394, 0.0, -0.538
27.657154083251953, 4.543, 0.0, 0.0, 0.0, 0.0, 0.0, 0.0, 0.03, 0.394, -0.394, 0.394, -0.394, 0.0, -0.603
27.70531725883484, 4.895, 0.0, 0.0, 0.0, 0.0, 0.0, 0.0, 0.03, 0.394, -0.394, 0.394, -0.394, 0.0, -0.668
27.76954221725464, 5.233, 0.0, 0.0, 0.0, 0.0, 0.0, 0.0, 0.03, 0.394, -0.394, 0.394, -0.394, 0.0, -0.739
27.8176851272583, 5.519, 0.0, 0.0, 0.0, 0.0, 0.0, 0.0, 0.03, 0.394, -0.394, 0.394, -0.394, 0.0, -0.809
27.866013050079346, 5.816, 0.0, 0.0, 0.0, 0.0, 0.0, 0.0, 0.03, 0.394, -0.394, 0.394, -0.394, 0.0, -0.888
27.91406798362732, 6.122, 0.0, 0.0, 0.0, 0.0, 0.0, 0.0, 0.03, 0.394, -0.394, 0.394, -0.394, 0.0, -0.971
27.962398052215576, 6.332, 0.0, 0.0, 0.0, 0.0, 0.0, 0.0, 0.03, 0.394, -0.394, 0.394, -0.394, 0.0, -1.031
28.026747941970825, 6.332, 0.0, 0.0, 0.0, 0.0, 0.0, 0.0, 0.03, 0.394, -0.394, 0.394, -0.394, 0.0, -1.031
28.07489013671875, 6.332, 0.0, 0.0, 0.0, 0.0, 0.0, 0.0, 0.03, 0.394, -0.394, 0.394, -0.394, 0.0, -1.03
28.123125076293945, 6.332, 0.0, 0.0, 0.0, 0.0, 0.0, 0.0, 0.03, 0.394, -0.394, 0.394, -0.394, 0.0, -1.03
28.171329021453857, 6.332, 0.0, 0.0, 0.0, 0.0, 0.0, 0.0, 0.03, 0.394, -0.394, 0.394, -0.394, 0.0, -1.03
28.21944808959961, 6.332, 0.0, 0.0, 0.0, 0.0, 0.0, 0.0, 0.03, 0.394, -0.394, 0.394, -0.394, 0.0, -1.03
28.267735242843628, 6.332, 0.0, 0.0, 0.0, 0.0, 0.0, 0.0, 0.03, 0.394, -0.394, 0.394, -0.394, 0.0, -1.03
28.3319890499115, 6.332, 0.0, 0.0, 0.0, 0.0, 0.0, 0.0, 0.03, 0.394, -0.394, 0.394, -0.394, 0.0, -1.028
28.38017725944519, 6.332, 0.0, 0.0, 0.0, 0.0, 0.0, 0.0, 0.03, 0.394, -0.394, 0.394, -0.394, 0.0, -1.028
28.42841124534607, 6.332, 0.0, 0.0, 0.0, 0.0, 0.0, 0.0, 0.03, 0.394, -0.394, 0.394, -0.394, 0.0, -1.028
28.47668218612671, 6.332, 0.0, 0.0, 0.0, 0.0, 0.0, 0.0, 0.03, 0.394, -0.394, 0.394, -0.394, 0.0, -1.028
28.524896144866943, 6.332, 0.0, 0.0, 0.0, 0.0, 0.0, 0.0, 0.03, 0.394, -0.394, 0.394, -0.394, 0.0, -1.028
28.573095083236694, 6.332, 0.0, 0.0, 0.0, 0.0, 0.0, 0.0, 0.03, 0.394, -0.394, 0.394, -0.394, 0.0, -1.028
28.637482166290283, 6.332, 0.0, 0.0, 0.0, 0.0, 0.0, 0.0, 0.03, 0.394, -0.394, 0.394, -0.394, 0.0, -1.028
28.685659170150757, 6.332, 0.0, 0.0, 0.0, 0.0, 0.0, 0.0, 0.03, 0.394, -0.394, 0.394, -0.394, 0.0, -1.028
28.734037160873413, 6.332, 0.0, 0.0, 0.0, 0.0, 0.0, 0.0, 0.03, 0.394, -0.394, 0.394, -0.394, 0.0, -1.028
28.78218913078308, 6.332, 0.0, 0.0, 0.0, 0.0, 0.0, 0.0, 0.03, 0.394, -0.394, 0.394, -0.394, 0.0, -1.028
28.846405267715454, 5.636, 0.0, 0.0, 0.0, 0.0, 0.0, 0.0, 0.03, 0.394, -0.394, 0.394, -0.394, 0.0, -0.831
28.894689083099365, 5.225, 0.0, 0.0, 0.0, 0.0, 0.0, 0.0, 0.03, 0.394, -0.394, 0.394, -0.394, 0.0, -0.701
28.94283127784729, 4.93, 0.0, 0.0, 0.0, 0.0, 0.0, 0.0, 0.03, 0.394, -0.394, 0.394, -0.394, 0.0, -0.614
28.991109132766724, 4.638, 0.0, 0.0, 0.0, 0.0, 0.0, 0.0, 0.03, 0.394, -0.394, 0.394, -0.394, 0.0, -0.525
29.039280891418457, 4.325, 0.0, 0.0, 0.0, 0.0, 0.0, 0.0, 0.03, 0.394, -0.394, 0.394, -0.394, 0.0, -0.436
29.087496042251587, 4.033, 0.0, 0.0, 0.0, 0.0, 0.0, 0.0, 0.03, 0.394, -0.394, 0.394, -0.394, 0.0, -0.357
29.13569736480713, 3.766, 0.0, 0.0, 0.0, 0.0, 0.0, 0.0, 0.03, 0.394, -0.394, 0.394, -0.394, 0.0, -0.285
29.200119256973267, 3.498, 0.0, 0.0, 0.0, 0.0, 0.0, 0.0, 0.03, 0.394, -0.394, 0.394, -0.394, 0.0, -0.217
29.248191118240356, 3.231, 0.0, 0.0, 0.0, 0.0, 0.0, 0.0, 0.03, 0.394, -0.394, 0.394, -0.394, 0.0, -0.152
29.296597003936768, 2.953, 0.0, 0.0, 0.0, 0.0, 0.0, 0.0, 0.03, 0.394, -0.394, 0.394, -0.394, 0.0, -0.085
29.344660997390747, 2.661, 0.0, 0.0, 0.0, 0.0, 0.0, 0.0, 0.03, 0.394, -0.394, 0.394, -0.394, 0.0, -0.02
29.392924070358276, 2.356, 0.0, 0.0, 0.0, 0.0, 0.0, 0.0, 0.03, 0.394, -0.394, 0.394, -0.394, 0.0, 0.042
29.45712113380432, 2.069, 0.0, 0.0, 0.0, 0.0, 0.0, 0.0, 0.03, 0.394, -0.394, 0.394, -0.394, 0.0, 0.109
29.5053288936615, 1.813, 0.0, 0.0, 0.0, 0.0, 0.0, 0.0, 0.03, 0.394, -0.394, 0.394, -0.394, 0.0, 0.173
29.553559064865112, 1.587, 0.0, 0.0, 0.0, 0.0, 0.0, 0.0, 0.03, 0.394, -0.394, 0.394, -0.394, 0.0, 0.23
29.60187602043152, 1.366, 0.0, 0.0, 0.0, 0.0, 0.0, 0.0, 0.03, 0.394, -0.394, 0.394, -0.394, 0.0, 0.29
29.6499981880188, 1.167, 0.0, 0.0, 0.0, 0.0, 0.0, 0.0, 0.03, 0.394, -0.394, 0.394, -0.394, 0.0, 0.336
29.714254140853882, 1.137, 0.0, 0.0, 0.0, 0.0, 0.0, 0.0, 0.03, 0.394, -0.394, 0.394, -0.394, 0.0, 0.349
29.76251220703125, 1.137, 0.0, 0.0, 0.0, 0.0, 0.0, 0.0, 0.03, 0.394, -0.394, 0.394, -0.394, 0.0, 0.349
29.81065821647644, 1.137, 0.0, 0.0, 0.0, 0.0, 0.0, 0.0, 0.03, 0.394, -0.394, 0.394, -0.394, 0.0, 0.349
29.858939170837402, 1.137, 0.0, 0.0, 0.0, 0.0, 0.0, 0.0, 0.03, 0.394, -0.394, 0.394, -0.394, 0.0, 0.349
29.90714120864868, 1.137, 0.0, 0.0, 0.0, 0.0, 0.0, 0.0, 0.03, 0.394, -0.394, 0.394, -0.394, 0.0, 0.349
29.955268144607544, 1.137, 0.0, 0.0, 0.0, 0.0, 0.0, 0.0, 0.03, 0.394, -0.394, 0.394, -0.394, 0.0, 0.349
30.019586086273193, 1.137, 0.0, 0.0, 0.0, 0.0, 0.0, 0.0, 0.03, 0.394, -0.394, 0.394, -0.394, 0.0, 0.349
30.067888259887695, 1.137, 0.0, 0.0, 0.0, 0.0, 0.0, 0.0, 0.03, 0.394, -0.394, 0.394, -0.394, 0.0, 0.349
30.116031169891357, 1.137, 0.0, 0.0, 0.0, 0.0, 0.0, 0.0, 0.03, 0.394, -0.394, 0.394, -0.394, 0.0, 0.349
30.164229154586792, 1.137, 0.0, 0.0, 0.0, 0.0, 0.0, 0.0, 0.03, 0.394, -0.394, 0.394, -0.394, 0.0, 0.349
30.212457180023193, 1.137, 0.0, 0.0, 0.0, 0.0, 0.0, 0.0, 0.03, 0.394, -0.394, 0.394, -0.394, 0.0, 0.349
30.27682900428772, 1.137, 0.0, 0.0, 0.0, 0.0, 0.0, 0.0, 0.03, 0.394, -0.394, 0.394, -0.394, 0.0, 0.349
30.325052976608276, 1.137, 0.0, 0.0, 0.0, 0.0, 0.0, 0.0, 0.03, 0.394, -0.394, 0.394, -0.394, 0.0, 0.349
30.37335205078125, 1.137, 0.0, 0.0, 0.0, 0.0, 0.0, 0.0, 0.03, 0.394, -0.394, 0.394, -0.394, 0.0, 0.349
30.421499252319336, 1.137, 0.0, 0.0, 0.0, 0.0, 0.0, 0.0, 0.03, 0.394, -0.394, 0.394, -0.394, 0.0, 0.347
30.46973419189453, 1.137, 0.0, 0.0, 0.0, 0.0, 0.0, 0.0, 0.03, 0.394, -0.394, 0.394, -0.394, 0.0, 0.347
30.534117221832275, 1.524, 0.0, 0.0, 0.0, 0.0, 0.0, 0.0, 0.03, 0.394, -0.394, 0.394, -0.394, 0.0, 0.222
30.582228183746338, 2.026, 0.0, 0.0, 0.0, 0.0, 0.0, 0.0, 0.03, 0.394, -0.394, 0.394, -0.394, 0.0, 0.063
30.63050413131714, 2.383, 0.0, 0.0, 0.0, 0.0, 0.0, 0.0, 0.03, 0.394, -0.394, 0.394, -0.394, 0.0, -0.042
30.678629159927368, 2.697, 0.0, 0.0, 0.0, 0.0, 0.0, 0.0, 0.03, 0.394, -0.394, 0.394, -0.394, 0.0, -0.133
30.726936101913452, 2.947, 0.0, 0.0, 0.0, 0.0, 0.0, 0.0, 0.03, 0.394, -0.394, 0.394, -0.394, 0.0, -0.209
30.775068044662476, 3.168, 0.0, 0.0, 0.0, 0.0, 0.0, 0.0, 0.03, 0.394, -0.394, 0.394, -0.394, 0.0, -0.276
30.839447259902954, 3.408, 0.0, 0.0, 0.0, 0.0, 0.0, 0.0, 0.03, 0.394, -0.394, 0.394, -0.394, 0.0, -0.344
30.887603998184204, 3.697, 0.0, 0.0, 0.0, 0.0, 0.0, 0.0, 0.03, 0.394, -0.394, 0.394, -0.394, 0.0, -0.42
30.935861110687256, 3.984, 0.0, 0.0, 0.0, 0.0, 0.0, 0.0, 0.03, 0.394, -0.394, 0.394, -0.394, 0.0, -0.488
30.9840030670166, 4.216, 0.0, 0.0, 0.0, 0.0, 0.0, 0.0, 0.03, 0.394, -0.394, 0.394, -0.394, 0.0, -0.538
31.032198190689087, 4.469, 0.0, 0.0, 0.0, 0.0, 0.0, 0.0, 0.03, 0.394, -0.394, 0.394, -0.394, 0.0, -0.587
31.080417156219482, 4.72, 0.0, 0.0, 0.0, 0.0, 0.0, 0.0, 0.03, 0.394, -0.394, 0.394, -0.394, 0.0, -0.634
31.144659996032715, 4.982, 0.0, 0.0, 0.0, 0.0, 0.0, 0.0, 0.03, 0.394, -0.394, 0.394, -0.394, 0.0, -0.687
31.19288206100464, 5.225, 0.0, 0.0, 0.0, 0.0, 0.0, 0.0, 0.03, 0.394, -0.394, 0.394, -0.394, 0.0, -0.741
31.241194009780884, 5.489, 0.0, 0.0, 0.0, 0.0, 0.0, 0.0, 0.03, 0.394, -0.394, 0.394, -0.394, 0.0, -0.811
31.289286136627197, 5.784, 0.0, 0.0, 0.0, 0.0, 0.0, 0.0, 0.03, 0.394, -0.394, 0.394, -0.394, 0.0, -0.887
31.337484121322632, 6.065, 0.0, 0.0, 0.0, 0.0, 0.0, 0.0, 0.03, 0.394, -0.394, 0.394, -0.394, 0.0, -0.968
31.401817083358765, 6.171, 0.0, 0.0, 0.0, 0.0, 0.0, 0.0, 0.03, 0.394, -0.394, 0.394, -0.394, 0.0, -0.998
31.44998812675476, 6.171, 0.0, 0.0, 0.0, 0.0, 0.0, 0.0, 0.03, 0.394, -0.394, 0.394, -0.394, 0.0, -0.998
31.498223304748535, 6.171, 0.0, 0.0, 0.0, 0.0, 0.0, 0.0, 0.03, 0.394, -0.394, 0.394, -0.394, 0.0, -0.998
31.546333074569702, 6.171, 0.0, 0.0, 0.0, 0.0, 0.0, 0.0, 0.03, 0.394, -0.394, 0.394, -0.394, 0.0, -0.998
31.594599962234497, 6.171, 0.0, 0.0, 0.0, 0.0, 0.0, 0.0, 0.03, 0.394, -0.394, 0.394, -0.394, 0.0, -0.998
31.658811330795288, 6.171, 0.0, 0.0, 0.0, 0.0, 0.0, 0.0, 0.03, 0.394, -0.394, 0.394, -0.394, 0.0, -0.998
31.707115173339844, 6.171, 0.0, 0.0, 0.0, 0.0, 0.0, 0.0, 0.03, 0.394, -0.394, 0.394, -0.394, 0.0, -0.996
31.755295991897583, 6.171, 0.0, 0.0, 0.0, 0.0, 0.0, 0.0, 0.03, 0.394, -0.394, 0.394, -0.394, 0.0, -0.996
31.803595066070557, 6.171, 0.0, 0.0, 0.0, 0.0, 0.0, 0.0, 0.03, 0.394, -0.394, 0.394, -0.394, 0.0, -0.996
31.85180902481079, 6.171, 0.0, 0.0, 0.0, 0.0, 0.0, 0.0, 0.03, 0.394, -0.394, 0.394, -0.394, 0.0, -0.996
31.900057077407837, 6.171, 0.0, 0.0, 0.0, 0.0, 0.0, 0.0, 0.03, 0.394, -0.394, 0.394, -0.394, 0.0, -0.996
31.96429705619812, 6.171, 0.0, 0.0, 0.0, 0.0, 0.0, 0.0, 0.03, 0.394, -0.394, 0.394, -0.394, 0.0, -0.996
32.012505292892456, 6.171, 0.0, 0.0, 0.0, 0.0, 0.0, 0.0, 0.03, 0.394, -0.394, 0.394, -0.394, 0.0, -0.996
32.06073307991028, 6.171, 0.0, 0.0, 0.0, 0.0, 0.0, 0.0, 0.03, 0.394, -0.394, 0.394, -0.394, 0.0, -0.995
32.10889410972595, 6.171, 0.0, 0.0, 0.0, 0.0, 0.0, 0.0, 0.03, 0.394, -0.394, 0.394, -0.394, 0.0, -0.995
32.15712118148804, 6.171, 0.0, 0.0, 0.0, 0.0, 0.0, 0.0, 0.03, 0.394, -0.394, 0.394, -0.394, 0.0, -0.995
32.22142314910889, 6.171, 0.0, 0.0, 0.0, 0.0, 0.0, 0.0, 0.03, 0.394, -0.394, 0.394, -0.394, 0.0, -0.995
32.26959705352783, 5.268, 0.0, 0.0, 0.0, 0.0, 0.0, 0.0, 0.03, 0.394, -0.394, 0.394, -0.394, 0.0, -0.712
32.31776809692383, 4.895, 0.0, 0.0, 0.0, 0.0, 0.0, 0.0, 0.03, 0.394, -0.394, 0.394, -0.394, 0.0, -0.592
32.36607313156128, 4.567, 0.0, 0.0, 0.0, 0.0, 0.0, 0.0, 0.03, 0.394, -0.394, 0.394, -0.394, 0.0, -0.493
32.41412901878357, 4.265, 0.0, 0.0, 0.0, 0.0, 0.0, 0.0, 0.03, 0.394, -0.394, 0.394, -0.394, 0.0, -0.409
32.47842526435852, 3.929, 0.0, 0.0, 0.0, 0.0, 0.0, 0.0, 0.03, 0.394, -0.394, 0.394, -0.394, 0.0, -0.319
32.52668595314026, 3.575, 0.0, 0.0, 0.0, 0.0, 0.0, 0.0, 0.03, 0.394, -0.394, 0.394, -0.394, 0.0, -0.228
32.574838161468506, 3.258, 0.0, 0.0, 0.0, 0.0, 0.0, 0.0, 0.03, 0.394, -0.394, 0.394, -0.394, 0.0, -0.152
32.62296199798584, 2.98, 0.0, 0.0, 0.0, 0.0, 0.0, 0.0, 0.03, 0.394, -0.394, 0.394, -0.394, 0.0, -0.087
32.6712760925293, 2.737, 0.0, 0.0, 0.0, 0.0, 0.0, 0.0, 0.03, 0.394, -0.394, 0.394, -0.394, 0.0, -0.033
32.73543310165405, 2.506, 0.0, 0.0, 0.0, 0.0, 0.0, 0.0, 0.03, 0.394, -0.394, 0.394, -0.394, 0.0, 0.014
32.7836332321167, 2.255, 0.0, 0.0, 0.0, 0.0, 0.0, 0.0, 0.03, 0.394, -0.394, 0.394, -0.394, 0.0, 0.069
32.83187913894653, 1.993, 0.0, 0.0, 0.0, 0.0, 0.0, 0.0, 0.03, 0.394, -0.394, 0.394, -0.394, 0.0, 0.136
32.88010025024414, 1.764, 0.0, 0.0, 0.0, 0.0, 0.0, 0.0, 0.03, 0.394, -0.394, 0.394, -0.394, 0.0, 0.184
32.928404092788696, 1.513, 0.0, 0.0, 0.0, 0.0, 0.0, 0.0, 0.03, 0.394, -0.394, 0.394, -0.394, 0.0, 0.25
32.97654914855957, 1.257, 0.0, 0.0, 0.0, 0.0, 0.0, 0.0, 0.03, 0.394, -0.394, 0.394, -0.394, 0.0, 0.322
33.04076027870178, 0.976, 0.0, 0.0, 0.0, 0.0, 0.0, 0.0, 0.03, 0.394, -0.394, 0.394, -0.394, 0.0, 0.407
33.08895707130432, 0.749, 0.0, 0.0, 0.0, 0.0, 0.0, 0.0, 0.03, 0.394, -0.394, 0.394, -0.394, 0.0, 0.476
33.13723921775818, 0.749, 0.0, 0.0, 0.0, 0.0, 0.0, 0.0, 0.03, 0.394, -0.394, 0.394, -0.394, 0.0, 0.476
33.18538498878479, 0.749, 0.0, 0.0, 0.0, 0.0, 0.0, 0.0, 0.03, 0.394, -0.394, 0.394, -0.394, 0.0, 0.476
33.23365926742554, 0.749, 0.0, 0.0, 0.0, 0.0, 0.0, 0.0, 0.03, 0.394, -0.394, 0.394, -0.394, 0.0, 0.476
33.29798102378845, 0.749, 0.0, 0.0, 0.0, 0.0, 0.0, 0.0, 0.03, 0.394, -0.394, 0.394, -0.394, 0.0, 0.476
33.34606432914734, 0.749, 0.0, 0.0, 0.0, 0.0, 0.0, 0.0, 0.03, 0.394, -0.394, 0.394, -0.394, 0.0, 0.476
33.39439606666565, 0.749, 0.0, 0.0, 0.0, 0.0, 0.0, 0.0, 0.03, 0.394, -0.394, 0.394, -0.394, 0.0, 0.476
33.4426052570343, 0.749, 0.0, 0.0, 0.0, 0.0, 0.0, 0.0, 0.03, 0.394, -0.394, 0.394, -0.394, 0.0, 0.474
33.49078011512756, 0.749, 0.0, 0.0, 0.0, 0.0, 0.0, 0.0, 0.03, 0.394, -0.394, 0.394, -0.394, 0.0, 0.474
33.555103063583374, 0.749, 0.0, 0.0, 0.0, 0.0, 0.0, 0.0, 0.03, 0.394, -0.394, 0.394, -0.394, 0.0, 0.474
33.603254079818726, 0.749, 0.0, 0.0, 0.0, 0.0, 0.0, 0.0, 0.03, 0.394, -0.394, 0.394, -0.394, 0.0, 0.474
33.65148115158081, 0.749, 0.0, 0.0, 0.0, 0.0, 0.0, 0.0, 0.03, 0.394, -0.394, 0.394, -0.394, 0.0, 0.474
33.699830055236816, 0.749, 0.0, 0.0, 0.0, 0.0, 0.0, 0.0, 0.03, 0.394, -0.394, 0.394, -0.394, 0.0, 0.474
33.747945070266724, 0.749, 0.0, 0.0, 0.0, 0.0, 0.0, 0.0, 0.03, 0.394, -0.394, 0.394, -0.394, 0.0, 0.474
33.81216216087341, 0.749, 0.0, 0.0, 0.0, 0.0, 0.0, 0.0, 0.03, 0.394, -0.394, 0.394, -0.394, 0.0, 0.474
33.86056303977966, 0.749, 0.0, 0.0, 0.0, 0.0, 0.0, 0.0, 0.03, 0.394, -0.394, 0.394, -0.394, 0.0, 0.474
33.908719301223755, 0.749, 0.0, 0.0, 0.0, 0.0, 0.0, 0.0, 0.03, 0.394, -0.394, 0.394, -0.394, 0.0, 0.474
33.95690608024597, 1.328, 0.0, 0.0, 0.0, 0.0, 0.0, 0.0, 0.03, 0.394, -0.394, 0.394, -0.394, 0.0, 0.28
34.0050950050354, 1.731, 0.0, 0.0, 0.0, 0.0, 0.0, 0.0, 0.03, 0.394, -0.394, 0.394, -0.394, 0.0, 0.147
34.06938815116882, 2.039, 0.0, 0.0, 0.0, 0.0, 0.0, 0.0, 0.03, 0.394, -0.394, 0.394, -0.394, 0.0, 0.047
34.11757016181946, 2.345, 0.0, 0.0, 0.0, 0.0, 0.0, 0.0, 0.03, 0.394, -0.394, 0.394, -0.394, 0.0, -0.041
34.16575002670288, 2.623, 0.0, 0.0, 0.0, 0.0, 0.0, 0.0, 0.03, 0.394, -0.394, 0.394, -0.394, 0.0, -0.12
34.213972091674805, 2.923, 0.0, 0.0, 0.0, 0.0, 0.0, 0.0, 0.03, 0.394, -0.394, 0.394, -0.394, 0.0, -0.211
34.2622389793396, 3.239, 0.0, 0.0, 0.0, 0.0, 0.0, 0.0, 0.03, 0.394, -0.394, 0.394, -0.394, 0.0, -0.306
34.310445070266724, 3.553, 0.0, 0.0, 0.0, 0.0, 0.0, 0.0, 0.03, 0.394, -0.394, 0.394, -0.394, 0.0, -0.39
34.37471795082092, 3.883, 0.0, 0.0, 0.0, 0.0, 0.0, 0.0, 0.03, 0.394, -0.394, 0.394, -0.394, 0.0, -0.473
34.422829151153564, 4.161, 0.0, 0.0, 0.0, 0.0, 0.0, 0.0, 0.03, 0.394, -0.394, 0.394, -0.394, 0.0, -0.533
34.47108316421509, 4.423, 0.0, 0.0, 0.0, 0.0, 0.0, 0.0, 0.03, 0.394, -0.394, 0.394, -0.394, 0.0, -0.582
34.519198179244995, 4.696, 0.0, 0.0, 0.0, 0.0, 0.0, 0.0, 0.03, 0.394, -0.394, 0.394, -0.394, 0.0, -0.631
34.56746029853821, 4.955, 0.0, 0.0, 0.0, 0.0, 0.0, 0.0, 0.03, 0.394, -0.394, 0.394, -0.394, 0.0, -0.68
34.63176608085632, 5.233, 0.0, 0.0, 0.0, 0.0, 0.0, 0.0, 0.03, 0.394, -0.394, 0.394, -0.394, 0.0, -0.744
34.67993927001953, 5.497, 0.0, 0.0, 0.0, 0.0, 0.0, 0.0, 0.03, 0.394, -0.394, 0.394, -0.394, 0.0, -0.815
34.72820711135864, 5.762, 0.0, 0.0, 0.0, 0.0, 0.0, 0.0, 0.03, 0.394, -0.394, 0.394, -0.394, 0.0, -0.89
34.7763090133667, 6.018, 0.0, 0.0, 0.0, 0.0, 0.0, 0.0, 0.03, 0.394, -0.394, 0.394, -0.394, 0.0, -0.957
34.824485301971436, 6.051, 0.0, 0.0, 0.0, 0.0, 0.0, 0.0, 0.03, 0.394, -0.394, 0.394, -0.394, 0.0, -0.968
34.88875126838684, 6.051, 0.0, 0.0, 0.0, 0.0, 0.0, 0.0, 0.03, 0.394, -0.394, 0.394, -0.394, 0.0, -0.968
34.93705701828003, 6.051, 0.0, 0.0, 0.0, 0.0, 0.0, 0.0, 0.03, 0.394, -0.394, 0.394, -0.394, 0.0, -0.968
34.98519825935364, 6.051, 0.0, 0.0, 0.0, 0.0, 0.0, 0.0, 0.03, 0.394, -0.394, 0.394, -0.394, 0.0, -0.966
35.03340697288513, 6.051, 0.0, 0.0, 0.0, 0.0, 0.0, 0.0, 0.03, 0.394, -0.394, 0.394, -0.394, 0.0, -0.966
35.08159017562866, 6.051, 0.0, 0.0, 0.0, 0.0, 0.0, 0.0, 0.03, 0.394, -0.394, 0.394, -0.394, 0.0, -0.966
35.12992215156555, 6.051, 0.0, 0.0, 0.0, 0.0, 0.0, 0.0, 0.03, 0.394, -0.394, 0.394, -0.394, 0.0, -0.966
35.194157123565674, 6.051, 0.0, 0.0, 0.0, 0.0, 0.0, 0.0, 0.03, 0.394, -0.394, 0.394, -0.394, 0.0, -0.965
35.2423951625824, 6.051, 0.0, 0.0, 0.0, 0.0, 0.0, 0.0, 0.03, 0.394, -0.394, 0.394, -0.394, 0.0, -0.965
35.290576219558716, 6.051, 0.0, 0.0, 0.0, 0.0, 0.0, 0.0, 0.03, 0.394, -0.394, 0.394, -0.394, 0.0, -0.965
35.33882927894592, 6.051, 0.0, 0.0, 0.0, 0.0, 0.0, 0.0, 0.03, 0.394, -0.394, 0.394, -0.394, 0.0, -0.965
35.38716697692871, 6.051, 0.0, 0.0, 0.0, 0.0, 0.0, 0.0, 0.03, 0.394, -0.394, 0.394, -0.394, 0.0, -0.963
35.43527102470398, 6.051, 0.0, 0.0, 0.0, 0.0, 0.0, 0.0, 0.03, 0.394, -0.394, 0.394, -0.394, 0.0, -0.963
35.49959206581116, 6.051, 0.0, 0.0, 0.0, 0.0, 0.0, 0.0, 0.03, 0.394, -0.394, 0.394, -0.394, 0.0, -0.963
35.54767417907715, 6.051, 0.0, 0.0, 0.0, 0.0, 0.0, 0.0, 0.03, 0.394, -0.394, 0.394, -0.394, 0.0, -0.961
35.596055030822754, 6.051, 0.0, 0.0, 0.0, 0.0, 0.0, 0.0, 0.03, 0.394, -0.394, 0.394, -0.394, 0.0, -0.961
35.644103050231934, 5.519, 0.0, 0.0, 0.0, 0.0, 0.0, 0.0, 0.03, 0.394, -0.394, 0.394, -0.394, 0.0, -0.79
35.70851016044617, 4.979, 0.0, 0.0, 0.0, 0.0, 0.0, 0.0, 0.03, 0.394, -0.394, 0.394, -0.394, 0.0, -0.625
35.75655913352966, 4.655, 0.0, 0.0, 0.0, 0.0, 0.0, 0.0, 0.03, 0.394, -0.394, 0.394, -0.394, 0.0, -0.525
35.804784297943115, 4.404, 0.0, 0.0, 0.0, 0.0, 0.0, 0.0, 0.03, 0.394, -0.394, 0.394, -0.394, 0.0, -0.455
35.852946043014526, 4.169, 0.0, 0.0, 0.0, 0.0, 0.0, 0.0, 0.03, 0.394, -0.394, 0.394, -0.394, 0.0, -0.388
35.90123128890991, 3.943, 0.0, 0.0, 0.0, 0.0, 0.0, 0.0, 0.03, 0.394, -0.394, 0.394, -0.394, 0.0, -0.328
35.94935417175293, 3.73, 0.0, 0.0, 0.0, 0.0, 0.0, 0.0, 0.03, 0.394, -0.394, 0.394, -0.394, 0.0, -0.273
36.01360106468201, 3.504, 0.0, 0.0, 0.0, 0.0, 0.0, 0.0, 0.03, 0.394, -0.394, 0.394, -0.394, 0.0, -0.214
36.061896085739136, 3.223, 0.0, 0.0, 0.0, 0.0, 0.0, 0.0, 0.03, 0.394, -0.394, 0.394, -0.394, 0.0, -0.144
36.110164165496826, 2.945, 0.0, 0.0, 0.0, 0.0, 0.0, 0.0, 0.03, 0.394, -0.394, 0.394, -0.394, 0.0, -0.079
36.15827822685242, 2.686, 0.0, 0.0, 0.0, 0.0, 0.0, 0.0, 0.03, 0.394, -0.394, 0.394, -0.394, 0.0, -0.023
36.20648121833801, 2.383, 0.0, 0.0, 0.0, 0.0, 0.0, 0.0, 0.03, 0.394, -0.394, 0.394, -0.394, 0.0, 0.042
36.270809173583984, 2.108, 0.0, 0.0, 0.0, 0.0, 0.0, 0.0, 0.03, 0.394, -0.394, 0.394, -0.394, 0.0, 0.1
36.318944215774536, 1.813, 0.0, 0.0, 0.0, 0.0, 0.0, 0.0, 0.03, 0.394, -0.394, 0.394, -0.394, 0.0, 0.176
36.36723613739014, 1.562, 0.0, 0.0, 0.0, 0.0, 0.0, 0.0, 0.03, 0.394, -0.394, 0.394, -0.394, 0.0, 0.239
36.415316104888916, 1.319, 0.0, 0.0, 0.0, 0.0, 0.0, 0.0, 0.03, 0.394, -0.394, 0.394, -0.394, 0.0, 0.306
36.46361708641052, 1.06, 0.0, 0.0, 0.0, 0.0, 0.0, 0.0, 0.03, 0.394, -0.394, 0.394, -0.394, 0.0, 0.384
36.52786207199097, 0.919, 0.0, 0.0, 0.0, 0.0, 0.0, 0.0, 0.03, 0.394, -0.394, 0.394, -0.394, 0.0, 0.423
36.57606911659241, 0.919, 0.0, 0.0, 0.0, 0.0, 0.0, 0.0, 0.03, 0.394, -0.394, 0.394, -0.394, 0.0, 0.423
36.62415528297424, 0.919, 0.0, 0.0, 0.0, 0.0, 0.0, 0.0, 0.03, 0.394, -0.394, 0.394, -0.394, 0.0, 0.423
36.67236828804016, 0.919, 0.0, 0.0, 0.0, 0.0, 0.0, 0.0, 0.03, 0.394, -0.394, 0.394, -0.394, 0.0, 0.423
36.72058415412903, 0.919, 0.0, 0.0, 0.0, 0.0, 0.0, 0.0, 0.03, 0.394, -0.394, 0.394, -0.394, 0.0, 0.423
36.76886820793152, 0.919, 0.0, 0.0, 0.0, 0.0, 0.0, 0.0, 0.03, 0.394, -0.394, 0.394, -0.394, 0.0, 0.423
36.833150148391724, 0.919, 0.0, 0.0, 0.0, 0.0, 0.0, 0.0, 0.03, 0.394, -0.394, 0.394, -0.394, 0.0, 0.423
36.881349325180054, 0.919, 0.0, 0.0, 0.0, 0.0, 0.0, 0.0, 0.03, 0.394, -0.394, 0.394, -0.394, 0.0, 0.423
36.92957901954651, 0.919, 0.0, 0.0, 0.0, 0.0, 0.0, 0.0, 0.03, 0.394, -0.394, 0.394, -0.394, 0.0, 0.423
36.977790117263794, 0.919, 0.0, 0.0, 0.0, 0.0, 0.0, 0.0, 0.03, 0.394, -0.394, 0.394, -0.394, 0.0, 0.423
37.025867223739624, 0.919, 0.0, 0.0, 0.0, 0.0, 0.0, 0.0, 0.03, 0.394, -0.394, 0.394, -0.394, 0.0, 0.422
37.09008526802063, 0.919, 0.0, 0.0, 0.0, 0.0, 0.0, 0.0, 0.03, 0.394, -0.394, 0.394, -0.394, 0.0, 0.422
37.13840413093567, 0.919, 0.0, 0.0, 0.0, 0.0, 0.0, 0.0, 0.03, 0.394, -0.394, 0.394, -0.394, 0.0, 0.42
37.186509132385254, 0.919, 0.0, 0.0, 0.0, 0.0, 0.0, 0.0, 0.03, 0.394, -0.394, 0.394, -0.394, 0.0, 0.42
37.234811305999756, 0.919, 0.0, 0.0, 0.0, 0.0, 0.0, 0.0, 0.03, 0.394, -0.394, 0.394, -0.394, 0.0, 0.42
37.283042192459106, 0.919, 0.0, 0.0, 0.0, 0.0, 0.0, 0.0, 0.03, 0.394, -0.394, 0.394, -0.394, 0.0, 0.42
37.34715127944946, 0.919, 0.0, 0.0, 0.0, 0.0, 0.0, 0.0, 0.03, 0.394, -0.394, 0.394, -0.394, 0.0, 0.419
37.395376205444336, 1.66, 0.0, 0.0, 0.0, 0.0, 0.0, 0.0, 0.03, 0.394, -0.394, 0.394, -0.394, 0.0, 0.173
37.443623065948486, 2.042, 0.0, 0.0, 0.0, 0.0, 0.0, 0.0, 0.03, 0.394, -0.394, 0.394, -0.394, 0.0, 0.047
37.49240827560425, 2.348, 0.0, 0.0, 0.0, 0.0, 0.0, 0.0, 0.03, 0.394, -0.394, 0.394, -0.394, 0.0, -0.042
37.54001522064209, 2.642, 0.0, 0.0, 0.0, 0.0, 0.0, 0.0, 0.03, 0.394, -0.394, 0.394, -0.394, 0.0, -0.13
37.58806610107422, 2.917, 0.0, 0.0, 0.0, 0.0, 0.0, 0.0, 0.03, 0.394, -0.394, 0.394, -0.394, 0.0, -0.214
37.652382135391235, 3.182, 0.0, 0.0, 0.0, 0.0, 0.0, 0.0, 0.03, 0.394, -0.394, 0.394, -0.394, 0.0, -0.295
37.700544118881226, 3.444, 0.0, 0.0, 0.0, 0.0, 0.0, 0.0, 0.03, 0.394, -0.394, 0.394, -0.394, 0.0, -0.368
37.74867820739746, 3.714, 0.0, 0.0, 0.0, 0.0, 0.0, 0.0, 0.03, 0.394, -0.394, 0.394, -0.394, 0.0, -0.438
37.796969175338745, 4.046, 0.0, 0.0, 0.0, 0.0, 0.0, 0.0, 0.03, 0.394, -0.394, 0.394, -0.394, 0.0, -0.517
37.84502720832825, 4.308, 0.0, 0.0, 0.0, 0.0, 0.0, 0.0, 0.03, 0.394, -0.394, 0.394, -0.394, 0.0, -0.568
37.893240213394165, 4.551, 0.0, 0.0, 0.0, 0.0, 0.0, 0.0, 0.03, 0.394, -0.394, 0.394, -0.394, 0.0, -0.611
37.95743703842163, 4.816, 0.0, 0.0, 0.0, 0.0, 0.0, 0.0, 0.03, 0.394, -0.394, 0.394, -0.394, 0.0, -0.665
38.00566816329956, 5.083, 0.0, 0.0, 0.0, 0.0, 0.0, 0.0, 0.03, 0.394, -0.394, 0.394, -0.394, 0.0, -0.72
38.05386924743652, 5.334, 0.0, 0.0, 0.0, 0.0, 0.0, 0.0, 0.03, 0.394, -0.394, 0.394, -0.394, 0.0, -0.78
38.10207223892212, 5.604, 0.0, 0.0, 0.0, 0.0, 0.0, 0.0, 0.03, 0.394, -0.394, 0.394, -0.394, 0.0, -0.858
38.15023899078369, 5.904, 0.0, 0.0, 0.0, 0.0, 0.0, 0.0, 0.03, 0.394, -0.394, 0.394, -0.394, 0.0, -0.938
38.214378118515015, 6.149, 0.0, 0.0, 0.0, 0.0, 0.0, 0.0, 0.03, 0.394, -0.394, 0.394, -0.394, 0.0, -1.009
38.26262927055359, 6.149, 0.0, 0.0, 0.0, 0.0, 0.0, 0.0, 0.03, 0.394, -0.394, 0.394, -0.394, 0.0, -1.009
38.31086611747742, 6.149, 0.0, 0.0, 0.0, 0.0, 0.0, 0.0, 0.03, 0.394, -0.394, 0.394, -0.394, 0.0, -1.009
38.35896825790405, 6.149, 0.0, 0.0, 0.0, 0.0, 0.0, 0.0, 0.03, 0.394, -0.394, 0.394, -0.394, 0.0, -1.009
38.407220125198364, 6.149, 0.0, 0.0, 0.0, 0.0, 0.0, 0.0, 0.03, 0.394, -0.394, 0.394, -0.394, 0.0, -1.009
38.47148013114929, 6.149, 0.0, 0.0, 0.0, 0.0, 0.0, 0.0, 0.03, 0.394, -0.394, 0.394, -0.394, 0.0, -1.009
38.51963925361633, 6.149, 0.0, 0.0, 0.0, 0.0, 0.0, 0.0, 0.03, 0.394, -0.394, 0.394, -0.394, 0.0, -1.009
38.56782126426697, 6.149, 0.0, 0.0, 0.0, 0.0, 0.0, 0.0, 0.03, 0.394, -0.394, 0.394, -0.394, 0.0, -1.009
38.615971088409424, 6.149, 0.0, 0.0, 0.0, 0.0, 0.0, 0.0, 0.03, 0.394, -0.394, 0.394, -0.394, 0.0, -1.009
38.66424202919006, 6.149, 0.0, 0.0, 0.0, 0.0, 0.0, 0.0, 0.03, 0.394, -0.394, 0.394, -0.394, 0.0, -1.009
38.712449073791504, 6.149, 0.0, 0.0, 0.0, 0.0, 0.0, 0.0, 0.03, 0.394, -0.394, 0.394, -0.394, 0.0, -1.007
38.77666521072388, 6.149, 0.0, 0.0, 0.0, 0.0, 0.0, 0.0, 0.03, 0.394, -0.394, 0.394, -0.394, 0.0, -1.007
38.82475233078003, 6.149, 0.0, 0.0, 0.0, 0.0, 0.0, 0.0, 0.03, 0.394, -0.394, 0.394, -0.394, 0.0, -1.007
38.87310814857483, 6.149, 0.0, 0.0, 0.0, 0.0, 0.0, 0.0, 0.03, 0.394, -0.394, 0.394, -0.394, 0.0, -1.006
38.92112636566162, 6.149, 0.0, 0.0, 0.0, 0.0, 0.0, 0.0, 0.03, 0.394, -0.394, 0.394, -0.394, 0.0, -1.006
38.96944212913513, 6.149, 0.0, 0.0, 0.0, 0.0, 0.0, 0.0, 0.03, 0.394, -0.394, 0.394, -0.394, 0.0, -1.004
39.03398823738098, 6.149, 0.0, 0.0, 0.0, 0.0, 0.0, 0.0, 0.03, 0.394, -0.394, 0.394, -0.394, 0.0, -1.001
39.081807136535645, 5.413, 0.0, 0.0, 0.0, 0.0, 0.0, 0.0, 0.03, 0.394, -0.394, 0.394, -0.394, 0.0, -0.768
39.1300323009491, 4.949, 0.0, 0.0, 0.0, 0.0, 0.0, 0.0, 0.03, 0.394, -0.394, 0.394, -0.394, 0.0, -0.619
39.178208112716675, 4.578, 0.0, 0.0, 0.0, 0.0, 0.0, 0.0, 0.03, 0.394, -0.394, 0.394, -0.394, 0.0, -0.504
39.22626805305481, 4.256, 0.0, 0.0, 0.0, 0.0, 0.0, 0.0, 0.03, 0.394, -0.394, 0.394, -0.394, 0.0, -0.411
39.29049515724182, 3.981, 0.0, 0.0, 0.0, 0.0, 0.0, 0.0, 0.03, 0.394, -0.394, 0.394, -0.394, 0.0, -0.334
39.33878707885742, 3.708, 0.0, 0.0, 0.0, 0.0, 0.0, 0.0, 0.03, 0.394, -0.394, 0.394, -0.394, 0.0, -0.261
39.386906147003174, 3.403, 0.0, 0.0, 0.0, 0.0, 0.0, 0.0, 0.03, 0.394, -0.394, 0.394, -0.394, 0.0, -0.184
39.43515706062317, 3.092, 0.0, 0.0, 0.0, 0.0, 0.0, 0.0, 0.03, 0.394, -0.394, 0.394, -0.394, 0.0, -0.111
39.483317136764526, 2.778, 0.0, 0.0, 0.0, 0.0, 0.0, 0.0, 0.03, 0.394, -0.394, 0.394, -0.394, 0.0, -0.039
39.547451972961426, 2.473, 0.0, 0.0, 0.0, 0.0, 0.0, 0.0, 0.03, 0.394, -0.394, 0.394, -0.394, 0.0, 0.023
39.595710039138794, 2.214, 0.0, 0.0, 0.0, 0.0, 0.0, 0.0, 0.03, 0.394, -0.394, 0.394, -0.394, 0.0, 0.074
39.643864154815674, 1.917, 0.0, 0.0, 0.0, 0.0, 0.0, 0.0, 0.03, 0.394, -0.394, 0.394, -0.394, 0.0, 0.15
39.69200801849365, 1.619, 0.0, 0.0, 0.0, 0.0, 0.0, 0.0, 0.03, 0.394, -0.394, 0.394, -0.394, 0.0, 0.226
39.740172147750854, 1.308, 0.0, 0.0, 0.0, 0.0, 0.0, 0.0, 0.03, 0.394, -0.394, 0.394, -0.394, 0.0, 0.312
39.78836417198181, 1.047, 0.0, 0.0, 0.0, 0.0, 0.0, 0.0, 0.03, 0.394, -0.394, 0.394, -0.394, 0.0, 0.38
39.85255408287048, 0.779, 0.0, 0.0, 0.0, 0.0, 0.0, 0.0, 0.03, 0.394, -0.394, 0.394, -0.394, 0.0, 0.465
39.90087914466858, 0.474, 0.0, 0.0, 0.0, 0.0, 0.0, 0.0, 0.03, 0.394, -0.394, 0.394, -0.394, 0.0, 0.565
39.94900321960449, 0.439, 0.0, 0.0, 0.0, 0.0, 0.0, 0.0, 0.03, 0.394, -0.394, 0.394, -0.394, 0.0, 0.577
39.99722218513489, 0.439, 0.0, 0.0, 0.0, 0.0, 0.0, 0.0, 0.03, 0.394, -0.394, 0.394, -0.394, 0.0, 0.577
40.04541802406311, 0.439, 0.0, 0.0, 0.0, 0.0, 0.0, 0.0, 0.03, 0.394, -0.394, 0.394, -0.394, 0.0, 0.577
40.10967707633972, 0.439, 0.0, 0.0, 0.0, 0.0, 0.0, 0.0, 0.03, 0.394, -0.394, 0.394, -0.394, 0.0, 0.577
40.15777111053467, 0.439, 0.0, 0.0, 0.0, 0.0, 0.0, 0.0, 0.03, 0.394, -0.394, 0.394, -0.394, 0.0, 0.577
40.206074237823486, 0.439, 0.0, 0.0, 0.0, 0.0, 0.0, 0.0, 0.03, 0.394, -0.394, 0.394, -0.394, 0.0, 0.577
40.25413918495178, 0.439, 0.0, 0.0, 0.0, 0.0, 0.0, 0.0, 0.03, 0.394, -0.394, 0.394, -0.394, 0.0, 0.577
40.302412033081055, 0.439, 0.0, 0.0, 0.0, 0.0, 0.0, 0.0, 0.03, 0.394, -0.394, 0.394, -0.394, 0.0, 0.576
40.350610971450806, 0.439, 0.0, 0.0, 0.0, 0.0, 0.0, 0.0, 0.03, 0.394, -0.394, 0.394, -0.394, 0.0, 0.576
40.41485333442688, 0.439, 0.0, 0.0, 0.0, 0.0, 0.0, 0.0, 0.03, 0.394, -0.394, 0.394, -0.394, 0.0, 0.576
40.463058948516846, 0.439, 0.0, 0.0, 0.0, 0.0, 0.0, 0.0, 0.03, 0.394, -0.394, 0.394, -0.394, 0.0, 0.576
40.51121711730957, 0.439, 0.0, 0.0, 0.0, 0.0, 0.0, 0.0, 0.03, 0.394, -0.394, 0.394, -0.394, 0.0, 0.576
40.559303998947144, 0.439, 0.0, 0.0, 0.0, 0.0, 0.0, 0.0, 0.03, 0.394, -0.394, 0.394, -0.394, 0.0, 0.576
40.60757613182068, 0.439, 0.0, 0.0, 0.0, 0.0, 0.0, 0.0, 0.03, 0.394, -0.394, 0.394, -0.394, 0.0, 0.576
40.671874046325684, 0.439, 0.0, 0.0, 0.0, 0.0, 0.0, 0.0, 0.03, 0.394, -0.394, 0.394, -0.394, 0.0, 0.576
40.72005915641785, 0.439, 0.0, 0.0, 0.0, 0.0, 0.0, 0.0, 0.03, 0.394, -0.394, 0.394, -0.394, 0.0, 0.574
40.7682740688324, 0.829, 0.0, 0.0, 0.0, 0.0, 0.0, 0.0, 0.03, 0.394, -0.394, 0.394, -0.394, 0.0, 0.439
40.816405057907104, 1.371, 0.0, 0.0, 0.0, 0.0, 0.0, 0.0, 0.03, 0.394, -0.394, 0.394, -0.394, 0.0, 0.257
40.86457014083862, 1.758, 0.0, 0.0, 0.0, 0.0, 0.0, 0.0, 0.03, 0.394, -0.394, 0.394, -0.394, 0.0, 0.128
40.92882323265076, 2.075, 0.0, 0.0, 0.0, 0.0, 0.0, 0.0, 0.03, 0.394, -0.394, 0.394, -0.394, 0.0, 0.026
40.976994037628174, 2.378, 0.0, 0.0, 0.0, 0.0, 0.0, 0.0, 0.03, 0.394, -0.394, 0.394, -0.394, 0.0, -0.06
41.02511429786682, 2.639, 0.0, 0.0, 0.0, 0.0, 0.0, 0.0, 0.03, 0.394, -0.394, 0.394, -0.394, 0.0, -0.134
41.073339223861694, 2.901, 0.0, 0.0, 0.0, 0.0, 0.0, 0.0, 0.03, 0.394, -0.394, 0.394, -0.394, 0.0, -0.212
41.121464252471924, 3.193, 0.0, 0.0, 0.0, 0.0, 0.0, 0.0, 0.03, 0.394, -0.394, 0.394, -0.394, 0.0, -0.301
41.16967725753784, 3.449, 0.0, 0.0, 0.0, 0.0, 0.0, 0.0, 0.03, 0.394, -0.394, 0.394, -0.394, 0.0, -0.369
41.23399090766907, 3.741, 0.0, 0.0, 0.0, 0.0, 0.0, 0.0, 0.03, 0.394, -0.394, 0.394, -0.394, 0.0, -0.446
41.2821090221405, 4.052, 0.0, 0.0, 0.0, 0.0, 0.0, 0.0, 0.03, 0.394, -0.394, 0.394, -0.394, 0.0, -0.519
41.33028221130371, 4.322, 0.0, 0.0, 0.0, 0.0, 0.0, 0.0, 0.03, 0.394, -0.394, 0.394, -0.394, 0.0, -0.569
41.37844514846802, 4.625, 0.0, 0.0, 0.0, 0.0, 0.0, 0.0, 0.03, 0.394, -0.394, 0.394, -0.394, 0.0, -0.623
41.426578998565674, 4.916, 0.0, 0.0, 0.0, 0.0, 0.0, 0.0, 0.03, 0.394, -0.394, 0.394, -0.394, 0.0, -0.679
41.49073910713196, 5.235, 0.0, 0.0, 0.0, 0.0, 0.0, 0.0, 0.03, 0.394, -0.394, 0.394, -0.394, 0.0, -0.75
41.53895616531372, 5.546, 0.0, 0.0, 0.0, 0.0, 0.0, 0.0, 0.03, 0.394, -0.394, 0.394, -0.394, 0.0, -0.834
41.58718013763428, 5.841, 0.0, 0.0, 0.0, 0.0, 0.0, 0.0, 0.03, 0.394, -0.394, 0.394, -0.394, 0.0, -0.917
41.63531708717346, 5.983, 0.0, 0.0, 0.0, 0.0, 0.0, 0.0, 0.03, 0.394, -0.394, 0.394, -0.394, 0.0, -0.96
41.68337416648865, 5.983, 0.0, 0.0, 0.0, 0.0, 0.0, 0.0, 0.03, 0.394, -0.394, 0.394, -0.394, 0.0, -0.96
41.747674226760864, 5.983, 0.0, 0.0, 0.0, 0.0, 0.0, 0.0, 0.03, 0.394, -0.394, 0.394, -0.394, 0.0, -0.96
41.795857191085815, 5.983, 0.0, 0.0, 0.0, 0.0, 0.0, 0.0, 0.03, 0.394, -0.394, 0.394, -0.394, 0.0, -0.958
41.844075202941895, 5.983, 0.0, 0.0, 0.0, 0.0, 0.0, 0.0, 0.03, 0.394, -0.394, 0.394, -0.394, 0.0, -0.958
41.89211320877075, 5.983, 0.0, 0.0, 0.0, 0.0, 0.0, 0.0, 0.03, 0.394, -0.394, 0.394, -0.394, 0.0, -0.958
41.94039297103882, 5.983, 0.0, 0.0, 0.0, 0.0, 0.0, 0.0, 0.03, 0.394, -0.394, 0.394, -0.394, 0.0, -0.958
42.00461435317993, 5.983, 0.0, 0.0, 0.0, 0.0, 0.0, 0.0, 0.03, 0.394, -0.394, 0.394, -0.394, 0.0, -0.958
42.05279612541199, 5.983, 0.0, 0.0, 0.0, 0.0, 0.0, 0.0, 0.03, 0.394, -0.394, 0.394, -0.394, 0.0, -0.958
42.101006269454956, 5.983, 0.0, 0.0, 0.0, 0.0, 0.0, 0.0, 0.03, 0.394, -0.394, 0.394, -0.394, 0.0, -0.958
42.14908814430237, 5.983, 0.0, 0.0, 0.0, 0.0, 0.0, 0.0, 0.03, 0.394, -0.394, 0.394, -0.394, 0.0, -0.958
42.197370290756226, 5.983, 0.0, 0.0, 0.0, 0.0, 0.0, 0.0, 0.03, 0.394, -0.394, 0.394, -0.394, 0.0, -0.958
42.24544620513916, 5.983, 0.0, 0.0, 0.0, 0.0, 0.0, 0.0, 0.03, 0.394, -0.394, 0.394, -0.394, 0.0, -0.958
42.309818267822266, 5.983, 0.0, 0.0, 0.0, 0.0, 0.0, 0.0, 0.03, 0.394, -0.394, 0.394, -0.394, 0.0, -0.958
42.35787010192871, 5.983, 0.0, 0.0, 0.0, 0.0, 0.0, 0.0, 0.03, 0.394, -0.394, 0.394, -0.394, 0.0, -0.958
42.40613317489624, 5.983, 0.0, 0.0, 0.0, 0.0, 0.0, 0.0, 0.03, 0.394, -0.394, 0.394, -0.394, 0.0, -0.958
42.454243183135986, 5.983, 0.0, 0.0, 0.0, 0.0, 0.0, 0.0, 0.03, 0.394, -0.394, 0.394, -0.394, 0.0, -0.958
42.50243520736694, 5.064, 0.0, 0.0, 0.0, 0.0, 0.0, 0.0, 0.03, 0.394, -0.394, 0.394, -0.394, 0.0, -0.674
42.566710233688354, 4.685, 0.0, 0.0, 0.0, 0.0, 0.0, 0.0, 0.03, 0.394, -0.394, 0.394, -0.394, 0.0, -0.563
42.61477708816528, 4.398, 0.0, 0.0, 0.0, 0.0, 0.0, 0.0, 0.03, 0.394, -0.394, 0.394, -0.394, 0.0, -0.48
42.66309213638306, 4.156, 0.0, 0.0, 0.0, 0.0, 0.0, 0.0, 0.03, 0.394, -0.394, 0.394, -0.394, 0.0, -0.411
42.711195945739746, 3.918, 0.0, 0.0, 0.0, 0.0, 0.0, 0.0, 0.03, 0.394, -0.394, 0.394, -0.394, 0.0, -0.346
42.759276151657104, 3.665, 0.0, 0.0, 0.0, 0.0, 0.0, 0.0, 0.03, 0.394, -0.394, 0.394, -0.394, 0.0, -0.277
42.82351517677307, 3.397, 0.0, 0.0, 0.0, 0.0, 0.0, 0.0, 0.03, 0.394, -0.394, 0.394, -0.394, 0.0, -0.207
42.871752977371216, 3.168, 0.0, 0.0, 0.0, 0.0, 0.0, 0.0, 0.03, 0.394, -0.394, 0.394, -0.394, 0.0, -0.153
42.91990399360657, 2.934, 0.0, 0.0, 0.0, 0.0, 0.0, 0.0, 0.03, 0.394, -0.394, 0.394, -0.394, 0.0, -0.098
42.968116998672485, 2.705, 0.0, 0.0, 0.0, 0.0, 0.0, 0.0, 0.03, 0.394, -0.394, 0.394, -0.394, 0.0, -0.047
43.016130208969116, 2.435, 0.0, 0.0, 0.0, 0.0, 0.0, 0.0, 0.03, 0.394, -0.394, 0.394, -0.394, 0.0, 0.012
43.08047318458557, 2.168, 0.0, 0.0, 0.0, 0.0, 0.0, 0.0, 0.03, 0.394, -0.394, 0.394, -0.394, 0.0, 0.069
43.12866425514221, 1.903, 0.0, 0.0, 0.0, 0.0, 0.0, 0.0, 0.03, 0.394, -0.394, 0.394, -0.394, 0.0, 0.136
43.17681002616882, 1.649, 0.0, 0.0, 0.0, 0.0, 0.0, 0.0, 0.03, 0.394, -0.394, 0.394, -0.394, 0.0, 0.201
43.22494125366211, 1.379, 0.0, 0.0, 0.0, 0.0, 0.0, 0.0, 0.03, 0.394, -0.394, 0.394, -0.394, 0.0, 0.276
43.27315425872803, 1.139, 0.0, 0.0, 0.0, 0.0, 0.0, 0.0, 0.03, 0.394, -0.394, 0.394, -0.394, 0.0, 0.344
43.33741903305054, 0.943, 0.0, 0.0, 0.0, 0.0, 0.0, 0.0, 0.03, 0.394, -0.394, 0.394, -0.394, 0.0, 0.407
43.385552167892456, 0.943, 0.0, 0.0, 0.0, 0.0, 0.0, 0.0, 0.03, 0.394, -0.394, 0.394, -0.394, 0.0, 0.407
43.43375325202942, 0.943, 0.0, 0.0, 0.0, 0.0, 0.0, 0.0, 0.03, 0.394, -0.394, 0.394, -0.394, 0.0, 0.407
43.48188018798828, 0.943, 0.0, 0.0, 0.0, 0.0, 0.0, 0.0, 0.03, 0.394, -0.394, 0.394, -0.394, 0.0, 0.407
43.53004813194275, 0.943, 0.0, 0.0, 0.0, 0.0, 0.0, 0.0, 0.03, 0.394, -0.394, 0.394, -0.394, 0.0, 0.407
43.57833814620972, 0.943, 0.0, 0.0, 0.0, 0.0, 0.0, 0.0, 0.03, 0.394, -0.394, 0.394, -0.394, 0.0, 0.407
43.64248704910278, 0.943, 0.0, 0.0, 0.0, 0.0, 0.0, 0.0, 0.03, 0.394, -0.394, 0.394, -0.394, 0.0, 0.407
43.69076609611511, 0.943, 0.0, 0.0, 0.0, 0.0, 0.0, 0.0, 0.03, 0.394, -0.394, 0.394, -0.394, 0.0, 0.406
43.738898038864136, 0.943, 0.0, 0.0, 0.0, 0.0, 0.0, 0.0, 0.03, 0.394, -0.394, 0.394, -0.394, 0.0, 0.406
43.78712296485901, 0.943, 0.0, 0.0, 0.0, 0.0, 0.0, 0.0, 0.03, 0.394, -0.394, 0.394, -0.394, 0.0, 0.406
43.83533215522766, 0.943, 0.0, 0.0, 0.0, 0.0, 0.0, 0.0, 0.03, 0.394, -0.394, 0.394, -0.394, 0.0, 0.406
43.88339829444885, 0.943, 0.0, 0.0, 0.0, 0.0, 0.0, 0.0, 0.03, 0.394, -0.394, 0.394, -0.394, 0.0, 0.406
43.947726249694824, 0.943, 0.0, 0.0, 0.0, 0.0, 0.0, 0.0, 0.03, 0.394, -0.394, 0.394, -0.394, 0.0, 0.406
43.99589204788208, 0.943, 0.0, 0.0, 0.0, 0.0, 0.0, 0.0, 0.03, 0.394, -0.394, 0.394, -0.394, 0.0, 0.406
44.04399514198303, 0.943, 0.0, 0.0, 0.0, 0.0, 0.0, 0.0, 0.03, 0.394, -0.394, 0.394, -0.394, 0.0, 0.406
44.09224605560303, 0.943, 0.0, 0.0, 0.0, 0.0, 0.0, 0.0, 0.03, 0.394, -0.394, 0.394, -0.394, 0.0, 0.406
44.140419244766235, 0.943, 0.0, 0.0, 0.0, 0.0, 0.0, 0.0, 0.03, 0.394, -0.394, 0.394, -0.394, 0.0, 0.406
44.20466613769531, 1.505, 0.0, 0.0, 0.0, 0.0, 0.0, 0.0, 0.03, 0.394, -0.394, 0.394, -0.394, 0.0, 0.223
44.25275921821594, 1.936, 0.0, 0.0, 0.0, 0.0, 0.0, 0.0, 0.03, 0.394, -0.394, 0.394, -0.394, 0.0, 0.08
44.30105805397034, 2.268, 0.0, 0.0, 0.0, 0.0, 0.0, 0.0, 0.03, 0.394, -0.394, 0.394, -0.394, 0.0, -0.02
44.34912896156311, 2.582, 0.0, 0.0, 0.0, 0.0, 0.0, 0.0, 0.03, 0.394, -0.394, 0.394, -0.394, 0.0, -0.111
44.397361040115356, 2.849, 0.0, 0.0, 0.0, 0.0, 0.0, 0.0, 0.03, 0.394, -0.394, 0.394, -0.394, 0.0, -0.19
44.46159911155701, 3.114, 0.0, 0.0, 0.0, 0.0, 0.0, 0.0, 0.03, 0.394, -0.394, 0.394, -0.394, 0.0, -0.271
44.50976014137268, 3.389, 0.0, 0.0, 0.0, 0.0, 0.0, 0.0, 0.03, 0.394, -0.394, 0.394, -0.394, 0.0, -0.349
44.55789113044739, 3.67, 0.0, 0.0, 0.0, 0.0, 0.0, 0.0, 0.03, 0.394, -0.394, 0.394, -0.394, 0.0, -0.422
44.60618019104004, 3.926, 0.0, 0.0, 0.0, 0.0, 0.0, 0.0, 0.03, 0.394, -0.394, 0.394, -0.394, 0.0, -0.485
44.65430927276611, 4.186, 0.0, 0.0, 0.0, 0.0, 0.0, 0.0, 0.03, 0.394, -0.394, 0.394, -0.394, 0.0, -0.541
44.70247721672058, 4.486, 0.0, 0.0, 0.0, 0.0, 0.0, 0.0, 0.03, 0.394, -0.394, 0.394, -0.394, 0.0, -0.6
44.766648054122925, 4.764, 0.0, 0.0, 0.0, 0.0, 0.0, 0.0, 0.03, 0.394, -0.394, 0.394, -0.394, 0.0, -0.65
44.81485414505005, 5.001, 0.0, 0.0, 0.0, 0.0, 0.0, 0.0, 0.03, 0.394, -0.394, 0.394, -0.394, 0.0, -0.698
44.86301016807556, 5.208, 0.0, 0.0, 0.0, 0.0, 0.0, 0.0, 0.03, 0.394, -0.394, 0.394, -0.394, 0.0, -0.746
44.91123414039612, 5.451, 0.0, 0.0, 0.0, 0.0, 0.0, 0.0, 0.03, 0.394, -0.394, 0.394, -0.394, 0.0, -0.811
44.95932698249817, 5.71, 0.0, 0.0, 0.0, 0.0, 0.0, 0.0, 0.03, 0.394, -0.394, 0.394, -0.394, 0.0, -0.885
45.0236291885376, 5.923, 0.0, 0.0, 0.0, 0.0, 0.0, 0.0, 0.03, 0.394, -0.394, 0.394, -0.394, 0.0, -0.946
45.07188415527344, 5.95, 0.0, 0.0, 0.0, 0.0, 0.0, 0.0, 0.03, 0.394, -0.394, 0.394, -0.394, 0.0, -0.955
45.119986057281494, 5.95, 0.0, 0.0, 0.0, 0.0, 0.0, 0.0, 0.03, 0.394, -0.394, 0.394, -0.394, 0.0, -0.955
45.1682391166687, 5.95, 0.0, 0.0, 0.0, 0.0, 0.0, 0.0, 0.03, 0.394, -0.394, 0.394, -0.394, 0.0, -0.955
45.23232698440552, 5.95, 0.0, 0.0, 0.0, 0.0, 0.0, 0.0, 0.03, 0.394, -0.394, 0.394, -0.394, 0.0, -0.955
45.2804970741272, 5.95, 0.0, 0.0, 0.0, 0.0, 0.0, 0.0, 0.03, 0.394, -0.394, 0.394, -0.394, 0.0, -0.954
45.32870626449585, 5.95, 0.0, 0.0, 0.0, 0.0, 0.0, 0.0, 0.03, 0.394, -0.394, 0.394, -0.394, 0.0, -0.954
45.37693214416504, 5.95, 0.0, 0.0, 0.0, 0.0, 0.0, 0.0, 0.03, 0.394, -0.394, 0.394, -0.394, 0.0, -0.954
45.42510008811951, 5.95, 0.0, 0.0, 0.0, 0.0, 0.0, 0.0, 0.03, 0.394, -0.394, 0.394, -0.394, 0.0, -0.954
45.47335624694824, 5.95, 0.0, 0.0, 0.0, 0.0, 0.0, 0.0, 0.03, 0.394, -0.394, 0.394, -0.394, 0.0, -0.954
45.521520137786865, 5.95, 0.0, 0.0, 0.0, 0.0, 0.0, 0.0, 0.03, 0.394, -0.394, 0.394, -0.394, 0.0, -0.954
45.585795164108276, 5.95, 0.0, 0.0, 0.0, 0.0, 0.0, 0.0, 0.03, 0.394, -0.394, 0.394, -0.394, 0.0, -0.954
45.633997201919556, 5.95, 0.0, 0.0, 0.0, 0.0, 0.0, 0.0, 0.03, 0.394, -0.394, 0.394, -0.394, 0.0, -0.954
45.6820752620697, 5.95, 0.0, 0.0, 0.0, 0.0, 0.0, 0.0, 0.03, 0.394, -0.394, 0.394, -0.394, 0.0, -0.954
45.7303991317749, 5.95, 0.0, 0.0, 0.0, 0.0, 0.0, 0.0, 0.03, 0.394, -0.394, 0.394, -0.394, 0.0, -0.954
45.77851700782776, 5.95, 0.0, 0.0, 0.0, 0.0, 0.0, 0.0, 0.03, 0.394, -0.394, 0.394, -0.394, 0.0, -0.952
45.842747926712036, 5.95, 0.0, 0.0, 0.0, 0.0, 0.0, 0.0, 0.03, 0.394, -0.394, 0.394, -0.394, 0.0, -0.952
45.89099597930908, 5.437, 0.0, 0.0, 0.0, 0.0, 0.0, 0.0, 0.03, 0.394, -0.394, 0.394, -0.394, 0.0, -0.785
45.93920016288757, 4.933, 0.0, 0.0, 0.0, 0.0, 0.0, 0.0, 0.03, 0.394, -0.394, 0.394, -0.394, 0.0, -0.633
45.987306118011475, 4.578, 0.0, 0.0, 0.0, 0.0, 0.0, 0.0, 0.03, 0.394, -0.394, 0.394, -0.394, 0.0, -0.528
46.05145025253296, 4.3, 0.0, 0.0, 0.0, 0.0, 0.0, 0.0, 0.03, 0.394, -0.394, 0.394, -0.394, 0.0, -0.449
46.09965705871582, 4.027, 0.0, 0.0, 0.0, 0.0, 0.0, 0.0, 0.03, 0.394, -0.394, 0.394, -0.394, 0.0, -0.373
46.1478271484375, 3.776, 0.0, 0.0, 0.0, 0.0, 0.0, 0.0, 0.03, 0.394, -0.394, 0.394, -0.394, 0.0, -0.304
46.19599914550781, 3.526, 0.0, 0.0, 0.0, 0.0, 0.0, 0.0, 0.03, 0.394, -0.394, 0.394, -0.394, 0.0, -0.239
46.24428701400757, 3.25, 0.0, 0.0, 0.0, 0.0, 0.0, 0.0, 0.03, 0.394, -0.394, 0.394, -0.394, 0.0, -0.169
46.29242920875549, 2.975, 0.0, 0.0, 0.0, 0.0, 0.0, 0.0, 0.03, 0.394, -0.394, 0.394, -0.394, 0.0, -0.106
46.35662531852722, 2.699, 0.0, 0.0, 0.0, 0.0, 0.0, 0.0, 0.03, 0.394, -0.394, 0.394, -0.394, 0.0, -0.044
46.40471816062927, 2.44, 0.0, 0.0, 0.0, 0.0, 0.0, 0.0, 0.03, 0.394, -0.394, 0.394, -0.394, 0.0, 0.011
46.45306706428528, 2.173, 0.0, 0.0, 0.0, 0.0, 0.0, 0.0, 0.03, 0.394, -0.394, 0.394, -0.394, 0.0, 0.069
46.50119709968567, 1.851, 0.0, 0.0, 0.0, 0.0, 0.0, 0.0, 0.03, 0.394, -0.394, 0.394, -0.394, 0.0, 0.152
46.54928517341614, 1.513, 0.0, 0.0, 0.0, 0.0, 0.0, 0.0, 0.03, 0.394, -0.394, 0.394, -0.394, 0.0, 0.242
46.597466230392456, 1.229, 0.0, 0.0, 0.0, 0.0, 0.0, 0.0, 0.03, 0.394, -0.394, 0.394, -0.394, 0.0, 0.322
46.66171216964722, 0.951, 0.0, 0.0, 0.0, 0.0, 0.0, 0.0, 0.03, 0.394, -0.394, 0.394, -0.394, 0.0, 0.406
46.70989227294922, 0.681, 0.0, 0.0, 0.0, 0.0, 0.0, 0.0, 0.03, 0.394, -0.394, 0.394, -0.394, 0.0, 0.493
46.75806713104248, 0.542, 0.0, 0.0, 0.0, 0.0, 0.0, 0.0, 0.03, 0.394, -0.394, 0.394, -0.394, 0.0, 0.539
46.80633020401001, 0.542, 0.0, 0.0, 0.0, 0.0, 0.0, 0.0, 0.03, 0.394, -0.394, 0.394, -0.394, 0.0, 0.539
46.87054800987244, 0.542, 0.0, 0.0, 0.0, 0.0, 0.0, 0.0, 0.03, 0.394, -0.394, 0.394, -0.394, 0.0, 0.539
46.91865015029907, 0.542, 0.0, 0.0, 0.0, 0.0, 0.0, 0.0, 0.03, 0.394, -0.394, 0.394, -0.394, 0.0, 0.539
46.966864347457886, 0.542, 0.0, 0.0, 0.0, 0.0, 0.0, 0.0, 0.03, 0.394, -0.394, 0.394, -0.394, 0.0, 0.538
47.01509094238281, 0.542, 0.0, 0.0, 0.0, 0.0, 0.0, 0.0, 0.03, 0.394, -0.394, 0.394, -0.394, 0.0, 0.538
47.063210010528564, 0.542, 0.0, 0.0, 0.0, 0.0, 0.0, 0.0, 0.03, 0.394, -0.394, 0.394, -0.394, 0.0, 0.538
47.1114182472229, 0.542, 0.0, 0.0, 0.0, 0.0, 0.0, 0.0, 0.03, 0.394, -0.394, 0.394, -0.394, 0.0, 0.538
47.17569422721863, 0.542, 0.0, 0.0, 0.0, 0.0, 0.0, 0.0, 0.03, 0.394, -0.394, 0.394, -0.394, 0.0, 0.536
47.22382426261902, 0.542, 0.0, 0.0, 0.0, 0.0, 0.0, 0.0, 0.03, 0.394, -0.394, 0.394, -0.394, 0.0, 0.536
47.272067070007324, 0.542, 0.0, 0.0, 0.0, 0.0, 0.0, 0.0, 0.03, 0.394, -0.394, 0.394, -0.394, 0.0, 0.536
47.32024812698364, 0.542, 0.0, 0.0, 0.0, 0.0, 0.0, 0.0, 0.03, 0.394, -0.394, 0.394, -0.394, 0.0, 0.536
47.368486166000366, 0.542, 0.0, 0.0, 0.0, 0.0, 0.0, 0.0, 0.03, 0.394, -0.394, 0.394, -0.394, 0.0, 0.536
47.416534185409546, 0.542, 0.0, 0.0, 0.0, 0.0, 0.0, 0.0, 0.03, 0.394, -0.394, 0.394, -0.394, 0.0, 0.536
47.48088097572327, 0.542, 0.0, 0.0, 0.0, 0.0, 0.0, 0.0, 0.03, 0.394, -0.394, 0.394, -0.394, 0.0, 0.536
47.528998136520386, 0.542, 0.0, 0.0, 0.0, 0.0, 0.0, 0.0, 0.03, 0.394, -0.394, 0.394, -0.394, 0.0, 0.536
47.577301025390625, 0.542, 0.0, 0.0, 0.0, 0.0, 0.0, 0.0, 0.03, 0.394, -0.394, 0.394, -0.394, 0.0, 0.536
47.62543320655823, 0.542, 0.0, 0.0, 0.0, 0.0, 0.0, 0.0, 0.03, 0.394, -0.394, 0.394, -0.394, 0.0, 0.536
47.6896390914917, 0.542, 0.0, 0.0, 0.0, 0.0, 0.0, 0.0, 0.03, 0.394, -0.394, 0.394, -0.394, 0.0, 0.536
47.737874031066895, 0.542, 0.0, 0.0, 0.0, 0.0, 0.0, 0.0, 0.03, 0.394, -0.394, 0.394, -0.394, 0.0, 0.536
47.78609013557434, 0.542, 0.0, 0.0, 0.0, 0.0, 0.0, 0.0, 0.03, 0.394, -0.394, 0.394, -0.394, 0.0, 0.536
47.83420395851135, 0.542, 0.0, 0.0, 0.0, 0.0, 0.0, 0.0, 0.03, 0.394, -0.394, 0.394, -0.394, 0.0, 0.536
47.882413148880005, 0.542, 0.0, 0.0, 0.0, 0.0, 0.0, 0.0, 0.03, 0.394, -0.394, 0.394, -0.394, 0.0, 0.536
47.93057417869568, 0.542, 0.0, 0.0, 0.0, 0.0, 0.0, 0.0, 0.03, 0.394, -0.394, 0.394, -0.394, 0.0, 0.539
47.97883129119873, 0.542, 0.0, 0.0, 0.0, 0.0, 0.0, 0.0, 0.03, 0.394, -0.394, 0.394, -0.394, 0.0, 0.542
48.043105125427246, 0.542, 0.0, 0.0, 0.0, 0.0, 0.0, 0.0, 0.03, 0.394, -0.394, 0.394, -0.394, 0.0, 0.544
48.09133315086365, 0.542, 0.0, 0.0, 0.0, 0.0, 0.0, 0.0, 0.03, 0.394, -0.394, 0.394, -0.394, 0.0, 0.547
48.13952422142029, 0.542, 0.0, 0.0, 0.0, 0.0, 0.0, 0.0, 0.03, 0.394, -0.394, 0.394, -0.394, 0.0, 0.549
48.18772315979004, 0.542, 0.0, 0.0, 0.0, 0.0, 0.0, 0.0, 0.03, 0.394, -0.394, 0.394, -0.394, 0.0, 0.55
48.2358820438385, 0.542, 0.0, 0.0, 0.0, 0.0, 0.0, 0.0, 0.03, 0.394, -0.394, 0.394, -0.394, 0.0, 0.55
48.300175189971924, 0.542, 0.0, 0.0, 0.0, 0.0, 0.0, 0.0, 0.03, 0.394, -0.394, 0.394, -0.394, 0.0, 0.552
48.34837508201599, 0.542, 0.0, 0.0, 0.0, 0.0, 0.0, 0.0, 0.03, 0.394, -0.394, 0.394, -0.394, 0.0, 0.552
48.39650630950928, 0.542, 0.0, 0.0, 0.0, 0.0, 0.0, 0.0, 0.03, 0.394, -0.394, 0.394, -0.394, 0.0, 0.552
48.444799184799194, 0.542, 0.0, 0.0, 0.0, 0.0, 0.0, 0.0, 0.03, 0.394, -0.394, 0.394, -0.394, 0.0, 0.552
48.49300408363342, 0.542, 0.0, 0.0, 0.0, 0.0, 0.0, 0.0, 0.03, 0.394, -0.394, 0.394, -0.394, 0.0, 0.552
48.557271242141724, 0.542, 0.0, 0.0, 0.0, 0.0, 0.0, 0.0, 0.03, 0.394, -0.394, 0.394, -0.394, 0.0, 0.552
48.60538601875305, 0.542, 0.0, 0.0, 0.0, 0.0, 0.0, 0.0, 0.03, 0.394, -0.394, 0.394, -0.394, 0.0, 0.552
48.65356922149658, 0.542, 0.0, 0.0, 0.0, 0.0, 0.0, 0.0, 0.03, 0.394, -0.394, 0.394, -0.394, 0.0, 0.552
48.701762199401855, 0.542, 0.0, 0.0, 0.0, 0.0, 0.0, 0.0, 0.03, 0.394, -0.394, 0.394, -0.394, 0.0, 0.552
48.750009298324585, 0.542, 0.0, 0.0, 0.0, 0.0, 0.0, 0.0, 0.03, 0.394, -0.394, 0.394, -0.394, 0.0, 0.552
48.79814410209656, 0.542, 0.0, 0.0, 0.0, 0.0, 0.0, 0.0, 0.03, 0.394, -0.394, 0.394, -0.394, 0.0, 0.552
48.86241102218628, 0.542, 0.0, 0.0, 0.0, 0.0, 0.0, 0.0, 0.03, 0.394, -0.394, 0.394, -0.394, 0.0, 0.552
48.91060519218445, 0.542, 0.0, 0.0, 0.0, 0.0, 0.0, 0.0, 0.03, 0.394, -0.394, 0.394, -0.394, 0.0, 0.552
48.95880722999573, 0.542, 0.0, 0.0, 0.0, 0.0, 0.0, 0.0, 0.03, 0.394, -0.394, 0.394, -0.394, 0.0, 0.552
49.007023096084595, 0.542, 0.0, 0.0, 0.0, 0.0, 0.0, 0.0, 0.03, 0.394, -0.394, 0.394, -0.394, 0.0, 0.552
49.05521512031555, 0.542, 0.0, 0.0, 0.0, 0.0, 0.0, 0.0, 0.03, 0.394, -0.394, 0.394, -0.394, 0.0, 0.552
49.119415044784546, 0.542, 0.0, 0.0, 0.0, 0.0, 0.0, 0.0, 0.03, 0.394, -0.394, 0.394, -0.394, 0.0, 0.552
49.16764211654663, 0.542, 0.0, 0.0, 0.0, 0.0, 0.0, 0.0, 0.03, 0.394, -0.394, 0.394, -0.394, 0.0, 0.552
49.21588921546936, 0.542, 0.0, 0.0, 0.0, 0.0, 0.0, 0.0, 0.03, 0.394, -0.394, 0.394, -0.394, 0.0, 0.552
49.26399898529053, 0.542, 0.0, 0.0, 0.0, 0.0, 0.0, 0.0, 0.03, 0.394, -0.394, 0.394, -0.394, 0.0, 0.552
49.31226134300232, 0.542, 0.0, 0.0, 0.0, 0.0, 0.0, 0.0, 0.03, 0.394, -0.394, 0.394, -0.394, 0.0, 0.552
49.37647795677185, 0.542, 0.0, 0.0, 0.0, 0.0, 0.0, 0.0, 0.03, 0.394, -0.394, 0.394, -0.394, 0.0, 0.552
49.42465305328369, 0.542, 0.0, 0.0, 0.0, 0.0, 0.0, 0.0, 0.03, 0.394, -0.394, 0.394, -0.394, 0.0, 0.552
49.47286319732666, 0.542, 0.0, 0.0, 0.0, 0.0, 0.0, 0.0, 0.03, 0.394, -0.394, 0.394, -0.394, 0.0, 0.552
49.52107214927673, 0.542, 0.0, 0.0, 0.0, 0.0, 0.0, 0.0, 0.03, 0.394, -0.394, 0.394, -0.394, 0.0, 0.552
49.56933307647705, 0.542, 0.0, 0.0, 0.0, 0.0, 0.0, 0.0, 0.03, 0.394, -0.394, 0.394, -0.394, 0.0, 0.552
49.61756920814514, 0.542, 0.0, 0.0, 0.0, 0.0, 0.0, 0.0, 0.03, 0.394, -0.394, 0.394, -0.394, 0.0, 0.552
49.68179893493652, 0.542, 0.0, 0.0, 0.0, 0.0, 0.0, 0.0, 0.03, 0.394, -0.394, 0.394, -0.394, 0.0, 0.552
49.73002290725708, 0.542, 0.0, 0.0, 0.0, 0.0, 0.0, 0.0, 0.03, 0.394, -0.394, 0.394, -0.394, 0.0, 0.552
49.77815508842468, 0.542, 0.0, 0.0, 0.0, 0.0, 0.0, 0.0, 0.03, 0.394, -0.394, 0.394, -0.394, 0.0, 0.552
49.82633113861084, 0.542, 0.0, 0.0, 0.0, 0.0, 0.0, 0.0, 0.03, 0.394, -0.394, 0.394, -0.394, 0.0, 0.552
49.874531269073486, 0.542, 0.0, 0.0, 0.0, 0.0, 0.0, 0.0, 0.03, 0.394, -0.394, 0.394, -0.394, 0.0, 0.552
49.93887519836426, 0.542, 0.0, 0.0, 0.0, 0.0, 0.0, 0.0, 0.03, 0.394, -0.394, 0.394, -0.394, 0.0, 0.552
49.987080097198486, 0.542, 0.0, 0.0, 0.0, 0.0, 0.0, 0.0, 0.03, 0.394, -0.394, 0.394, -0.394, 0.0, 0.552
50.035245180130005, 0.542, 0.0, 0.0, 0.0, 0.0, 0.0, 0.0, 0.03, 0.394, -0.394, 0.394, -0.394, 0.0, 0.552
